text,true_label,predicted_label
mình thách 24h nói người bảo are thử thách biến thành bé,neutral,neutral
đỉnh,praise,neutral
top1 trending thui,neutral,neutral
50tr view rồi,neutral,neutral
đen vâu ơi beat nhạc bản không xin chia sẻ mọi người mình muốn hát bài chúc mọi người năm mới 2021 bình an mạnh khỏe hạnh phúc xin cảm on 112021 jp,neutral,neutral
cảm ơn tất,neutral,neutral
tháng 23 lần nhà quê trà vinh quận 7,neutral,neutral
bài hát tuyệt,praise,neutral
đường nhà tim dẫu nắng mưa gần xa thất bát vang danh nhà luôn chờ đường nhà tim dẫu muôn trùng vật đổi dời nhà luôn nhà lao vào đời mà kiếm cơm lao vào đời tìm cơ hội những thành thị thường lấp lánh còn đêm thành thị thường trơ trọi như mọi đứa trẻ khác lớn lên muốn xa hoài nhà thì vẫn ở yên đó đợi những đứa ngoài bước ngoài mới biết không ở đâu bằng ở nhà biết có gì để mất trước sẵn sàng mở quà không phải là võ sĩ nhưng mà phải giỏi đấu đá nhiều kiệt sức chỉ vì gắng giữ mình không xấu xa đôi lúc bỗng thấy đồng cảm với mai an tiêm bước chân là sóng gió chỉ có nhà mãi an yên ngoài phức tạp như rễ má và dây mơ về nhà để có lúc phép mình được ngây thơ mang bao nao nức xe trọn niềm thao thức suốt đêm ngày dòng người phố mang sắc mai hương đào tìm nơi ấm êm đường nhà tim dẫu nắng mưa gần xa thất bát vang danh nhà luôn chờ đường nhà tim dẫu muôn trùng vật đổi dời nhà luôn nhà về ngôi nhà có góc vườn nhiều chó nhiều gà đám bạn nói khó chiều và lại thích gió trời hơn gió điều hoà về ăn cơm mẹ nấu về mặc áo mẹ may về đưa ba chợ mua cây đào cây mai về bày cả năm trời làm việc nhiều rã rời như cái máy về nhà thấy áp lực nhẹ như bấc thổi cái là bay ấm êm hơn bếp lửa ngọt bùi hơn lúa non nhà vẫn luôn ở đó mong chờ những đứa dẫu mưa nắng không bao giờ nề hà hạnh phúc chỉ đơn giản là còn được về nhà hạnh phúc về nhà cô đơn về nhà thành công về nhà thất bại về nhà mệt quá về nhà mông lung về nhà chênh vênh về nhà không có việc gì vậy thì về nhà không nhà nhà nhà đường nhà tim dẫu nắng mưa gần xa thất bát vang danh nhà luôn chờ đường nhà tim dẫu muôn trùng vật đổi dời nhà luôn nhà nhà thể lớn thể nhỏ thể không khang trang cha mẹ muốn sống đàng hoàng lớn người mong tương lai xán lạn cặm cụi đời không bao giờ thấy than van đường nhà tim dẫu nắng mưa gần xa thất bát vang danh nhà luôn chờ đường nhà tim dẫu muôn trùng vật đổi dời nhà luôn nhà,praise,neutral
hơn yêu,praise,neutral
tb,neutral,neutral
low cortisol chil,neutral,neutral
sắp tết rồi xa quê sáng sớm dậy nghe bài thấy nhớ nhà cố gắng tết 2027 nhà ba mẹ,neutral,neutral
năm nay có một cuộc trở về nhà khácnhưng là bóng đáronaldo và lukaku đã trở về mái nhà xưalà manchester united và chelsea,neutral,neutral
mê bài nay,praise,neutral
sắp tết 202 rồi xem chúc ae tết 202 vui vẻ nhìu sức khỏe nha,praise,neutral
2026 nghe không,neutral,neutral
nhà lới ấm áp nhất để,neutral,neutral
xem xem,neutral,neutral
từ thầy giáo ba 3,neutral,neutral
lẽ hơn yêu,praise,neutral
đấy anh 1 like,neutral,neutral
nghiện luôn rồi,neutral,neutral
anh den oi,neutral,neutral
cảm xúc em chưa lần đặt tên,neutral,neutral
nghe bài nhớ tết năm rồi,neutral,neutral
xa lần nghỉ nhà cảm giác lạ ngày tết chỉ mong thật nhanh thật nhanh thôi,praise,neutral
bài việt nam 6 năm trước rồi,neutral,neutral
anh rap hi,neutral,neutral
quê vĩnh phúc nèe,neutral,neutral
actuali edit put low cholesterol song hahaha,neutral,neutral
bài hát chưa mv của 1 ca sỹ nào nào đưa thông tin 2 bạn trai yêu nhau 1 sự đặc biệt không hề nhẹ,praise,neutral
khóc,neutral,neutral
năm như thế phải nhà gia đình,neutral,neutral
sắp sang năm mới rồi nghe không nhỉ,neutral,neutral
nghe suy nghĩ cuộc tình chúng mình thu thủy hưng yên anh muốn mãi mãi trở thành 01 cuộc tình huyền thoại dĩ vắng tuy nhiên ngay anh không thể kìm ném nữa bé bé nhớ không đầu tháng 8 năm 209 anh vô tình nhận cuộc gọi nhỡ số điện thoại lạ chính số lạ để anh phải ngoài cửa lớp học 01 tiết lịch sử sau tan học gọi luôn định chửi nghe giọng nhẹ giọng bên nhẹ nhàng dễ thương tất mọi thứ như tan biến chỉ câu quen tâm sựdần dần yêu không biết anh nhớ mình hứa nhau học đại học trường sau trường nhau không phải hà giang không phải hưng yên lẽ sức khỏe bé không tốt chúng mình chọn miền nam 23 cuộc đời mình hứa nhau nhận nuôi bé bệnh chưa chắc mang thai bé sợ lạnhanh nhớ đầu tháng 2 năm 2010 bé định sang nước ngoài anh khóc muốn bay thẳng cột cờ lũng cú sân bay nội bài để bắt xe hưng yên may bé không đithời nhỉ người tình chưa biết mặt cách nhau gần 60 cây yêuchính bé động lực để chàng trai núi rừng quyết tâm thi đh hà nội để gần bé gặp bé lần đầu tiên cuối tháng 6 năm 2010 người rừng bỏ núi rừng để thủ đô dự thi đúng ngày lẽ kỷ niệm 10 năm thăng long hà nội người rừng thủ đô để thực hiện ước mơ học chuyên nghiệp để thực hiện ước mơ gặp đócũng tháng 12 năm 2010 người rừng thực hiện ước mơ gặp công chúa tại ngã ba bần hưng yên rồi đạp xe đạp mình yêu bao lâu rồi nhỉ không nhớ nữa,praise,neutral
tv bùn bút định sin cgv việt nam fb n,neutral,neutral
hm người vô gia cư,neutral,neutral
2 tháng nữa quê đón tết ba mẹ rồi,neutral,neutral
chị không rap luôn chất,neutral,neutral
sợ thật cứ lần lượt view tăng chóng mặt,criticism,neutral
tạm biết 2020 1 năm mất thứ xin chào 2021 mong 1 năm luôn vui vẻ,neutral,neutral
song ca a đen vâu jui,neutral,neutral
323 giọng cao,neutral,neutral
10h57 572021 yêu chú 3,praise,neutral
tui không định khóc tại anh phúc đóo huhu,neutral,neutral
mình hỏi khúc cuối bài,neutral,neutral
coi súc động vừa vui kh,praise,neutral
không zing mp3 chán,neutral,neutral
khóc xem mv bài hát thật sự ý nghĩa,neutral,neutral
khắc hưng phối nhạc nghe bản ba láp kh phối êm tay nghe,neutral,neutral
អរគុណអ្នកស្រីវៀតណាម កម្រិត cortisol របស់ខ្ញុំបានចុះថយហើយ។,neutral,neutral
lần gần tết nghe bài,neutral,neutral
ngày mình mới đời xa nhà xa ba mẹ cứ nghe bài hoài sợ dịch không nhà muốn khóc,criticism,neutral
tết hết đường nhà rồi dịch,neutral,neutral
bài gái ei ngày repeat chục lần mới chịu,neutral,neutral
tik tok đưa mk nghiện bài,praise,neutral
có từ top coments đến như t không,neutral,neutral
nghe nhạc 2 sếp mua vé luôn,neutral,neutral
nghe hoài không chán lần nghe lòng cứ bồi hồi mắt cứ dưng dưng cảm xúc lẫn lộn,neutral,neutral
nhà nơi dù xa bao nhiêu dù bôn ba cỡ chúng muốn quay về3,neutral,neutral
mv ý nghĩa như thế mấy cmt from không liên quan tới mv cmt thế chi gạch đá xinh nhận ạ,neutral,neutral
know love song love much,praise,neutral
team from việt nam to hơn yêu,praise,neutral
sự kết hợp hoàn hảo,neutral,neutral
lmao even chang video titl low cortisol song,neutral,neutral
càng nghe càng,neutral,neutral
nghe thấy,neutral,neutral
82 kon tum hk,neutral,neutral
anh đức phúc ơi thiếu em nữa em cô đơn 10 năm rồi,criticism,neutral
nhớ nhà,neutral,neutral
bài hát nghe suốt mấy năm nay,neutral,neutral
nè,neutral,neutral
anh đức phúc hát quá thấy thì tim,neutral,neutral
nghe mik khóc luôn,neutral,neutral
bây giờ mới thấy đứcphúc lạ,neutral,neutral
ý nghĩa,neutral,neutral
t 1 đồng xu bất cứ 1 bài hát việt nam ghép video gái anime lắc không t 3 đồng xu mặc dù không kì lạ xảy 3 lần,neutral,neutral
mv xúc độngsâu lắngnhạc ý nghĩa,neutral,neutral
tết,neutral,neutral
muốn nhma hoàn cảnh không phép,neutral,neutral
mv ý nghĩa lấy ý tưởng cặp đôi hạnh phúc ước mình hạnh phúc như cặp đôi mv,neutral,neutral
kỳ tài thách đấu xem mới nhận vợ chồng cô minh lý nữa người quen cách 4 năm cảm động 3,neutral,neutral
hơn yêu hơn,praise,neutral
cao hơn núi dài hơn sông rộng hơn đất xanh hơn trời đoạn truyệt hihi ý kiến mng,neutral,neutral
sắp 70m rồi,neutral,neutral
ý nghĩa,neutral,neutral
cortisol level catastrhophicali low,neutral,neutral
bài hát thật sự đáng iu ạ,neutral,neutral
mv bài hát ý nghĩa truyền tải thông điệp tích cực chúc mừng đp,neutral,neutral
bài hát ạ,neutral,neutral
anh tài ơi,neutral,neutral
chúc mv sinh nhật 1 tuổi nha 181220213,neutral,neutral
cảm giác bồi hồi nhớ nhung lồng ngựcchỉ muốn nhà thật sớm để đoàn tụ gia đình,neutral,neutral
phúc ơi xem xong chỉ pk nói phúc tuyệt dựng mv,praise,neutral
low cortisol,neutral,neutral
318 ôi đam mỹ kìa tui chớt mết,neutral,neutral
chú đen ơi chú để râu mọc tự nhiên ạ phải dùng thuốc bôi không ạ,neutral,neutral
mọi người kênh mình ủng hộ mình ạ nhà mình nghèo,neutral,neutral
bài hát đám cưới hợp,neutral,neutral
mv thật ấm áp nghe hoài không chán luôn,neutral,neutral
mình cày view mv phúc thực sự tuyệt vời,praise,neutral
bài hát thật ấm áp ý nghĩanghe thấy nhớ nhà nhớ quê hương cảm giác tết sắp hồi hộp náo nức nhà cảnh mong sớm nhà mình,neutral,neutral
hình như hai anh hun nhau anh sang anh mixh tiktok đúng không mọi người,neutral,neutral
sau the masked singer mình mới biết đức phúc mê luôn sự chân thành đáng yêu như bài hát,praise,neutral
chúc mừng đức phúc,neutral,neutral
bài anh thía quán ăn cứ tầm 9h30 toàn mở để đuổi khách huhu,neutral,neutral
nhớ tết,neutral,neutral
không hiểu nghe bài,neutral,neutral
vãi chưởng,neutral,neutral
danc remov al stre lower cortisol,neutral,neutral
cãi nhau người yêu xem càng xúc động tình yêu cao bao dung lâu bền luôn tồn tại,praise,neutral
bài hát trường mik đề thi học kì 1 lớp 12,neutral,neutral
chào đón 2021chúc mọi người 12 tháng phú quý 365 ngày phát tài 8760 giờ sung túc 52560 phút thành công 315360 giây vạn sự như ý hapy new year,neutral,neutral
song make cri lot meaning,neutral,neutral
bài dth xĩu,neutral,neutral
sáng mở nhạc để đánh thức 2 thằng trai mình 1 đứa 5 tuổi 1 đứa 2 tuổi ông nhóc 2 tuổi cực kì thích bài hát,praise,neutral
cần lời bài hát 0126 0136 lời,neutral,neutral
tình yêu anh luôn thầm lặng không nghĩa không rộng lớn,praise,neutral
lời bài hát chúc mừng 2 anh em,neutral,neutral
2024 rồi nghe,neutral,neutral
nghe ấm lòng ạ,neutral,neutral
không tốt hơn nhà nơi mình cảm giác an toàn nhất,neutral,neutral
kỳ tài thách đấu wa không,neutral,neutral
nhớ em thôi,neutral,neutral
nhà luôn nhà,neutral,neutral
kính dior erik mn,neutral,neutral
nghe nghe lần không chán,neutral,neutral
bài hát,neutral,neutral
replay không biết bao nhiêu lần 2 sự kết hợp thật tuyệt lời giai điệu dễ nghe lời nhạc giản dị chân thật giọng truyền cảm xúc tuyệt,praise,neutral
lái xe an toàn nhà thôi,neutral,neutral
hết dịch hãy nhà,neutral,neutral
quê bắc ninh,neutral,neutral
nhờ mv mk mua winerx sử dụng thực sự hài lòng bài hát tuyệt vời a đen,praise,neutral
27122021 rồi mọi người ơi sắp được về nhà rồi,neutral,neutral
năm nay xa nhà thật rồi ạ,neutral,neutral
low cortisol,neutral,neutral
2019 yêu không 2020 hơn yêu 2021 chết yêu 202 yêu em muôn đời 2023 vạn kiếp yêu em 2024 yêu em xuyên không gian nguồn cmt mv vài tự nghĩ,praise,neutral
mấy tháng nữa quân nghe bài cảm thấy sự hạnh phúc gia đình sau 2 năm chờ đợi chuyến du lịch tour 2 năm sắp kết thúc rồi ráng thôi 6 tháng nữa,neutral,neutral
bài mình mới biết tối cổ vãi,neutral,neutral
la la không đưa e v e tự,neutral,neutral
nhạc khúc cuối bài z mọi ng,neutral,neutral
anh em dịch rồi nhà mọi người ơi,neutral,neutral
317 nhợn vl,neutral,neutral
hơn yêu xuyên tea trần minh tâm bên nhau 7 năm 20132020,praise,neutral
10tr rồi,neutral,neutral
nhà dễ như nói chắc tui 10 lần rồi,neutral,neutral
đồng nai,neutral,neutral
chị ơi,neutral,neutral
thấy ấm áp ngày cày chừng 20 lần haha,neutral,neutral
đen vâu nhin như người nhật ý chuc em luôn sức khỏe va luôn bai ý nghĩa nha,neutral,neutral
vừa nghe clip quỳnh anh đám cưới duy mạnh luôn,neutral,neutral
luôn ạ,neutral,neutral
bài triệu like thui,neutral,neutral
vlt mở bài hát,neutral,neutral
anh đừng buồn mọi người luôn bên anh,criticism,neutral
anh nhớ tìm gái nhé lời mẹ nóinhanh tìm gái nhờ khâu,neutral,neutral
2024 bác đen ơi,neutral,neutral
ae like mạnh,neutral,neutral
29 tết tớ quay nhé,neutral,neutral
không biết nói hơn haynghe ấm lòng hẳn chỉ muốn nhảy mặt hình,neutral,neutral
đường nhà tim 3,neutral,neutral
bài 15n người dislike thế nhờ,neutral,neutral
creat peak song al time,neutral,neutral
covid song,neutral,neutral
bài hát tuyệt vời,praise,neutral
ngày loay hoay ctchtđom đóm tủi nhà 3,neutral,neutral
ý nghiaz,neutral,neutral
ý nghĩa,neutral,neutral
sắp tết are nghe không ạ,neutral,neutral
mv ý nghĩa cảm động luôn huhu xem khóc tutu,neutral,neutral
sự kết hợp hoàn hảo,neutral,neutral
buồn không anh độ mixi,criticism,neutral
ạ mong video mang giai điệu truyền thống lời rap ý nghĩ ạ sưởi ấm trái tim mình luôn ý ạ,neutral,neutral
nghe dần bây giờ chuẩn quê ăn tết giờ chắc kịp ha,neutral,neutral
đức phúc sáng tác,neutral,neutral
nguyễn đức phúc,neutral,neutral
vinh 2k2 tiền giang,neutral,neutral
chỉ 6 tháng nữa thôi được nhà rồi,neutral,neutral
hơn yêu ghét,neutral,neutral
nghe bài nhớ nhớ tết 2021 nợ 70tr sg không chỗ ba kiu nhà ba trả nợ are cuộc đời nghe bài cảm giác bồi hồi kí ức ùa,neutral,neutral
song 6 year ago cristol low,neutral,neutral
chuẩn,neutral,neutral
bài hát ý nghĩa nhạc để nghe không phải nhạc để chạy viu,neutral,neutral
ấm áp lần nghe thấy vui vẻ nhẹ nhõm,praise,neutral
cán mốc 10m sau 280 ngày,neutral,neutral
9121 nhớ nhà mở nghe sắp tết rồi nhớ lạnh,neutral,neutral
honda winer x,neutral,neutral
low cortisol,neutral,neutral
chuyện tình nam mỹ ak,neutral,neutral
v mười mấy nghìn đứa dislike,neutral,neutral
tâm trạng phức tạp hổn độn tâm tư suy nghĩ càng ngày càng tiêu cực khóc thật lớn nước mắt chảy tuôn tuôn như mág xối không ngăn nổi buồn buồn chênh vênh chóng vánh muốn ngay liền nhà đường nhà ôi xa,praise,neutral
anh yêu em như không anh,praise,neutral
chú đen rừng biển rồi bây giờ nhà thôi,neutral,neutral
biết khúc cuối nhạc chuông bài không ạ,neutral,neutral
xanh hơn trời,neutral,neutral
em hỏi anh,neutral,neutral
hơn yêu,praise,neutral
đức phúc nhà nta không bh mình thất vọng,neutral,neutral
bài tết chắc chắn nơi đều bật v,neutral,neutral
thank much,neutral,neutral
dont understand lyric song favourit track list,neutral,neutral
im loke english subtitl song genuin poetri comun understod t eliot,neutral,neutral
mv chắc quay hơn 1 năm trước hồ hoài anh lưu hương giang ly dị lâu rồi,neutral,neutral
nghiện bài cmn rồi,praise,neutral
dù fan huơng giang phải công nhận bài nay v lìn,neutral,neutral
nhạc ca sĩ tuyệt mv ý nghĩa vừa xem vừa nghe khóc,praise,neutral
117 venom xuất hiện,neutral,neutral
play 125x speed umaz experi,neutral,neutral
thiệt tải máy để nghe mọi mọi nơi rồi mạng tranh thủ onl để tăng view bài hát thật ý nghĩa bình yên 3,neutral,neutral
1 triệu sub rồi nhà ơi chúc mừng a phúc 3,neutral,neutral
dạo hot trời luôn,neutral,neutral
mở tốc độ 125 cảm nhận v,neutral,neutral
1 năm trôi thiệt nhanh,praise,neutral
bài hát dễ thương mv xinh mong hiệu ứng tốt,praise,neutral
anh hát quáluôn ủng hộ anh,neutral,neutral
đoạn đầu xĩu,neutral,neutral
zing mp3 anh,neutral,neutral
sắp tết are bật bài đón tết hết ý,neutral,neutral
song reduc high cortisol,neutral,neutral
slow 120x,neutral,neutral
sáng giờ nghe hơn 4 tiếng đồng hồ 3,neutral,neutral
180iq titl chang,neutral,neutral
tự nhiên biết bài coi mấy clip lắc lắc mấy ông nước ngoài,neutral,neutral
chúc mừng ạ,neutral,neutral
tin chúng dù sớm muộn dù trải hạnh phúc chia ly cuối đều tìm hạnh phúc riêng mình,neutral,neutral
reali chang titl song,neutral,neutral
chuẩn tết rồi,neutral,neutral
2024 xem,neutral,neutral
cortisol drop faster sr71,neutral,neutral
96 tr cố chú 333,neutral,neutral
đoạn điệp khúc nghe giống i ned a girl taeyang vãi nồi hm,neutral,neutral
lgbt toàn cặp đôi hot không hà,neutral,neutral
sắp hết năm nữa rồi mong mọi tốt đẹp năm 202,praise,neutral
sắp 90n lượt đăng ký rồi bác phúc ơi,neutral,neutral
tuyệt vời,praise,neutral
cảm xúc,neutral,neutral
nhạc cực,neutral,neutral
áo len đức phúc mặc hình ban nhạc quen huyền thoại,neutral,neutral
like watch mona lisa get paint,praise,neutral
nghe bài hát như chữa lành,neutral,neutral
ước côvid hết để quê,neutral,neutral
uiđúng lầy gia đinh em thành thấy em thành quen quen gogle check tên thật erik mới biết,neutral,neutral
bài hát,neutral,neutral
sắp chào đón tết 202 rồi,neutral,neutral
đừng đảo mèo rồi đăng ảnh mình bonus mèo nha anh,neutral,neutral
bài tao đéo cần đen top on the mic,neutral,neutral
chúc mừng kênh phúc nha nút vàng rồi,neutral,neutral
find love girl start learn vietnames speak vietnames sing song preti sure one song preti much describ fele toward great new year 2024,praise,neutral
nghe nhạc việt cơ bản nhạc việt đa số bài tình yêu buồnriêng bài không buồn đủ hayđủ í nghĩa cảm ơn,praise,neutral
đức phúc,neutral,neutral
nghe nhạc nghĩ tới tk nyc tồi,criticism,neutral
bài hát em cảm ơn anh em nghe bài ngày ạ,neutral,neutral
tuyệt vời,praise,neutral
hơn yêu yêu hơn,praise,neutral
chị ơi 3,neutral,neutral
like để trở top 1,neutral,neutral
2026 không mong tất bình an,neutral,neutral
miệng đức phúc dần giống ngày xưa,neutral,neutral
hnhu o bartender trg mv ông nam kênh quyên nam station nhể,neutral,neutral
bả hát cos đẹp nx,praise,neutral
nói lịch học bù cao hơn núi dài hơn sông rộng hơn đất xanh hơn trời chắc không nổi 1 like,neutral,neutral
anh đức phúc vừa đẹp trai hát,praise,neutral
321 ông nam đk v,neutral,neutral
dễ thương,praise,neutral
mình không rõ thanh nhạc bài bài đối mình bài phân bổ đoạn tệ nhất phúc mình đắt giá nhất bài hát đoạn tình yêu anh giai điệu đẹp thông điệp đẹp tới phần 2 lặp phần mở đầu tới 2 lần mình mệt chán tới tận cổ giai điệu ru ngủ phần đắt giá nhất chỉ lặp 2 lần thông suốt bài hát giai điệu đẹp bắt tai đối mình phần mình không muốn nghe lặp phần mình muốn nghe chỉ như điểm điểm mình bài hát sự thất bại hy vọng tương lai nghe hơn bài hát phúc,praise,neutral
bà hòa mặn,neutral,neutral
mv ý nghĩa,neutral,neutral
top 1 rồi huhu đức phúc giỏi 3,praise,neutral
bánh tét không ăn hết chia bánh chưng chiên ăn mớ trứng gà vỡ không đấy nhớ bỏ tủ lạnh kẻo ủng quần áo chớ vứt lung tung cuối tuần nhớ giặt mấy áo đứt khuy mẹ đơm rồi đấy nhanh tìm gái để nhờ người khâu cạo râu nhờ già hơn bố cậu rồi đường nhớ mặc áo khoác để bớt đen kiếm cơm nhớ đừng quên ăn cơm mệt xe honda vèo nhà mẹ nuôi,neutral,neutral
rơi nước mắt,neutral,neutral
công nhận video ý nghĩa,neutral,neutral
vietnam,neutral,neutral
tới mùa tăng view ròi đồng âm ơi loading2026,neutral,neutral
bài hát mv thực sự ý nghĩa càng thương trường giang nhã phương sau câu chuyện phút chót mới gửi clip mv chắc chắn thành công 3,praise,neutral
đê,neutral,neutral
chuẩn tết 2023 rồi ae ơi,neutral,neutral
hay,neutral,neutral
khoan nhà,neutral,neutral
không cặp sơn tùng thiều bảo trâm hihi,neutral,neutral
nghe nhớ nhà ghê,criticism,neutral
bao giờ mình mới kể câu chuyện chính mình nhỉ,neutral,neutral
giọng a te nghe,neutral,neutral
24 người quen,neutral,neutral
bài,neutral,neutral
im argentinaand dont understand fel voic amaz,neutral,neutral
giỏi chàng trai chị,praise,neutral
đường nhà tim dẫu nắng mưa gần xa thất bát vang danh nhà luôn chờ đường nhà tim dẫu muôn trùng vật đổi dời nhà luôn nhà lao đời kiếm cơm lao đời tìm cơ hội thành thị thường lấp lánh đêm thành thị thường trơ trọi như mọi đứa trẻ khác lớn muốn xa hoài nhà yên đợi đứa ngoài bước ngoài mới biết không bằng nhà biết để mất trước sẵn sàng mở quà không phải võ sĩ phải giỏi đấu đá kiệt sức chỉ gắng giữ mình không xấu xa đôi bỗng thấy đồng cảm mai an tiêm bước chân sóng gió chỉ nhà mãi an yên ngoài phức tạp như rễ má dây mơ nhà để phép mình ngây thơ mang bao nao nức xe trọn niềm thao thức suốt đêm ngày dòng người phố mang sắc mai hương đào tìm nơi ấm êm đường nhà tim dẫu nắng mưa gần xa thất bát vang danh nhà luôn chờ đường nhà tim dẫu muôn trùng vật đổi dời nhà luôn nhà ngôi nhà góc vườn chó gà đám nói khó chiều thích gió trời hơn gió hoà ăn cơm mẹ nấu mặc áo mẹ may đưa ba chợ mua cây đào cây mai bày năm trời rã rời như máy nhà thấy áp lực nhẹ như bấc thổi bay ấm êm hơn bếp lửa ngọt bùi hơn lúa non nhà luôn mong chờ đứa dẫu mưa nắng không bao giờ nề hà hạnh phúc chỉ đơn giản nhà hạnh phúc nhà cô đơn nhà thành công nhà thất bại nhà mệt nhà mông lung nhà chênh vênh nhà không nhà không nhà nhà nhà đường nhà tim dẫu nắng mưa gần xa thất bát vang danh nhà luôn chờ đường nhà tim dẫu muôn trùng vật đổi dời nhà luôn nhà nhà thể lớn thể nhỏ thể không khang trang cha mẹ muốn sống đàng hoàng lớn người mong tương lai xán lạn cặm cụi đời không bao giờ thấy than van đường nhà tim dẫu nắng mưa gần xa thất bát vang danh nhà luôn chờ đường nhà tim dẫu muôn trùng vật đổi dời nhà luôn nhà,praise,neutral
bài hát nhất mình nghe,neutral,neutral
giờ nghe bài không,neutral,neutral
tết rồi nhà thôi,neutral,neutral
1 năm trôi,neutral,neutral
thề bài hát anh đức phúc hếtđây 1 mv thật sự ý nghĩa mùa valentine luôn,neutral,neutral
xem thấy cảm động,neutral,neutral
hơn yêu thương,praise,neutral
ối dồi ôi hồ hoài anh không,neutral,neutral
ông nam bar kìa0,neutral,neutral
vu han love top1 trend,praise,neutral
kết hôn yêu nhau mak chỉ riêng phúc chưa,praise,neutral
chị hát,neutral,neutral
6 năm 1 bài hát viral,neutral,neutral
2 năm rồi chưa ăn tết gia đình nghe bài rưng rưng nước mắt,neutral,neutral
anh yêu em thế thôi,praise,neutral
bài xĩu,neutral,neutral
gọng kính erik không,neutral,neutral
nhà,neutral,neutral
ý nghĩa,neutral,neutral
lạ ha bài 1 triệu like chưa 1tr like bài are mọi người cày like bài 1tr like ik hợp,neutral,neutral
yê top1 are,neutral,neutral
i love lgbt very much chị hương giang les giờ gay,neutral,neutral
hết hôm ni mai nhà rồi,neutral,neutral
love song,praise,neutral
thêm 1 bài chấn đọng việt nam tiktok chị ơi,neutral,neutral
giờ cày view,neutral,neutral
nhớ nhà mong gd luôn mạnh khoẻ,neutral,neutral
hơn nửa tháng nằm tap trending,neutral,neutral
chil đấy anhgợi mong muốn nhànhà tất chúng,neutral,neutral
điển chắc chẳng bao giờ hơn yêu ng nhút nhát chẳng bao h dám mở lời ng mình yêu tương lai mù mịt chẳng ngoại hình không đẹp chẳng bao giờ lòng tin bản thân mình chắc nhìu như mình nhỉ,neutral,neutral
chạnh lòng xen lẫn tủi thân không bít mới hp như,neutral,neutral
quê hải dương,neutral,neutral
take back back home,neutral,neutral
3 chưa xa nhma nghe thấm,neutral,neutral
cày cày cày để top 1 mn ưi,neutral,neutral
xa quê hương nghe nhạc chỉ muốn gặp gia đình,neutral,neutral
đẹp trai đức phúc em hát bài hát ý nghĩa hãy like e top1 trend nhé cảm ơn e,praise,neutral
tết nghe bài đúng hợp t thích bài nỗi hát karaoke hàng xóm thuộc luôn,praise,neutral
bài đức phúc hát đám cưới duy mạnh quynh anh,neutral,neutral
nhớ nhà,neutral,neutral
duc phuc hat hay pua,neutral,neutral
453 bà hòa tít mắt,neutral,neutral
năm mới sắp nhà thoy,neutral,neutral
cứ yên tâm sau tết mv mới phúc,neutral,neutral
1 tr like rồi nhà ơi,neutral,neutral
gần tết rồi ae ạ,neutral,neutral
luôn,neutral,neutral
xem mv ý nghĩa muốn khóc luôn giờ tao mới vát mắt tao xem mv huheo mv mv yêu không,praise,neutral
khóc,neutral,neutral
không tải chị,neutral,neutral
năm 2026 nghe không,neutral,neutral
xem mv muốn khóc thật sự muốn 1 lần nữa gia đình đoàn tụ,neutral,neutral
sau bài ms hiểu tình yêu đích thực 3,praise,neutral
mong dịch bệnh mau để đón năm mới an lành,neutral,neutral
beat nhạc huhu,neutral,neutral
úi dợ3 tui cứ tưởng giọng bả fany á,neutral,neutral
song relax,neutral,neutral
bài hát quảng cáo không tiền nhạc,neutral,neutral
người coment thế,neutral,neutral
đức phúc chưa kề cạnh,neutral,neutral
quãng cáo win x anh đen,neutral,neutral
trốn nợ về nhà,neutral,neutral
idol đam mỹ tik tok kìa,neutral,neutral
sắp tới nữa rồi,neutral,neutral
sắp tết rồi ơi,neutral,neutral
xem xong clip nước mắt rưng rưng,neutral,neutral
bài,neutral,neutral
thích nhạc đen vâu,praise,neutral
nguyễn duyên ngọc,neutral,neutral
hơn yêu cảm thông thấu hiểu chia sẻ hi sinh lắng nghe đồng điệu tâm hồn,praise,neutral
chỉ thích nghe nhạc rap đen thôi ý nghĩa cuộc sống đời thường,praise,neutral
mấy đọc bức thư mv không,neutral,neutral
đen vâu chạy uber chào đồng nghiệp nhé,neutral,neutral
this is so wholesome nhạc mv tuyệt nữa bài hát mình tham lam muốn nghe thêm bản erik hát,neutral,neutral
hôm a hưng yên quay mv a gốc phần hà,neutral,neutral
sắp tết,neutral,neutral
giọng chú đen vâu ạ,neutral,neutral
trẻ hãy sum vầy gia đình hãy nhớ bố mẹ nhà nơi không nữa nhà chỉ nơi nhà thôi,neutral,neutral
nghe cảm giác ấm áp lạ kỳ 3,neutral,neutral
10n dislike số người cô đơn mới chia tay,neutral,neutral
hồ hoài anh mở mv xem liệu gỡ không xui đức phúc,neutral,neutral
sắp 10tr view are,neutral,neutral
ned anoth colab betwen anh den anh te new year 202,neutral,neutral
xem mv khóc luôn,neutral,neutral
anh ơi anh mấy bài ráp giống binz anh,neutral,neutral
team tik sang không,neutral,neutral
army không,neutral,neutral
thiếu nợ nhà yeah,criticism,neutral
mng tranh giành top 1 2 nghe bài mãi mặc dù top 3,neutral,neutral
tớ grab nhé đêm nữ không đưa cứ bok mình nha,neutral,neutral
biết để mất trước sẵn sàng mở quà thấm,neutral,neutral
ca sĩ hang hiệu luôn sản phẩm ca nghe thật êm tai chứ không như ca sĩ vô danh phí âm nhạc,neutral,neutral
xịn xò,neutral,neutral
lâu không nghe giờ nghe nghiện,neutral,neutral
xem mv cảm giác nôn nao muốn voiw gđ qúa lụng năm chỉ muốn tới dịp tết để đón tết sum vầy bên gđ thôi,neutral,neutral
anh thi rap việt anh,neutral,neutral
song make cortisol low,neutral,neutral
sắp tết nữa rồi mọi người ơi,neutral,neutral
top 1 rồi mừng ghê,criticism,neutral
lời bài hát giai điệu đều tai muốn nghe điệp khúc bật cao để thấy lòng trào dâng hạnh phúc như bài hát nhường,neutral,neutral
low cortisol,neutral,neutral
thành công nhà thất bại khỏi nhà,neutral,neutral
tết năm tới đón tết nhỉ nhà nhà 162021,neutral,neutral
bọn dislike tai trâu,neutral,neutral
bài không zing mp3,neutral,neutral
phúc tìm mình 1 ngừoi thôi,neutral,neutral
nhớ nhà,neutral,neutral
thấy,neutral,neutral
rê,neutral,neutral
sắp tết rồi thời gian trôi thật nhanh,praise,neutral
vãi nghe nghe thế 2 tháng nữa mới tết ước ngày mai tết,neutral,neutral
mình khóc xem mv bài hát tuyệt cảm ơn đức phúc,praise,neutral
highkey hot asl,neutral,neutral
oh no trả top 1 trending phúc,neutral,neutral
fel like im one search cortisol song,praise,neutral
low cocortisol,neutral,neutral
đức phúc hi,neutral,neutral
mình nghe gần 30 lần rồi luôn ba mẹ mình anh mình nhà đều ghiền luôn ngày nghe chúc anh thật thành công,praise,neutral
lời bài hát ý nghĩa nghe xong mình chỉ muốn chia sẻ mọi người ngay lập tức,criticism,neutral
lowest cortisol,neutral,neutral
khoái liền,praise,neutral
tachyon pleas stop danc,neutral,neutral
ạfan đức phúc tuy không lâu nhg cn tiếp tục fan anhmong anh bài hát đầy ý nghĩa như vầy nhìu hơn ạ 3,neutral,neutral
người mỹ hơn người việt nữa,neutral,neutral
nhạc tào lao,neutral,neutral
mn ơi tik tok đưa tui nek mn nek kiếm mãi h ms youtube dò chứ vô tik tok không trl,neutral,neutral
thực sự cảm ơn dức phúc,neutral,neutral
tết vui,praise,neutral
from bắc giang with love,neutral,neutral
absolut low cortisol,neutral,neutral
gút chóp,neutral,neutral
lụi tim,neutral,neutral
81 gia lai chào anh em,neutral,neutral
năm 18 tuổi cứ ngỡ nụ cười người yêu đẹp nhất niềm hạnh phúc bản thân năm 23 tuổi mới thấu nụ cười bác tờ polime mới tâm điểm mọi vấn đề cuộc sống,praise,neutral
bánh tét bánh chưng chưa luộc chín v,neutral,neutral
nhớ nhà,neutral,neutral
tia high cortisol song tia low cortisol song,neutral,neutral
chắc m đéo biết t t yêu m 3 army cutes,praise,neutral
2 đứa trẻ nhé,neutral,neutral
tỏ tình cứ ngọt lịm như thế bn gái xinh đổ rạp hết cmnl,praise,neutral
1 năm nữa sắp rồi dịch mãi không hết,neutral,neutral
hơn yêu thương hả,praise,neutral
3 cặp đôi 5 cặp chính ý tưởng mv ý nghĩa phúc giỏi nha,praise,neutral
sắp tết 202 rồi,neutral,neutral
thế,neutral,neutral
tui cày so le mv đ mv đvn,neutral,neutral
345 đỉnh cao thank you âm nhac,praise,neutral
hoan hô đức phúc,neutral,neutral
i love tết ất tỵ,neutral,neutral
không biết nghe không,neutral,neutral
xuất sắc luôn mn ơi nghe xong nhớ người yêu quáa huhu,praise,neutral
mọi người đều nhà để mình không nhà để,neutral,neutral
bây giờ 1 ngày mv lượt xem hơn so mv sơn tùng mv sơn tùng đứng đầu mv đứng thứ 2 nhỉ biết giải thích giùm tớ,praise,neutral
xem mv muốn khóc mình yêu xa mình sài gòn hà nội quen nhau 4th bọn mình sắp gặp nhau cô không chịu yêu xa bọn mình chia tay,praise,neutral
tụt hạng trend are ae ơi,neutral,neutral
vừa c why vừa đọc cmt như mk không nhỉ,neutral,neutral
vỗ tay,neutral,neutral
mv thêm cặp đôi xìnri nữa tuyệt vời tiếc anh xìn kh đọc tn,praise,neutral
bài hát nghe mình khóc nhỉ,neutral,neutral
nhà vượt số view chúng hiện tại sơn tùng chúc mừng đen nha,neutral,neutral
vừa cày chúng hiện tại vừa cày bài nàyhay thực sự,neutral,neutral
bài bài nhất mùa valentine video giúp cặp yêu nhau càng thêm sâu đậm đúng như số thể hơn nữa mãi mãi,praise,neutral
2021 mới phát hiện bài,neutral,neutral
mv ý nghĩa nhất xem đầu năm 2020 tới giờ,neutral,neutral
bài hát ấm áp,neutral,neutral
quê hà nam quê điểm danh,neutral,neutral
17122021bài sắp tròn 1 năm rồi nè nhanh thế,praise,neutral
ý nghĩa,neutral,neutral
hơn yêu thương,praise,neutral
mong tết,neutral,neutral
bài đúng không khí tếtnlun á,neutral,neutral
hic mv thông điệp quảng cáo nhẹ nhàng coi xong muốn kím honda mua,neutral,neutral
gần 10tr rồi cày tiếp thôi,neutral,neutral
ước ngày song ca bài anh đức phúc,neutral,neutral
sắp tết 2026 rồi nghe không ạ,neutral,neutral
nghe xong muốn nhà,neutral,neutral
ý nghĩa,neutral,neutral
nghe bài xong háo hức mong chờ tết để nhà,neutral,neutral
202 rồi nghe không nhỉ,neutral,neutral
1 triệu like mấy câu,neutral,neutral
nghe duc phuc xung dang co 10 ng yeu,neutral,neutral
mình nghe chỉ hơn 10k view nữa tròn 10m rồi thời buổi dịch bệnh nghe nhạc anh đen quả thật cảm động thấm thía,neutral,neutral
gem hỏi anh anh emyêu em nhìu không anh không cbiết phải nói thế để đúng dvới cảm xúc lòng gkhi anh nhìn em anh emthấy cuộc đời anh ckhứ tương lai hiện dtại không bao giờ phai tđk tình emyêu anh bmluôn thầm lặng không cnghĩa dkhông rộng glớn chỉ emanh đôi khó bmnói lời mong em chãy cảm nhận dthôi chorus cao hơn gnúi dài hơn gsông rộng hơn emđất xanh hơn emtrời canh yêu em canh yêu em nhìu thế dthôi vượt ngọn ggió vượt đại gdương vượt emnhững áng mây thiên emđường cdẫu nói bao cảm dgiác anh bây dgiờ lẽ hơn gcả yêu verse 2 ganh nhớ lần đầu emtiên gặp nhau chẳng biết ctrước lần lần dcuối anh yêu người đời ganh không mơ gặp emyêu nữa giờ anh cđã em rồi em dđi hết quãng đường dđời,praise,neutral
ya lao đời và kiếm cơm lao đời tìm cơ hội những thành thị thường lấp lánh còn đêm thành thị thường trơ trọi như mọi đứa trẻ khác lớn muốn xa hoài xa hoài nhà yên đợi đứa ngoài bước ngoài mới biết không bằng nhà nhà biết để mất trước sẵn sàng mở quà mở quà không phải võ sĩ phải giỏi đấu đá kiệt sức chỉ gắng giữ mình không xấu xa đôi bỗng thấy đồng cảm mai an tiêm bước chân sóng gió chỉ nhà mãi an yên ngoài phức tạp như rễ má dây mơ dây mơ nhà để phép mình ngây thơ mang bao náo nức xe trọn niềm thao thức xuân níu đêm ngày dòng người phố mang sắc mai hương đào tìm nơi ấm êm đường nhà tim dẫu nắng mưa gần xa thất bát vang danh nhà luôn chờ đường nhà tim dẫu muôn trùng dẫu muôn trùng vật đổi dời vật đổi dời nhà luôn nhà ngôi nhà góc vườn chó gà đám nói khó chiều thích gió trời hơn gió hoà ah ăn cơm mẹ nấu mặc áo mẹ may đưa ba chợ mua cây đào cây mai bày năm trời rã rời như máy oh nhà thấy áp lực nhẹ như bấc thổi bay thổi cái là bay ấm êm hơn bếp lửa ngọt bùi hơn lúa non nhà luôn mong chờ đứa dẫu mưa nắng không bao giờ nề hà hạnh phúc chỉ đơn giản nhà oh hạnh phúc nhà cô đơn nhà thành công nhà thất bại nhà mệt nhà mông lung nhà chênh vênh nhà không nhà không nhà nhà nhà đường nhà tim dẫu nắng mưa gần xa thất bát vang danh nhà luôn chờ đường nhà tim dẫu muôn trùng vật đổi dời nhà luôn nhà nhà thể lớn thể nhỏ thể không khang trang cha mẹ muốn sống đàng hoàng lớn người mong tương lai sáng lạng cặm cụi đời không bao giờ thấy than vãn đường nhà tim dẫu nắng mưa gần xa thất bát vang danh nhà luôn chờ đường nhà tim dẫu muôn trùng vật đổi dời nhà luôn nhà,praise,neutral
cám ơn anh sáng tác bài hát thật đẹp tình yêu em tin chắc nghe bài đều niềm tin tốt đẹp tình yêu 3,praise,neutral
mình độc thân nhé mọi người,neutral,neutral
hạnh phúc nhà mẹ chờ ba dang rộng cửa như thế đời chẳng quan trọng nữa ò,neutral,neutral
xem video chủ yếu xem winer x,criticism,neutral
thấy ông nam bên namquyen station không,neutral,neutral
em khóc are anh ơi,neutral,neutral
xe thăm ông bà mặc dù mấy tuần nữa tết dương rồi tết âm luôn không hiểu bật bài nghe thấy háo hức đón tết năm nữa trôi không mong cầu hơn sức khỏe ông bà cha mẹ gia đình hàng đều khỏe mạnh,neutral,neutral
low cortisol,neutral,neutral
3tr lượt xem 734n like 12n dislike 108trngười đăng kí đăng ký,neutral,neutral
tuyệt vời anh ơi,praise,neutral
đen chất nhất,neutral,neutral
thành công nhà thất bại nhà mệt mỏi nhà chặn cửa không nhà,neutral,neutral
tự dưng nổi nhỉ,neutral,neutral
như mình cảm thấy bài bài nhất đen không,neutral,neutral
2026 nghe không,neutral,neutral
mùng 29 bắc ninh không quê nghe bài đỡ nhớ,neutral,neutral
hoàng nhà chị giang hồ hoài anh thế,neutral,neutral
không biết nói bài hát tuyệt vời,praise,neutral
sắp tết chúng xe rong ruổi cung đường nhà,neutral,neutral
tình cảm anh dành em tuy không nhìn thấy mong em cảm nhận anh muốn nói em anh không biết nói gặp em anh chỉ biết anh yêu em,neutral,neutral
trăm trịu view rồi đg nhà hơn trăm cây thôi không xa chưa,neutral,neutral
nghe bài muốn rơi nc mắt ý nghĩa ạ tuỵt,neutral,neutral
cortisol video cortisol watch video,neutral,neutral
nhờ anh em thi chúng đề are,neutral,neutral
thieu dung ve nha sena god,neutral,neutral
cần thơ,neutral,neutral
1 bài hát vô ý nghĩa tình yêu thể phá vỡ mọi khoảng cách,praise,neutral
t chỉ biết hơn yêu 2 thằng đàn ông chai dầu ăn vài ngày sau thằng khám trĩ from 1 thằng không kì thị gay,praise,neutral
meo erik đẹp phúc cảm ơn meo chưa,praise,neutral
nghe nhìu bản cover đúng phúchay hơn,neutral,neutral
mong không đòi cover giá 20tr nữa ạ,neutral,neutral
bố mẹ hòa minzy,neutral,neutral
tết năm nay nhà rồi,neutral,neutral
hâm mộ gia đình tùng sơn,neutral,neutral
tính nay 6 ăn tết ăn tết biên giới cảm ơn 2 anh e cảm nhận cảm xúc lạc mất lâu bài hát đúng cận tết nghe cảm động,neutral,neutral
bài trước ánh nắng anh bây giờ bài hơn yêu e nghe hai bài e toàn hát hai bài hai bài hát tình yêu tuyệt vời,praise,neutral
cày view,neutral,neutral
tuyệt vời anh phúc,praise,neutral
vck hồ hoài anh li dị are,neutral,neutral
thấm câu chữ nhớ nhà nhớ bm,neutral,neutral
1 triệu like,neutral,neutral
1 năm ăn hại nữa sắp hết,neutral,neutral
chúc mừng anh,neutral,neutral
bài hát mv xúc động giọng đức phúc không để nóituy nhiên mình mới nghe bài lần đầu tiên hôm nghe hát đám cướigiọng ý trầm ấm vang tình cảm lắmcó lẽ bản đầu tiên mình nghe hát đối bản thân mình mình thích giọng hát hơn đp 1 chúthi,neutral,neutral
870 ông dislike nghe nhạc tò mò,neutral,neutral
noel không nhà,neutral,neutral
đức phúc hát mấy bài trầm trầm khỏi chê are,neutral,neutral
dislike không muốn nhà không,neutral,neutral
h xem,neutral,neutral
2023 rồi nà,neutral,neutral
khóc xem mv giống mình không,neutral,neutral
mang tiền mẹ nghe,neutral,neutral
anh ford đưa tới,neutral,neutral
bài nỗi quả trend mới òi ê bài tiếng việt toàn chat tiếng anh z,neutral,neutral
h nghe để top hong ne,neutral,neutral
coi khóc thật,neutral,neutral
chỉ đen jack ráp mẹ nhất,neutral,neutral
bếp lửa độ em v,neutral,neutral
dã man bây giờ mình mới nghe bài muốn khóc yêu thương cảm ơn em trai đức phúc nhé chúc em càng ngày càng phát triển đường âm nhạc đường đời cảm ơn em tạ ơn,praise,neutral
lần xem mv mình đều khóc nhớ chồng chồng mình bộ đội dịch mấy tháng rồi không nhà cảm ơn ông trời e gặp người như a yêu a,neutral,neutral
cách mv giống đoạn cuối phim chàng vợ em,neutral,neutral
đen vâu ca sĩ rap nghe hết 1 chứ không như ca sĩ ráp khác,neutral,neutral
st mtp thua jack đen vẩu tuổi,criticism,neutral
nghe đơn giản thấm ghê,criticism,neutral
low cortisol activ,neutral,neutral
vương tầm thế giới are,neutral,neutral
nghe bài muốn nhà,neutral,neutral
way write low cortisol bruh,neutral,neutral
thế,neutral,neutral
sang tiếng việt biết thất vọng sea games đất nước hoãn sang năm sau số ca mắc mới số người chết virút corona tiếp tục gia tăng chỉ mong luôn mạnh mẽ tiếp tục hoạt động ngôi nhà mình ngày tình trạng bệnh cải thiện thể trở sinh hoạt bình thường sea games tổ chức năm sau diễn suôn sẻ,neutral,neutral
iu anh,neutral,neutral
huhu muốn,neutral,neutral
cảm xúc hơn yêu thật kì lạ đúng không phúc cám ơn e mọi người cảm xúc thật lạ chúc e luôn thành công,praise,neutral
ngôi,neutral,neutral
cảm ơn ae tập đoàn sky fc ghé giữ top 3 chú vâu tuy mất top 2 rồi buồn,criticism,neutral
2026 nghe,neutral,neutral
a video mới tiếp e hóng,neutral,neutral
đường nhà tim dẫu nắng mưa gần xa thất bát vang danh nhà luôn chờ đường nhà tim dẫu muôn trùng vật đổi dời nhà luôn nhà lao đời để kiếm cơm lao đời tìm cơ hội tiếng thành thị thường lấp lánh đêm thành thị thường trơ trọi như mọi đứa trẻ khác lớn muốn xa hoài nhà yên đợi đứa ngoài bước ngoài rồi mới biết không bằng nhà biết để mắt trước sẵn sàng mở quà không phải võ sĩ phải giỏi đấu đá kiệt sức chỉ gắng giữ mình không xấu xa đôi bỗng thấy đồng cảm mai an tiêm bước chân sóng gió chỉ nhà mãi an yên ngoài phức tạp như rễ má dây mơ nhà để phép mình ngây thơ mang bao náo nức xe chở niềm háo hức xuân suốt đêm ngày dòng người phố mang sắc mai hương đào tìm nơi ấm êm đường nhà tim dẫu nắng mưa gần xa thất bát vang danh nhà luôn chờ đường nhà tim dẫu muôn trùng vật đổi dời nhà luôn nhà ngôi nhà góc vườn chó gà đám nói khó chiều thích gió trời hơn gió hòa ăn cơm mẹ nấu mặc áo mẹ may đưa ba chợ mua cây đào cây mai bày năm trời rã rời như máy nhà thấy áp lục nhẹ như bấc thổi bay ấm êm hơn bếp lửa ngọt bùi hơn lúa non nhà luôn mong chờ đứa dẫu mưa nắng không bao giờ nề hà hạnh phúc chỉ đơn giản nhà hạnh phúc nhà cô đơn nhà thành công nhà thất bại nhà mệt nhà mông lung nhà chênh vênh nhà không nhà nhà nhà đường nhà tim dẫu nắng mưa gần xa thất bát vang danh nhà luôn chờ đường nhà tim dẫu muôn trùng vật đổi dời nhà luôn nhà nhà thể lớn thể nhỏ thể không khang trang cha mẹ muốn sống đàng hoàng lớn người mong tương lai sáng lạng cặm cụi đời không bao giờ thấy than vãn đường nhà tim dẫu nắng mưa gần xa thất bát vang danh nhà luôn chờ đường nhà tim dẫu muôn trùng vật đổi dời nhà luôn nhà,praise,neutral
giong cua phuc voi erik giong nhau ghe,neutral,neutral
nôn tới tết d chời,neutral,neutral
nghe hoài không chán luôn hy vọng tết 202 2 a kết hợp 1 sản phẩm tuyệt vời như thê,praise,neutral
cortisol lower tremend t,neutral,neutral
a yêu e a yêu e thế thôi,praise,neutral
19195m nay 19280m tăng 85k so hqua 10k,neutral,neutral
thoi,neutral,neutral
nghe nhạc chị nhẹ nhàng thoải mái,neutral,neutral
bật bài sau bài vị nhà cứ tết mở nghe,neutral,neutral
dở nhám nhí,criticism,neutral
mới tháng 7 rồi sắp tết rồi,neutral,neutral
tik tok 3,neutral,neutral
lời rap anh vâu thấm,neutral,neutral
nghe bài nì mong tết,neutral,neutral
biểu diễn bài chưa tui biểu diễn bài rồi,neutral,neutral
xa tổ quốc xa người thân nghe bài chỉ muốn khóc,neutral,neutral
bài quảng cáo xe winer 150,neutral,neutral
thôi coi xong muốn chảy nước mắt,neutral,neutral
xem tới bây giờ,neutral,neutral
nghe khóc luôn á hôm nay mệt muốn nhà mẹ nuôi đúng kiếm tiền kh dễ dàng,neutral,neutral
2025 không,neutral,neutral
sáng nay em mới thi đọc hiểu bài thi xong đúng kiểu nhà ạ,neutral,neutral
nghe nôn tết mong hết dịch để đón tết gia đình,neutral,neutral
hồi mega market nha trang nghe bài loa lặp mấy lần 1 ngày loa lớn không nghe rõ lời chỉ nghe vài chữ đưa em nghe tìm bài,praise,neutral
anh đen bai nay trễ lỡ mua ex rồi không mua winer anh rồi,neutral,neutral
13h02 nghe,neutral,neutral
bài hát ý nghĩa chúc đức phúc thành công hơn,neutral,neutral
nhớ nhà,neutral,neutral
e biết a yêu e tại a không giữ e,praise,neutral
video mang mình cảm giác vui vẻ hạnh phúc,praise,neutral
philipin love song find origin cortisol meme,praise,neutral
cứ gần tết nghe bài cuốn thật,neutral,neutral
1822020 mai ơi anh yêu em,praise,neutral
gần hết 1 năm nhà suốt rồi,neutral,neutral
bài xem íttiếc,neutral,neutral
hạnh phúc nhà cô đơn nhà thành công nhà trung bình khỏi nhà,neutral,neutral
send love hao tram,praise,neutral
ny vừa bảo em yêu anh luôn thầm lặng 3 mày thầm lặng yêu thằng khác,praise,neutral
đức phúc sắp nút vàng rồi,neutral,neutral
mình hỏi khúc cuối cặp namnam ý ạ thấy quen không nhớ tên,neutral,neutral
nhạc không z,neutral,neutral
tết rồi,neutral,neutral
true low cortisol,neutral,neutral
muốn nhà tiếc không nhà để,neutral,neutral
cj ý xinh vl,praise,neutral
2 anh xa chỉ muốn nhấc bao lô thôi,neutral,neutral
không mấy cặp đồng tính clip perfect rồi,neutral,neutral
ý nghĩa nữa,neutral,neutral
thất bại nhà,neutral,neutral
năm nay 50 tuổi rồi thích nghe nhạc đen hihi,praise,neutral
bài hát không phai màu thời gian lẽ đều mong muốn nhà nơi phép bản thân mình ngây thơ không cần phải gồng mình xã hội đầy bộn bề,neutral,neutral
mới nhật 1 tháng nghe bài 2 a hi vọng sau vài năm nghe bài đag trở,neutral,neutral
số người muốn tình yêu đẹp như video,praise,neutral
bao nhiêu năm rồi lần nghe bài lòng bồi hồi nhớ năm 2021 mình xa kẹt covid năm đầu tiên duy nhất cuộc đời ăn tết nơi xa lạ lần mở facebok instagram thấy nhà nhà chuẩn tết lòng nghẹn ngào nhớ như in đợt mình né bài sợ kiềm lòng không nỗi xong khoảng 27 28 tết ngồi tàu điện công thank you spotify nhảy bài thế nước mắt chảy ào ào vô thức luôn bước ngoài mới biết không bằng nhà,criticism,neutral
hẹn thêm mấy năm nữa,neutral,neutral
2 tiếng nx thôi mn ơi,neutral,neutral
nhìn anh em thấy cuộc đời em khứ tương lai hiện tại không bao giờ phai,neutral,neutral
muốn nhà học đại học xa nhà chỉ hóng ngày tết để nhà sum vầy gia đình xa rồi mới thấy không tốt bằng nhà ấm áp bằng nhà 9h09 1122024 ký tên phạm thị tuyết nhi,neutral,neutral
năm 2023 nghe chúc 1 ngày vui vẻ,praise,neutral
cailonma hương ly cover cíu,neutral,neutral
đẩy view bài ạ,neutral,neutral
nhà,neutral,neutral
giống tui không cày đen sơn tùng,neutral,neutral
bro get glue grind napalm bomb start scream loudfuni start laugh genuin se man scream without lung cortisol genuin spike mot play fortnit rn mimic hunt,praise,neutral
huhu điệp khúc bài chính lịch học bù sắp tới,neutral,neutral
đọc thư muốn gớt nước mắt,neutral,neutral
cortisol get low,neutral,neutral
bài bậc tốc độ 125 nghe,neutral,neutral
think korean music,neutral,neutral
ngày nghe,neutral,neutral
không không ăn tiền,neutral,neutral
glad chang titl,praise,neutral
dù bên ngoài thành công thất bại nơi bình yên nhất,neutral,neutral
cai beat jstate hat giong 1 bai nhac phim trung quoc nho chi giup minh voi,neutral,neutral
cant believ singer low cortisol hot,neutral,neutral
opon leav game turn song,neutral,neutral
mix peopl singaporean vietnames,neutral,neutral
tuyệt,praise,neutral
bước xe kéo vali đồ đeo balo laptop tay xách túi quà nhìn trai chạy lon ton phía trước vợ sau chân mình bước bước chân thật nhẹ nhàng hạnh phúc thăm bố mẹnhưng năm nay chỉ chào mẹ nữa thôi,neutral,neutral
video ý nghĩ hạnh phúc yêu thương nhau trọn đời cao hơn yêu,praise,neutral
hơn yêu chúng biết chia nhau mọi chấp nhận nhường nhịn nhau để sống nắm tay nhau vượt hết khó khăn gian khổ phía trước tha thứ lỗi lầm nhỏ nhau để hapy forever hơn yêu không bỏ cuộc trước lời thị phi bất kì giới tính xứng đáng hạnh phúc cộng đồng lgbt cố chazo,praise,neutral
chào nghệ sĩ đức phúc mình lào yêu thích bài hát hơn yêu giai điệu ý nghĩa bài hát thực sự tuyệt vời mình thực hiện bản remix thêm lời dịch tiếng lào để giới thiệu ca khúc người lào hơn hy vọng mọi người luôn ủng hộ âm nhạc chúc luôn thành công,praise,neutral
think joke ad low cortisol lmao,neutral,neutral
tiktok nơi hội tụ nhạc,neutral,neutral
bài hát ý nghĩ chút anh sức khỏe,neutral,neutral
lần nghe bài luôn muốn ngồi xe nhà,neutral,neutral
bảo không,neutral,neutral
chưa bao giờ xem xem 1 mv khóc mv lấy nước mắt người xem hạnh phúc,neutral,neutral
bài hát quốc dân,neutral,neutral
oh god reali cute,neutral,neutral
đã top 1 chúc mừng e trai,neutral,neutral
leo top thôi mng 3,neutral,neutral
mùng 1 tết,neutral,neutral
mv anh thực tế thật,neutral,neutral
ve nha c,neutral,neutral
bài rap đầu tiên mình thằng cu 3 tuổi nghe cháu nghiện luôn mẹ mình đầu bảo mày mở nhạc đấy xong sau bảo bài đấy nhỉ phần melody bà cháu thuộc lời giai điệu are cảm ơn 2 ekip 1 tuyệt phẩm như đặc biệt chuẩn tết xuân bài rap nghe cực trữ tình không mất chất hiphop respect,praise,neutral
ngưỡng mộ chết mất,neutral,neutral
quá anh ơi,neutral,neutral
team mê winer x điểm danh,praise,neutral
low cortisol uma,neutral,neutral
chúng sinh chỉ để yêu thương nhau thôi,praise,neutral
giá như giờ nhà mấy hiện mình không nhà để về5 năm rồi nhớ nhà,neutral,neutral
ghiền nghe đen vâu hát rồi bài cuốn hết,praise,neutral
tạo tác phẩm âm nhạc giai điệu hoàn hảo,neutral,neutral
mv vừa mang ý nghĩa mk thích đoạn cuối cập glbt suất hiện mk ngưỡng mộ chúc mv a thành công hơn nữa nha,praise,neutral
xem bây giờ mới biết ông minhx ông sang luôn,neutral,neutral
cặp đam mỹ,neutral,neutral
chủ đề người lính anh,neutral,neutral
1 triệu like không nhỉ,neutral,neutral
anh phúc ơi giọng anh ngọt nữa thích anh hát nốt cao ạ giọng chắc trời luôn,praise,neutral
nhớ bm,neutral,neutral
không bản zing mp3 hả,neutral,neutral
sắp nhà ăn tết rồi,neutral,neutral
2023 gần tết nghe bài anh,neutral,neutral
tối mới xem mv hôm tìm ny cảm ơn anh,neutral,neutral
chú đen đoán đề văn luôn kìa,neutral,neutral
giọng hát đức phúc giống erik,neutral,neutral
đưa nhau trốn xong nhà,neutral,neutral
anh không hieu em,neutral,neutral
299 thi tốt nhóo,praise,neutral
hcy thấu hiểu,neutral,neutral
nghe bài nhớ nhà hơn 5 năm xa nhà xa bố mẹ,neutral,neutral
nhớ nhà chỉ mong tết nhanh xíu chứ mình mệt mỏi nhớ gia đình rồi,praise,neutral
march 1 2020 tháng 43020259 views khắc hưng đức phúc kết hợp tuyệt vời mv cảm động ý nghĩa cám ơn tạo tác phẩm tuyệt vời như thế,praise,neutral
nghe bài nhớ nhà kịnh khủng luôn áchỉ mún chạy vớimẹ ngay lập tức,criticism,neutral
đếm ngược 19 ngày tết,neutral,neutral
hu hu link áo quen đp không ạ,neutral,neutral
không nơi hạnh phúc bằng nhà dù chăng nữa chúng luôn muốn chở nhà xuân giáp thìn 2024 are mong anh chị nơi xa cặm cụi hãy giành chút thời gian quay chở nhà ăn tết ấm no gia đình nhé,neutral,neutral
20h30 đường nhà cảm giác mệt mỏi bỗng thay đổi háo hức bác tài bật bài xe ô tô hào hứng hẳn,neutral,neutral
bài hát chạm cảm xúc người nghe clip xúc động,neutral,neutral
không zing nhỉ muốn tải không,neutral,neutral
chỉ cần giai điệu vang tui nhớ 6 năm trước năm tui mới học lớp 10 bây giờ lớn t áp lực cuộc sống cơm áo gạo tiền không vô tư vô lo như nữa bài hát gắn liền mối tình gà bông t,praise,neutral
lấy top1 hơn yêu,praise,neutral
low cortisol song,neutral,neutral
real low cortisol,neutral,neutral
search low cortisol find masterpiec,neutral,neutral
nghe xong bài nhạc xem mv tự nhiên khóc cảm nhận hạnh phúc,neutral,neutral
ôi mv xúc động cực kì,neutral,neutral
lẽ hơn yêu,praise,neutral
mv không nói tình cảm trai gái lgbt nữa aw cute ghê,neutral,neutral
anh phúc ơn cảm ơn anh bây giờ em chỉ muốn giành hết tất thời gian để gia đình bố mẹ mình em sẻ luôn ủng anh trúc anh triệu like,neutral,neutral
tù,neutral,neutral
chúc a luôn nhìu sức khỏe,neutral,neutral
bếp lửa 3 đen chưa bao giờ thất vọng 3,neutral,neutral
hơn yêu chính bên nhau suốt cuộc đời dù muôn ngàn thử thách nhau vượt,praise,neutral
nghe ngang ngang kiểu nhỉ không quen tai,neutral,neutral
mình thích bai,praise,neutral
khung cảnh người việt nam mình ráp đen vâu hợp nhất thể nói xưa giờ ráp việt nam không lòng bằng đen hết,neutral,neutral
đèo cặp bánh chưng lộ thiên như thế đúng chỉ anh đen,neutral,neutral
anh đen ơi,neutral,neutral
đề thi năm nay,neutral,neutral
ước gi,neutral,neutral
năm 202 2021 bình luận,neutral,neutral
dịch xong khỏi nhà yeas,neutral,neutral
nhạc,neutral,neutral
phúc vượt mặt chị giang rồi hả,neutral,neutral
cảm động,neutral,neutral
chắc pr tại đám cưới dm view cao,neutral,neutral
đối mình bài hát nhất mình nghe đức phúc,neutral,neutral
xúc động tết nghe bài hát mồng 1 tết nhà vui vẻ,praise,neutral
iu chị tia,neutral,neutral
thời kì ôn thi nghe bài anh thôi luôn xoá tan lo âu căng thẳng,neutral,neutral
mấy cặp đam mỹ nữa kìa trời ơi dễ thương chết tâm hồn 1 hủ,praise,neutral
em hỏi anh anh yêu em không anh không biết phải nói thế để đúng cảm xúc lòng anh nhìn em anh thấy cuộc đời anh khứ tương lai hiện tại không bao giờ phai tình yêu anh luôn thầm lặng không nghĩa không rộng lớn chỉ anh đôi khó nói lời mong em hãy cảm nhận thôi cao hơn núi dài hơn sông rộng hơn đất xanh hơn trời anh yêu em anh yêu em thế thôi vượt ngọn gió vượt đại dương vượt áng mây thiên đường dẫu nói bao cảm giác anh bây giờ lẽ hơn yêu anh nhớ lần đầu tiên gặp nhau chẳng biết trước lần lần cuối anh yêu đời anh không mơ gặp yêu nữa giờ anh em rồi em hết quãng đường đời tình yêu anh luôn thầm lặng không nghĩa không rộng lớn chỉ anh đôi khó nói lời mong em hãy cảm nhận thôi cao hơn núi dài hơn sông rộng hơn đất xanh hơn trời anh yêu em anh yêu em thế thôi vượt ngọn gió vượt đại dương vượt áng mây thiên đường dẫu nói bao cảm giác anh bây giờ lẽ hơn yêu cao hơn núi dài hơn sông rộng hơn đất xanh hơn trời anh yêu em anh yêu em thế thôi vượt ngọn gió vượt đại dương vượt áng mây thiên đường dẫu nói bao cảm giác anh bây giờ lẽ hơn yêu,praise,neutral
em hỏi anh anh yêu em không anh không biết phải nói thế để đúng cảm xúc anh anh nhìn em anh thấy cuộc đời em khứ tương lai hiện tại không bao giờ phai tình yêu anh luôn thầm lặng không nghĩa không rộng lớn chỉ anh đôi khó nói lời mong em hãy cảm nhận thôi cao hơn núi dài hơn sông rộng hơn đất xanh hơn trời anh yêu em anh yêu em thế thôi vượt ngọn gió vượt đại dương vượt áng mây thiên đường dẫu nói bao nhiêu cảm giác anh bây giờ lẽ hơn yêu verse 2 lời 2 bài hát anh nhớ lần đầu tiên gặp nhau chẳng biết trước lần lần cuối anh yêu đời anh không mơ gặp yêu nữa giờ anh em rồi em hết quãng đường đời tình yêu anh luôn thầm lặng không nghĩa không rộng lớn chỉ anh đôi khó nói lời mong em hãy cảm nhận thôi cao hơn núi dài hơn sông rộng hơn đất xanh hơn trời anh yêu em anh yêu em thế thôi,praise,neutral
sem rơi nc mắt,neutral,neutral
beauti song cant stop repeat,neutral,neutral
1tr like,neutral,neutral
tết mình vùng dịch bệnh không thể nhà ăn tết nghe nhạc đen jte xúc động nhớ nhà bao giờ hết dịch thể,neutral,neutral
không hiểu xem mv rơm rớm nước mắt cứ như nhìn thấu sự hạnh phúc người phi thường trải biết bao khó khăn mới nhau cảm ơn anh đức phúc mv sâu sắc ý nghĩa như thế,neutral,neutral
top 1 thịnh hành rồi mọi người ơi,neutral,neutral
bài đeo tai phôn dô nghe phe chị ơi,neutral,neutral
36 thanh hóa,neutral,neutral
thông báo 4 ngày nx tết,neutral,neutral
bắt grap chở,neutral,neutral
nghe muon khoc,neutral,neutral
tưởng không không tg,neutral,neutral
ủng hộ năng lượng tích cực bài hát top trending 3,neutral,neutral
clip kicm dislike tốp 1,neutral,neutral
hơn yêu,praise,neutral
thích nhất gia đình tùng sơn trang lou đông nhi ôct trường giang,praise,neutral
phúc thứ thích cậu chân thật,praise,neutral
nhìn hai thằng đàn ông âu iếm thấy tởm0ẹ,neutral,neutral
10 điểm luôn anh ơi nghe nhớ gia đình,neutral,neutral
mv tốn nhiều nước mắt của khán giả,neutral,neutral
cố gắng để nhà mang vinh quang,neutral,neutral
núi cậu,neutral,neutral
đôi chỉ cần mối tình bình dị nắm tay nhau già đủ nhật bản rồi a sớm xuất hiện thôi đúng không,neutral,neutral
ông nam kìa 320,neutral,neutral
yêu bài hát thiếu 1 câu hết tiền nhà người sinh viên như em anh đen ạ,neutral,neutral
em nghĩ anh cởi kính chi ngầu,neutral,neutral
thíc giai điệu nhẹ nhàng ghê ý,criticism,neutral
năm 5 trôi tình cảm a dành e như ngày đầu chúc e hạnh phúc hin,neutral,neutral
nhạc giờ tắt phố thức đèn đường hiu hắt chút mưa bay mi mắt rồi đưa em đêm nay giờ phố mấy người thầm nhỏ to tíu tít chạy giờ đưa em đêm nay tim em đau rồi chân em mỏi rồi đông rồi em mình thế thôi đêm nay thật dài em mệt nhoài sương rơi đêm lạnh đầy đưa em đêm nay take me back back home đường chẳng xa đưa em ba ngã năm năm ngã ba nhà take me back back home đường chẳng xa đêm khuya rồi không đưa em nhà la la la la la la la la la đưa em lalala x 3 không đưa em rap from 9 to 5 tan ca thật mỏi mệt em biết đường tuyệt nhiên không khó lẽ sự cô đơn khiến đôi chân em mỏi oh em xa anh đưa nha đừng 1 mình đường người không vội anh đợi dừng bao nhiêu lần đèn đỏ chỉ khiến anh vui thôi phố ngoài nhớ em nơi biết bao lần nhạt dần chẳng đúng hẹn nơi em dừng chân oh bab đêm nay thật dài anh biết giờ em cảm thấy bước em thật mệt nhoài sương rơi đêm lạnh đầy em không để anh đưa em nhà đêm nay,praise,neutral
ticktok sang nghe xem thế không thích giọng kiểu rung không ưa nổi,neutral,neutral
nghe không verse 1 em hỏi anh anh yêu em không anh không biết phải nói thế để đúng cảm xúc lòng anh nhìn em anh thấy cuộc đời anh khứ tương lai hiện tại không bao giờ phai prechorus tình yêu anh luôn thầm lặng không nghĩa không rộng lớn chỉ anh đôi khó nói lời mong em hãy cảm nhận thôi chorus cao hơn núi dài hơn sông rộng hơn đất xanh hơn trời anh yêu em anh yêu em thế thôi vượt ngọn gió vượt đại dương vượt áng mây thiên đường dẫu nói bao cảm giác anh bây giờ lẽ hơn yêu verse 2 anh nhớ lần đầu tiên gặp nhau chẳng biết trước lần lần cuối anh yêu người đời anh không mơ gặp yêu nữa giờ anh em rồi em hết quãng đường đời prechorus tình yêu anh luôn thầm lặng không nghĩa không rộng lớn chỉ anh đôi khó nói lời mong em hãy cảm nhận thôi chorus cao hơn núi dài hơn sông rộng hơn đất xanh hơn trời anh yêu em anh yêu em thế thôi vượt ngọn gió vượt đại dương vượt áng mây thiên đường dẫu nói bao cảm giác anh bây giờ lẽ hơn yêu cao hơn núi dài hơn sông rộng hơn đất xanh hơn trời anh yêu em anh yêu em thế thôi vượt ngọn gió vượt đại dương vượt áng mây thiên đường dẫu nói bao cảm giác anh bây giờ lẽ hơn yêu outro cảm giác anh bây giờ lẽ hơn yêu,praise,neutral
thế nhờ,neutral,neutral
sâu lắng nhẹ nhàng ấm áp như tình cảm gia đình,neutral,neutral
bài không zing nhỉ,neutral,neutral
cảm ơn justate đen vâu,neutral,neutral
mới 1 năm rồi,neutral,neutral
10 triệu rồi chú đen ơi,neutral,neutral
ngoài đường cơn mưa chợt ập tất mọi cánh cửa đều khép chỉ cánh cửa ngôi nhà mình luôn rộng mở đón,neutral,neutral
người lào thích thích bài hát tiếng việt tiếng việt đáng yêu,praise,neutral
đen 1 ráp per thanh công nhất việt nam chúc mừng sản phẩm chất nhu nc cất,neutral,neutral
rơi nước mắt luôn,neutral,neutral
việt nam 97tr dân lượt xem chiếm 9,neutral,neutral
covit nhà,neutral,neutral
bài đáng lẽ phải 2 năm trcdịch kiểu,neutral,neutral
werent joke say actuali chang titl,neutral,neutral
cj hoà dễ thương v,praise,neutral
881818 views số đẹp v,praise,neutral
thế,neutral,neutral
ổ,neutral,neutral
top 1 trending chúc mừng a,neutral,neutral
h hà muốn nhà bao h tết,neutral,neutral
ý nghĩa a ơi,neutral,neutral
a ơi ca nhà gần 10 năm nghe muốn biến nhà luôn,neutral,neutral
vd nhìu tình tiết cẩu lương,neutral,neutral
chưa bao giờ hết yêu âm nhạc đức phúc á,praise,neutral
tiến đạt hari yêu nhau 9 năm cắm sừng,praise,neutral
dont know titl type search cortisol song,neutral,neutral
phải ngay lyrics bài mới,neutral,neutral
lô,neutral,neutral
bài ý nghĩ quáđen vâu người đầu tiên đưa rap bây mê luôn,praise,neutral
giọng justa te ngọt ngọt ấm ấm,neutral,neutral
6 tháng nữa bắt đầu nghe are,neutral,neutral
love type vpop song ned recomend,praise,neutral
gần tết mở bài nghe bồn chồn lòng ngay,neutral,neutral
know low cortisol titl,neutral,neutral
chúc tất mọi người nghe nhạc năm mới vui vẻ sức khoẻ bình an,praise,neutral
để nghe chửi,neutral,neutral
13h25 kiên giang codonqua,neutral,neutral
pro tiếng anh hộ eng sub để em share ny ạ lời ý nghĩa thế không anh í nghe phí dã man khổ nỗi không giỏi dịch nghe ngôn tình phải cần lap í,neutral,neutral
mới nghe bài song hôm sau quê,neutral,neutral
nghe thấy không tiếng hy vọng cuộc sống nụ cười hạnh phúc gia đình,neutral,neutral
tại rap,neutral,neutral
520 team yêu mèo điểm danh,praise,neutral
bài,neutral,neutral
gái lấy ck rồi nhà nội ng ngoài nhà ngoại chị dâu rồi chỉ khách tự dưng buồn nhớ 3 năm trước cứ nghỉ 12 hôm nhà giờ chỉ biết cố gắng tạo nhà chính mình chơi vơi,criticism,neutral
khúc cuối,neutral,neutral
220 thấy giống yeon tan v,neutral,neutral
2 cặp tan rã rồi,neutral,neutral
so sơn tùng bài hơn lần,neutral,neutral
nhớ,neutral,neutral
chờ ngày 2 anh thêm siêu phẩm,neutral,neutral
giai điệu như bài thơ đẹp sâu lắng nao lòng,praise,neutral
ngày hôm nay a đen top2,neutral,neutral
lần nghe lòng mình nhói 5 năm rồi chưa ăn tết ba mẹ 3 năm rồi chưa nhà,neutral,neutral
lượng dislike aktm cao hơn lương like đức phúc,neutral,neutral
trời owi hôm nay mới nghe bài nayfy trời ơi,neutral,neutral
năm ngoái thấy bài mức 35m40m đấy trend low cortisol vụt 50m v,neutral,neutral
lâu không gặp mn nghe chứ thấy yêu thương vui vẻ bài hát chứ,praise,neutral
sừng cao hơn núi dài hơn sông rộng hơn đất,neutral,neutral
khóc,neutral,neutral
justate hát,neutral,neutral
tết chưa nhà,neutral,neutral
em hỏi anh anh yêu em không anh không biết phải nói thế để đúng cảm xúc lòng anh nhìn em anh thấy cuộc đời anh khứ tương lai hiện tại không bao giờ phai tình yêu anh luôn thầm lặng không nghĩa không rộng lớn chỉ anh đôi khó nói lời mong em hãy cảm nhận thôi cao hơn núi dài hơn sông rộng hơn đất xanh hơn trời anh yêu em anh yêu em thế thôi vượt ngọn gió vượt đại dương vượt áng mây thiên đường dẫu nói bao cảm giác anh bây giờ lẽ hơn yêu anh nhớ lần đầu tiên gặp nhau chẳng biết trước lần lần cuối anh yêu đời anh không mơ gặp yêu nữa giờ anh em rồi em hết quãng đường đời,praise,neutral
tui mới phát hiện anh hoàng anh chị minh lý xuất hiện mv sống như đoá hoa,neutral,neutral
chúc mừng mv 10m,neutral,neutral
hgfdfghuhj,neutral,neutral
nghe không chán,neutral,neutral
mình thích gió hoà hơn gió chiều,praise,neutral
nhanh,praise,neutral
yêu,praise,neutral
e không phải fan rap e thích giọng a te ms nghe vừa đoạn thất bác vang danh nhà luôn chờ e rơm rớm mất are bản rap khác a te e chỉ thích đoạn a ý xl e không mê rap không biết mấy đoạn hát a te 1 bản rap gọi bài cứ nghĩ are thích chỉ nhà an yên không nhà thích,praise,neutral
sắp tết nữa rồi tết không đoàn viên,neutral,neutral
mình khóc xem mv chẳng hiểu lý thật sự cảm động cảm thấy mình hạnh phúc lây cặp đôi mv cảm ơn anh đức phúc mang mv phải nói tuyệt vời chúc anh luôn luôn thành công luôn ủng hộ dõi anh,praise,neutral
cảm thấy lượng cortisol giảm,neutral,neutral
tự nhiên nghe bài khóc mặc dù bài vui,praise,neutral
không nhà xem nhỉ,neutral,neutral
quê em hà nội,neutral,neutral
mv ý nghĩa mng giữ top 1 nha,neutral,neutral
thực sự mv mình cảm thấy cảm động cảm súc xem quả thực 1 mv cực kì cực kì ý nghĩa,neutral,neutral
319 í đam đúng không,neutral,neutral
yêu đen vâu,praise,neutral
mới chia tay xong biết hát bài nghe,neutral,neutral
mv duy nhất mình coi mỉm cười hạnh phúc đầu cuối luôn,neutral,neutral
bai hat nay chu den vau a,neutral,neutral
bài hát đầu tiên cảm thấy thích thú,praise,neutral
bài chú đen top1 mới đúng âm nhạc giờ chán vl toàn top 1 top 2,criticism,neutral
nhà,neutral,neutral
sắp triệu lai rồi,neutral,neutral
sau lạy hai người đàn ông nhau thế,neutral,neutral
tuy jt hát hát 1 lời nghe cuốn,neutral,neutral
cuối 202 rồi nghe thấy haycứ nghe muốn tết,neutral,neutral
chúng m nghe t cứ nghe bài cảm giác nao nao nhớ tết,neutral,neutral
cực kì haycực kì ý nghĩa luôn,neutral,neutral
bài hát tràn đầy ý nghĩa,neutral,neutral
uầy bình luận thật,neutral,neutral
trời ơi dễ thương luôn ủng hộ gia đình hoa dâm bụt,praise,neutral
thích nhất bài cảm ơn đen vâu,praise,neutral
cứ nghe mãi,neutral,neutral
2 năm rồi nghe vãi luôn,neutral,neutral
tiếp tục nghe khóc nhớ mẹ,neutral,neutral
ý nghĩa quánghe bài mong tới tết qué,neutral,neutral
xa nghe bài mới thấu hiểu,neutral,neutral
set playsp 12x thank later,neutral,neutral
cặm cụi đời không bao giờ than van nhạc đen luôn chất câu như,neutral,neutral
múa,neutral,neutral
take back back home,neutral,neutral
nhờ câu cao hơn núidài hơn sôngrộng hơn đấtxanh hơn trời tik tok đú tren cực gắt haha,neutral,neutral
thương a kết hôn 2 năm 2 tháng 10 ngày,praise,neutral
chị nhìn giống người pháp zậy mng,neutral,neutral
345 nhìn mình cảm thấy xúc động thật 3 bài hát ý nghĩa lớn 3,praise,neutral
think tiktok meme actuali help lower cortisol everi time listen fel calmer thank,praise,neutral
a phúc hát ws,neutral,neutral
nghe thấy động lực cuộc sống nghe ghiền luôn tim xao xuyến ký ức quê nhà,praise,neutral
nghe bài cày deadline chú đen ạthi nhanh dọn nhà đón tết,praise,neutral
cảm ơn phúc mình khóc xem mv,neutral,neutral
ngọt ngào ấm áp đức phúc hơn,neutral,neutral
anh hát,neutral,neutral
157 thiên thần,neutral,neutral
nghe nghe,neutral,neutral
tui ủng hộ a đen không muốn a rớt top 2 sky vô cày a nè,neutral,neutral
mặc dù mv sếp trước 1 tuần so mv đen hiện tại mv đen cao view hơn hẳn,neutral,neutral
liệu năm nay anh đen bài đón tết như không,neutral,neutral
tròn 1 năm nghe lại bài này mà vẫn thấy,neutral,neutral
nhìn chú ngầu ạ,neutral,neutral
2 tết rồi không nhà hoàn cảnh dịch bệnh 1 năm nữa sắp tết sắp 1 tết nữa không nhà nỗi nhớ quê hương nhớ nhà nhớ ba mẹ luôn mang mình nỗi buồn hơn nỗi buồn nhớ quê hương cầu mong mọi dịch bệnh muộn phiền để mọi người đón nhận 1 năm mới an yên 30122021,criticism,neutral
hong người yêu nghe bài xong hạnh phúc lây rồi muốn người yêu luôn aạa,praise,neutral
mãi ủng hộ anh,neutral,neutral
chữ,neutral,neutral
mv dang de xem xung dang nhung cap doi dang yeu nhau 3,neutral,neutral
định nghĩa đúng nhà,neutral,neutral
top 1 thịnh hành rồi,neutral,neutral
triệu like,neutral,neutral
18102020 18102021 1 năm trôi kí ức gia đình tết nguyên vẹn tuy năm nay cảm giác tết mất nhà tin gia đình cần tất chúng chúc 1 mùa tết vui vẻ hạnh phúc thành công năm mới nhe,praise,neutral
anh ơi em lấy beat cover beat karaoke hạ tone đăng kênh em không ạ,neutral,neutral
nội dung mv thật sự giản dị giàu cảm xúc giọng hát đức phúc truyền tải trọn vẹn cung bậc cảm xúc mv khóc cảm động 3,neutral,neutral
hãy,neutral,neutral
sắp ăn tết rồi,neutral,neutral
mình không hiểu người dislike nghĩ đầu mv ý nghĩa nhạc thông điệp yêu thương truyền tải mấy người mình trai rơm dớm nước mắt xem xong luôn đấy,praise,neutral
fc st mtp love,praise,neutral
typa shi joseph joestar listen fight pilar men,criticism,neutral
ý nghiaz,neutral,neutral
mv xúc động ý nghĩa ạ,neutral,neutral
đường nhà tim nghe nghiện luôn,praise,neutral
cuối bài nháy nhẹ 1 khúc quảng cáo hiếu,neutral,neutral
nghe nhớ cha mẹ vô 18 tuổi trời âu giờ hơn 7 năm rồi,neutral,neutral
bài hát mv đẹp nhân văn chúc mừng e đức phúc,praise,neutral
thật,neutral,neutral
hát giống gile,neutral,neutral
không bằng nhà bài hát cảm động chạm tới cảm xúc người nghe,neutral,neutral
hồi xưa tui mở nghe h nghe hoài niệm,neutral,neutral
bài không buồn nghe thấy cay mắt nghe giống anh không giỏi nói chỉ giỏi hành động nhớ anh chàng lính em,praise,neutral
em sky thật sự ngưỡng mộ đen cống hiến đóng góp anh bài đen siêu chất lượng ạ,neutral,neutral
yêu hơn núi,praise,neutral
thể biết bài hát đen vâu lượt view cao hơn st mtp dù trức chỉ 2 ngày,neutral,neutral
nghe bài chữa lành qáa,neutral,neutral
t nghe nhạc đầu tửng tình vĩnh cữu bên pokemon,neutral,neutral
đường nhà tim,neutral,neutral
bài nhạc chuông cuối clip tên nhỉ,neutral,neutral
coi tới phút 223 rớt nước mắt,neutral,neutral
ê kíp em nè,neutral,neutral
yêu phúc,praise,neutral
2 ông idol coop tới giờ em mới xem thử mv xd,neutral,neutral
tình yêu 1 thứ thiêng liêng không nhìn thấy thể cảm nhận 3 đỉnh 1 mv,praise,neutral
chào mn nghe không mong cơ hội,neutral,neutral
nghe giơ tay,neutral,neutral
ngồi soi chữ bức thư như tui không v,neutral,neutral
2025,neutral,neutral
36 thanh hóa,neutral,neutral
20 tuổi học đại học hn mình may mắn sớm nhận đường đẹp nhất đường nhà bữa cơm ngon nhất cơm mẹ nấu người yêu thương nhất chính người sinh thành,praise,neutral
vừa xem mùa thu tùng xong nhà ôi sự kết hợp tuyệt vời,praise,neutral
chắc hẳn người cảnh muốn nhà chi dù chx tới tết,neutral,neutral
thiếu cặp hariwon trấn thành cặp đôi mh ngưỡg mộ nhất v biz,criticism,neutral
2 ngày nữa nhà,neutral,neutral
yêu đồng âm sky,praise,neutral
think song new turn 6 year old,neutral,neutral
không zing mp3 nhỉ,neutral,neutral
xem clip e quáxem xem khóc cảm động chúc e thành công,neutral,neutral
đường nhà tim,neutral,neutral
1 ngày 6tr6 người xem,neutral,neutral
sắp hết năm 2021 rồi nghe bài cảm xúc dâng trào năm nay không nhà nghe thấy buồn hơn,neutral,neutral
cảm ơn fan đức phúc,neutral,neutral
mai iu lương cườ,neutral,neutral
013 1012024 nghe cảm thấy hoài niệm nhớ khoản thời gian thời điểm bài hát bản thân dừng như rơi đáy vực sâu fail in love cảm ơn bài hát động lực lấy mái ấm gia đình chỗ dựa thời điểm cảm ơn xảy rèn dũa trưởng thành suy nghĩ hành động ngày hôm nay nghe cảm giác khó tả,neutral,neutral
hy vọng 2 sản phẩm hơn nữa,neutral,neutral
lesbian sống như thế sợ sệt tất bây giờ tại phải sợ hạnh phúc cơ,criticism,neutral
mãi yêu,praise,neutral
10n dislike não nhỉ bài ngta ý nghĩa như thế,neutral,neutral
cứ cuối năm la cứ tìm bài,neutral,neutral
mk tìm bài hát mới hát đám cưới rồi,neutral,neutral
chil,neutral,neutral
như không vài năm trước không thấy không khí tết nữa càng gần càng thấy yêu thương quý trọng gia đình hơn mong muốn tết hơn nghe bài cảm thấy ấm lòng mùa tết mới sắp rồi,praise,neutral
nhìn cảnh hạnh phúc trào nước mắt mình hiện tại dag vụn vỡ mình mình khổ mẹ mình khổ chỉ tồi tệ ng thân mình mãi,criticism,neutral
năm nay gần 40 rồi đọc coment cứ thấy sky sky không hiểu,neutral,neutral
năm để nhớ để ghi để viết lỗi buồn vui năm đầy dịch bệnh chúng tận hưởng bài hất mang mang cảm xúc thật khó tả chúc mọi người luôn mọt năm bình an nhớ khó khăn năm trước để năm mới thật bình an tràn đầy sức khỏe 3,neutral,neutral
quảng ninh cách ly rồi muốn không vâu ơi 3,neutral,neutral
ấm áp quen thuộc giờ thiếu bóng dáng người đàn ông râu ria cười gái,criticism,neutral
vuhan corona love top 1 trend,praise,neutral
cảm xúc anh,neutral,neutral
bài hát mv mang cảm giác tích cực tạo thêm niềm tin tình yêu cảm xúc chân thành ngọt ngào không tin tình yêu như mình cảm ơn đức phúc bài chạm nỗi niềm riêng bất kì,praise,neutral
432 trường giang nhã phương như kết hôn 50 năm rồi,neutral,neutral
20 triệu view,neutral,neutral
chil,neutral,neutral
303 trai đẹp iu nhau hết rồi,praise,neutral
anh yêu e a yêu e thế thôi,praise,neutral
cảm ơn đen vâu nhé nhà nơi để để an yên để thêm động lực phấn đấu trưởng thành,neutral,neutral
lần đầu thấy bth sau nghe vài lần thấy,neutral,neutral
anh ơi,neutral,neutral
nhớ nhà thấu hiểu lòng phải quần quật để cuộc sống tốt hơn người xa xứ xa quê hương rồi đợi 2 năm nữa nhé,praise,neutral
bài hát thấy 1like nhe,neutral,neutral
ngày hát bài ng mình yêu nhất ngày quan trọng nhất cuộc đời mình ngày đôi chung nhà,praise,neutral
người muốn không dịch người muốn không thể mất chamất mẹ người bất hạnh nhất,neutral,neutral
nghe ca khúc ca thật giản đơn ấm áp ca khúc như thế thật sự chạm tim người nghe già trẻ lớn bé đều thấy ấm lòng chủ nhân hít cứ thế gặt hái thành công vài trăm triệu view không cần phải cày view như khác chúc mừng ca khúc nhé,praise,neutral
cảm ơn đức phúc thực sự mình khóc xem hết video,neutral,neutral
mang tiền mẹ đừng mang nịt mẹ,neutral,neutral
như phải tua coi hòa minzy không lầy đáng iu kinh khủng,neutral,neutral
không nghĩa không rộng lớn,neutral,neutral
winer đẹp đấy mình thích dáng ex ns ns wn xấu đéo tả quan trọng đen ok,praise,neutral
xa nhà mới hiểu,neutral,neutral
nghe bài ông bà nội chưa chết,neutral,neutral
hình như khúc anh chị bộ đường em rồi phải quen,neutral,neutral
tải c,neutral,neutral
huhu tự nhiên nhớ tony im very emotional,neutral,neutral
xem muốn khóc,neutral,neutral
nhe cảm xúc vl,neutral,neutral
1p58 chị gái cười tươi vãi ò,neutral,neutral
set playback speed 125x get ful experi,neutral,neutral
gần tết quê nghe ý nghĩa nữa,neutral,neutral
cầu đại dịch chóng để nhà cầu năm mới vạn sự bình an việt nam,neutral,neutral
30 chịu rồi hihi,neutral,neutral
052 low cortisol part,neutral,neutral
giữ top,neutral,neutral
bài dễ nghe ý nghĩa nữa,neutral,neutral
meme đưa,neutral,neutral
yêu a phúc 3 from starlight cinema đà nẵng a nha,praise,neutral
hoàn hảo,neutral,neutral
cảm ơn tất,neutral,neutral
kẹt sài gòn nghe song chắc khóc,neutral,neutral
nghe,neutral,neutral
gần 1tr đăng ký rồi,neutral,neutral
anh ơi,neutral,neutral
sinh viên học xa nhà nghe cảm thấy cảm động,neutral,neutral
cortisol ah song,neutral,neutral
2 năm trước vừa mắt bài háy e nghe sắp quen thấy e đăng str vui kìa bây giờ nghe mất e sau 2 năm mấy gắn bó bên nhaunếu e đọc lời a xin lỗi anh yêu em như ngày đầu tiên xin e hãy a 1 cơ hội để chứng minh sau câu anh yêu em a,praise,neutral
bả đổi tên luôn kìa,neutral,neutral
tuyệt,praise,neutral
ngày mai bài 1 tuổi gòi,neutral,neutral
anh ơi,neutral,neutral
đố hơn yêu,praise,neutral
cai cảnh đêm sáng 30 tết mới nhà nghe bài anh đen muốn rơi nước mẳt,neutral,neutral
10m thẳng tiến ghi danh mv đạt 10m lượt xem nhanh nhất thôi đường nhà tim dẫu nắng mưa vừa tăng tăng tắng chú đen vâu ơi,praise,neutral
trân trọng cảm ơn cún bảo bối erik,neutral,neutral
sắp tết are mong dịch sớm hết,neutral,neutral
sắp tới mùa nhà trẻ xa quê rồi,neutral,neutral
giọng đức phúc qúa 2ah em khắc việt khắc hưng sáng tác bài nghe nghiền qúa cảm ơn ah,neutral,neutral
nghe bài cảm giác ấm áp kì lạ,neutral,neutral
nghe thấy tết,neutral,neutral
chất x,neutral,neutral
câu chuyện bài hát tuyệt vời,praise,neutral
helo mọi nhười hi vọng 1 năm sau quay 3like mang tính chất không câu like tại tớ thường tym,neutral,neutral
cortisol come high low thank,neutral,neutral
cảm động,neutral,neutral
ui bài đúng năm tui học 12 luôn á trời xong mấy hôm phân tích mấy câu nhạc are,neutral,neutral
cov19 xem không ạ 982021 nghỉ chán nhớ nhà,neutral,neutral
cortisol hear,neutral,neutral
điểm kém nhà không,criticism,neutral
chúc tất mọi người tết thật niềm vui sức khỏe mọi tốt điến mọi người iu mọi người,praise,neutral
giá như mọi đường đều chạm 1 điểm dừng,neutral,neutral
ngày cháu phải nghe bài rồi nhớ nhà dù cháu cách nhà hơn 80km thôi muốn mau chóng nhà ăn tết hôm nay cháu quê sớm hơn dự kiến rồi nè chú,neutral,neutral
thích nhất khúc 058 luôn á,praise,neutral
truyệt,neutral,neutral
bản hít sau ánh nắng anh chứ hát đám cưới tuyệt vời nha,praise,neutral
sky congratul chú đen,neutral,neutral
rât xúc đông,neutral,neutral
mng cố gắng cày view a phúc để đạt 10tr nhé,neutral,neutral
mùng 3 tết nghe hong,neutral,neutral
cảm động thật sự,neutral,neutral
1842020 nghe fc,neutral,neutral
gần 1tr like ròi 3,neutral,neutral
huhu mv nghe bắt tai thiệc sự nghe nhạc phấng khởi xúc động muống dề nhà luông,neutral,neutral
vỗ tay,neutral,neutral
phết,neutral,neutral
sắp 10 tr rồi đồng âm ơi,neutral,neutral
coi mv tự nhiên thấy cảm động gê thật sự,neutral,neutral
nghe nghiện,praise,neutral
nhà luôn nhà tết năm rồi không thật sự nhớ nhà tới mức không chịu nổi,neutral,neutral
đeo tai nghe nhạc chạy 2 tai thk,neutral,neutral
phúc,neutral,neutral
càng nghe càng thấy đỉnh,praise,neutral
156 nụ cười đẹp thật sự trông tự nhiên thực,praise,neutral
khắc hưng,neutral,neutral
chị hoà dễ thương xĩu,praise,neutral
đếm ngược 4 tuần nữa,neutral,neutral
bài nà why nghe cute 2 năm sau bài mắt mik mới bik3,neutral,neutral
lần nnghe hoài không chán yêu,praise,neutral
cặp nkhkyq vui bt mấychỉ suy nghĩ mik mn đừng giận ak,neutral,neutral
brother reali chang name low cortisol,neutral,neutral
origin,neutral,neutral
vui thằng kicm top anh phúc mv anh ý nghĩa ạ mãi fan chân chính anh,praise,neutral
không zing mp3,neutral,neutral
nguyện tất chúng luôn hạnh phúc tình yêu lứa đôi luôn khỏe đẹp rạng ngời,praise,neutral
true low cortisol brochol,neutral,neutral
ước 1 tỉ like để like bài hát,neutral,neutral
hơn yêu đối tình cảm ngạn dành hà lan đời yêu thương đời hy sinh đời chẳng đền đáp hơn yêu chính thứ tình cảm vĩ đại thế,praise,neutral
giữ vững top1 2 nhé 2 người yêu thích,praise,neutral
tết rồi nhà thôi anh em,neutral,neutral
trời,neutral,neutral
hơn yêu bây giờ anh 2 tay 2 bé cảm ơn em,praise,neutral
lâu mới nghe bài ý nghĩa,neutral,neutral
sài gòn đêm đẹp thơ mộng,praise,neutral
không zing,neutral,neutral
nghe thấy hương vị tết,neutral,neutral
chúng hiện tại thích sự văn minh anh 3,praise,neutral
đỉnh i,praise,neutral
hai,neutral,neutral
thích giọng đức phúc,praise,neutral
thích nhất đoạn 325 xem đoạn muốn khóc,praise,neutral
agn tachyon 198209 legendari japanes thoroughbr racehors know phantom tripl crown hors retir undef win 201 satsuki sho japanes 20 guinea highli domin chestnut stalion sire sunday silenc becom lead sire japan despit earli retir due injuri famou ofspr includ daiwa scarlet logic dep sky admir aura captain thule litl amapola peopl gon daiwa gon father agn tachyon,praise,neutral
1000 views rồi 3,neutral,neutral
thực sự,neutral,neutral
5 tháng nữa gia đình are,neutral,neutral
bài,neutral,neutral
201 tết ất tỵ 2025 sắp rồi chúc mọi người đều nhà đoàn tụ gia đình mình không nhà,neutral,neutral
nghe nghiện thật sự,praise,neutral
low cortisol game,neutral,neutral
low cortisol,neutral,neutral
mê luôn,praise,neutral
nhà luôn chưa chắc đx,neutral,neutral
bai hat nay nen danh nhung dong chi di nghia vu quan su ngay quan,neutral,neutral
take back back home,neutral,neutral
không bt mn thấy không chứ mk thấy mùi đam,neutral,neutral
nhà thôi,neutral,neutral
giai điệu đầu tiên cất nhạc gần gũi,neutral,neutral
ý tưởng kịch bản đức phúc kịch bản thay lời muốn nói người,neutral,neutral
damn don't know name song type low cortisol song apear,neutral,neutral
dựt 1 nhà oi,neutral,neutral
khúc 304 khúc đoạn rap ạ,neutral,neutral
muốn quê không điểm danh,neutral,neutral
mong người lao động xa sứtết năm nay đoàn tụ bên gia đình lũ em thơvà ngắm cánh đồng cỏvà cò bay bầy trâu đàn bò,neutral,neutral
giống chị hát shark tank rồi shark tặng hoa hồng,neutral,neutral
nghe mãi không chán,neutral,neutral
hỏi độ khó môn lý cấp 3 cao hơn núi dài hơn sông,neutral,neutral
ny mình vừa nvqs luôn quen nhau 3 năm giờ xa kh nt gọi nghe nhớ nghe bài thấy thương anh hơn lo lắng mình dù gần xa,praise,neutral
khóc meo meo dù mv hạnh phúc trừi,neutral,neutral
yêu chị em an ạ,praise,neutral
mung 3 tet 2023 nghe bai nay xong minh xach xe chay ve nha lien,neutral,neutral
chời ơi đink thật sự á,neutral,neutral
xem 3 lần lần rưng rưng thấy ngta hp m cảm động,neutral,neutral
cảnh cặp đôi chàng trai nhập ngũ nữa khóc òa mất,neutral,neutral
đưa,neutral,neutral
cortisol,neutral,neutral
1 năm trôi quathời gian không chừa 1 aihãy cố gắng gia đình bản thân mình nhất thểnhững căn bệnh đầy lùi để mang mọi người gần nhau 1 lần nữachúc tất mọi người mọi lời chúc tốt đẹp nhấtmong an yên tất mọi ngườipeace,praise,neutral
low cortisol,neutral,neutral
erik mặt mộc nhìn nam tính tr thề tua đoạn erik coi mấy lần,neutral,neutral
mồm toàn răng không,neutral,neutral
thực sự,neutral,neutral
anh nhạc,neutral,neutral
nghe hoài nghiện luôn rồi,praise,neutral
cortisol decreas t,neutral,neutral
ngồi đọc bình luận chia sẻ xa quê rơi nước mắt nhà cảnh mong sớm nhà mình be safe,neutral,neutral
nghe cưng chị ơi,neutral,neutral
chúc aj chưa lập gia đình như đều bài hát,neutral,neutral
low coristol,neutral,neutral
yêu tri kỉ fz,praise,neutral
ghiền bài dã man em nghe bữa giờ không bít chán,praise,neutral
không zinh mp3 dậy,neutral,neutral
hay love god,praise,neutral
1tr like rồi đen ơi,neutral,neutral
10 trieuj ae ơi,neutral,neutral
1 bài hát tuyệt vời 142,praise,neutral
mv thật sự xúc động,neutral,neutral
tachyon cortisol lower,neutral,neutral
nghe nhạc anh em thôi thấy sợ màu tối love you bro,criticism,neutral
anh vâu ơi,neutral,neutral
lần đầu mình khóc 1 mv đp ơi,neutral,neutral
người giống anh,neutral,neutral
anh có bạn gái chưa,neutral,neutral
tết nữa sắp tới nữa tết buồn,criticism,neutral
càng nghe càng thấm chú đen ơi,neutral,neutral
8 nữa nhà ăn tết gia đình rồi,neutral,neutral
vietnames wonder song get turn recogn meme everi blue mon,neutral,neutral
wowowow a hiếu luôn kìa,neutral,neutral
make cortisol low,neutral,neutral
mình nghe bài radio đường nghe ấm áp luôn,neutral,neutral
a phúc ơi cảm động nghe xong e khóc trời luôn,neutral,neutral
lặng lẽ,neutral,neutral
x125 để cảm nhận,neutral,neutral
bài nghe phát thấm luôn năm sau phải đại học nhớ ba mẹ,neutral,neutral
bài đúng tâm trạng người xa quê,neutral,neutral
beat anh,neutral,neutral
tinh hoa nhân loại gói gọn mv anh,neutral,neutral
trang loutùng sơn,neutral,neutral
10tr veiw đê,neutral,neutral
đỉnh,praise,neutral
leo top thôi mng 3,neutral,neutral
nhà sướng,neutral,neutral
giữ vững top 1 thật lâu nhé,neutral,neutral
hên mv hôg mặc áo đỏ,neutral,neutral
nghiện bài,praise,neutral
low cortiosl,neutral,neutral
bài hát ý nghĩa,neutral,neutral
ấm quáa,neutral,neutral
mình lấy chồng xa sinh ebe vướng dịch dã hơn 3 năm chưa nhà mẹ đẻ nghe bài đen năm 2021 nhớ nhà khủng khiếp reply đấy tới bh giờ 2 bé nhà mình 1 2 tuổi 1 9 tháng nghe ké mẹ nghiện luôn đòi mẹ mở nhà chú đen vâu hát kiểu,neutral,neutral
vụ hấp diêm tây ban nha khum buồn thật sự,criticism,neutral
bài hát ý nghĩa ca xúc động chạm trái tim vợ hỏi chồng yêu vợ kết hôn bên nhau 7 năm rồi jay hỏi chồng yêu vợ không chỉ mỉm cười nói yêu vợ đơn giản yêu vợ thế thôi không lý,praise,neutral
thế chưa nổi tiếng trời,neutral,neutral
mv công sức tìm kiếm quý anh đp mv ý nghĩa thương anh đp mv sức ảnh hưởng tới tất mn giúp bọn em hòa đồng hơn mn chắc không nói mn hiểu nhỉ yêu anh đp mv phần ủng hộ ng như tụi em mong đặc biệt lần thay đổi hiến pháp tới phép mery hâm mộ anh đp tụi mình tình yêu đẹp nhé đôi lời đồng tháp ủng hộ anh,praise,neutral
huhu thật sự bài hát mình khóc đầu cuối cảm ơn đức phúc,neutral,neutral
nghe muốn,neutral,neutral
anh ơi,neutral,neutral
rồi hiểu không bằng nhà,neutral,neutral
sky ủng hộ âm nhạc tuyệt vời 2 anh,praise,neutral
biết cách nhạc chuông không,neutral,neutral
hợp q nữa không t ơi,neutral,neutral
bài hít đầu năm 2020,neutral,neutral
fan hoà minzy điểm danh,neutral,neutral
bài hát quảng cáo,neutral,neutral
tình yêu thật đáng ngưỡng mộ,praise,neutral
năm 202 không biết xem không,neutral,neutral
mv đầu tiên mình khóc,neutral,neutral
mệt nhà mẹ nuôi nghe ấm áp yên tâm nhà,neutral,neutral
thật ý nghĩa,neutral,neutral
wana cri mi girlfriend longdist love,praise,neutral
nhạc lời ý nghĩa mong gia đình mình mọi người luôn hạnh phúc 3,neutral,neutral
nghe hát quá và ấm áp,neutral,neutral
tình yêu luôn tuyệt vời chỉ tiếc không trọn vẹn chúc tất cặp đôi đời luôn hạnh phúc tôn trọng nhau,praise,neutral
hơn yêu,praise,neutral
336 tưởng thái vũ,neutral,neutral
come ned cortisol lower,neutral,neutral
sơn hồng phạm ck ổng nữa,neutral,neutral
giai điệu tuyệt,praise,neutral
top 1 rồi,neutral,neutral
sáng tới tối năm nghĩ công hoài không không thấy tiến triển thấy bản thân chưa nãn nghĩ tới tết không dư để lo ba mẹ năm nay 28tuôi rồi,neutral,neutral
rưng rưng nước mắt,neutral,neutral
thể coi để trở 5,neutral,neutral
nghe nhớ nhà a vâu,neutral,neutral
sắp tết 202 mong 1 năm hết dịch,neutral,neutral
kính dior 10 trịu erik,neutral,neutral
chúc mừng anh phúc top 1 rồi chúc mấy valentine hp mình chắc típ tục nồi cơm điên,neutral,neutral
mong chị sớm nổi tiếng nha chị,neutral,neutral
tết tây không nhà nghe nhà muốn khóc,neutral,neutral
nice song,praise,neutral
low cortisol,neutral,neutral
quil you be mine luôn yêu hơn cat yêu,praise,neutral
kk yêu quý đen vâu ah te like nhaxuất sắc chú vâu ơii love you đen vâu and justate,praise,neutral
anh ông cao thắng chị đông nhi dễ thương ghê,neutral,neutral
không thể diễn tả nỗi amazing godjob đen vâu and justate,neutral,neutral
nghe cảm động muốn rớt mắt luôn,neutral,neutral
ý nghĩa quálần đầu nghe nghiện,praise,neutral
triệu like triệu pháo tay,neutral,neutral
im vietnames cant reali write bc im bear vietnam bear germani song make hapi know understand sound nice especiali mother languag even song bite old,praise,neutral
tuyệt vời hy vọng sớm bản karaoke,praise,neutral
low cortisol,neutral,neutral
ý nghĩa tình yêu chân thành thật ngưỡng mộ tình yêu ba mẹ tuy không gần nhau trái tim luôn thuộc nhau,praise,neutral
nghiện,praise,neutral
đức phúc tuyên truyền thế giới thứ 3 hả không ủng hộ suy giống nòi,neutral,neutral
huhu mình nhà sắp xa nghe bài muốn khóc ghê gớm mạnh mẽ huyền,criticism,neutral
xứng đáng top1 trending,neutral,neutral
vẩn duy manh quỳnh anh sơn trang lou nè,neutral,neutral
hóng karaoke ghê,criticism,neutral
2025 ước,neutral,neutral
ý nghĩa,neutral,neutral
1 mùa đoàn viên nữa sắp cầu mong đại dịch mau chóng để đứa xe xa quê nhà gia đình,neutral,neutral
wechoi nhà,neutral,neutral
6 năm,neutral,neutral
nhạc cự chiu,neutral,neutral
muốn cưới,neutral,neutral
3 thực sự lần nghe bài đều cảm thấy yêu đời thực sự,praise,neutral
low cortisol,neutral,neutral
i love you đức phúc,neutral,neutral
đợi đưa em zingmp3 hong tui chờ mãi hong,neutral,neutral
nghe nôn tới tết luôn á,neutral,neutral
đen không thi rap việt,neutral,neutral
siêu ạ,neutral,neutral
gần 3 tháng phát hành rồi mình nghe bài nhất,neutral,neutral
tưởng bài nguyễn ánh 9 nhảy nghe dở ẹc,criticism,neutral
minh thi chua tiem nen phai ve que,neutral,neutral
người nổi tiếng cuội welax trang lou nữa,neutral,neutral
a phúc ơi,neutral,neutral
xem cứ ứa nước mắt yêu việt nam mình,praise,neutral
make song avail spotifi pleas,neutral,neutral
nhà nhất,neutral,neutral
nhạc,neutral,neutral
nhớ thời,neutral,neutral
tết rồi,neutral,neutral
nghe bài muốn nhà ngay,neutral,neutral
a phúc ơi,neutral,neutral
nhà sơ hở chó cắn,neutral,neutral
thấy tựa tựa 1 bài hát bên tq không nhỉ,neutral,neutral
bài hát lời lần đầu cô nghe đám cưới cô dâu người việt chuyển lời sang tiếng anh hát tặng chú rể nguoi my chú rể bố chú rể xúc độngcô dâu gái cô,neutral,neutral
chang name song low cortisol bc song vibe god calm,praise,neutral
2h14 xa nhà 1 tuần rồi nhớ nhà,neutral,neutral
nghe ấm áp,neutral,neutral
lần đầu coment a phúc ơi,neutral,neutral
mk khóc xem mv,neutral,neutral
tự nhiên nghe xong nhớ nhà hic,neutral,neutral
chorus ngọt ngào quáa,neutral,neutral
gosh love mv much love guy,praise,neutral
dịch anh em đừng nhà nhé,neutral,neutral
top 1 17h30 vừa bắt tv tóp 2 nghe xong vao top 1,neutral,neutral
anh,neutral,neutral
nghe bài nay lần thấy ấm áp ghê mình nhớ mười mấy năm trước nghe hương lúa jay chou hạnh phúc vô,criticism,neutral
thích nhất cặp đam mỹ,praise,neutral
112021 ngày đầu tiên năm mới hi vọng tất thấy cmt năm mới vui vẻ mạnh khỏe may mắn chúc chú đen chú te luôn khỏe mạnh thành công sang năm mới tác phẩm chất lượng bùng nổ hơn nữa để dành tặng mn người luôn yêu mến ủng hộ 2 chú nhà để tết đong đầy yêu thương,praise,neutral
20 mùa valentine cô đơn rồi để xem năm sau cô đơn không,neutral,neutral
nghe đoạn tik tok giờ mới biết bài,neutral,neutral
xưn,neutral,neutral
ascend htn rn,neutral,neutral
em sđt điện sửa bài hát,neutral,neutral
không,neutral,neutral
vừa fan jack vừa fan phúc,neutral,neutral
hình như mặt shark tank việt nam phải,neutral,neutral
cao hơn núi dài hơn sông,neutral,neutral
h nghe thấy bùn bùn,neutral,neutral
a nhớ cưng,neutral,neutral
1m like ơi,neutral,neutral
nghe hơn thằng jack nữa tội fan cuồng thua,criticism,neutral
gia đình không hạnh phúc,neutral,neutral
âm nhạc vượt thời gian,neutral,neutral
mv đầu lm mk khóc,neutral,neutral
mới 1 năm rồi sắp tới 1 tết nữa rồi,neutral,neutral
mv chân thật lấy nhìu nước mắt nhất 3,neutral,neutral
nhạc nỗi dung chưa hiểu chắc em học ngu,criticism,neutral
415 chú hạnh phúc cô kim hải kết hôn 34 năm 417 a đức phúc ế chục năm,neutral,neutral
dịch bệnh năm nay 1 năm rồi mình chưa nhà hi vọng tết năm nay mình thể nhà,neutral,neutral
sắp tết rồi học thuộc để tết ca,neutral,neutral
hơn 1 năm chưa mong hết dịch để,neutral,neutral
american shock learn favorit vietnames artist becom popular american instagram year releas song hapi tia come get congratulatori flower bo ive ben fan sinc sinc wast come,neutral,neutral
mv xúc động trời luôn tình yêu thật đẹp ps cơ 453 nhìn hoà minzy mắc cười,praise,neutral
actuali ade low cortisol name,neutral,neutral
low cortisol,neutral,neutral
nho nha,neutral,neutral
giọng đức phúc ngọt,neutral,neutral
tại 2 thằng bê đê clip,neutral,neutral
xuất sắc,neutral,neutral
bro im viet fokin love song god parent big fan guy,praise,neutral
013 bộ khó khăn,neutral,neutral
putin se 314,neutral,neutral
cứ cách nghe,neutral,neutral
mp3,neutral,neutral
năm mới chúc mọi người vui vẻ mạnh khoẻ 3,praise,neutral
057 part slap hard truli lower cortisol,neutral,neutral
cặp đôi yêu xa gặp nhau cảm xúc tột độ,praise,neutral
mv tuyệt vời,praise,neutral
vũng tàu like,neutral,neutral
đoạn đầu cảnh chil vãi,neutral,neutral
hãy anh oiq,neutral,neutral
như nhớ người thân mình,neutral,neutral
cici đưa tui tới,neutral,neutral
đức phúc khắc hưng sự kết hợp đỉnk ạa,neutral,neutral
đề cuối kì 1 phân tích cảnh chữ tác phẩm chữ người tử tù,neutral,neutral
hát anh ơi,neutral,neutral
agn tachyon music meme,neutral,neutral
cortisol disapear twin,neutral,neutral
top 1 rồi kìa,neutral,neutral
nghe nôn nao,neutral,neutral
lần đầu tiên nghe bài ngồi khóc hồi học cấp 3 mong mỏi học xong nhanh để khỏi nhà bây giờ ngoài xã hội bon chen kiếm tiền mới thấm nhà bình yên nhất bố mẹ người thương nhất,praise,neutral
love low cortisol sound,praise,neutral
cortisol lower thank twin,neutral,neutral
517 lgbt tình cảm cần nhìn nhận trân trọng,neutral,neutral
mong bài hơn yêu anh on top nhé,praise,neutral
dịch covid hk quê chỉ biết ngồi nghe nhạc nhớ nhà,neutral,neutral
lower cortisol definit fav song,neutral,neutral
cortisol low,neutral,neutral
đọc câu tấm thiệp anh cạo râu nhờ mẹ said,neutral,neutral
nhà 3,neutral,neutral
xa nhà ma nghe bài hát anh đen tự dưng nhớ nhà,neutral,neutral
phần không justate đỉnh nghe nổi hết gà bài rap giọng justate phần hút ước muốn raper,neutral,neutral
mv tuyệt vời xem cảm giác như yêu tất mọi thứ,praise,neutral
uây view cao ơi hơn chúng hiện tại luôn chúc mừng,neutral,neutral
ng quê bố mẹ cứ kêu nhớ hà nội hiện tại chỉ muốn nghỉ thêm để nhà lâu hơn đấy quay cuồng học tối trọ chỉ 1 mình khuya muộn trọ không nhớ nhà cực nghe bài hát anh càng không muốn hơn đợt gần tết nghe khóc luôn á,praise,neutral
7 ngày nữa quê rồi,neutral,neutral
kiếm cơm đừng quên ăn cơm,neutral,neutral
nghe bài nhớ quê,neutral,neutral
nhạc đen vô đối,neutral,neutral
hk zing mp3 ạ,neutral,neutral
sự kết hợp không thể hoàn hảo hơn,neutral,neutral
thanh xuân như 1 chén trà mời e uống thử e chê,neutral,neutral
nhớ tết ngày xưa tết xum vầy bên gđ bh dịch bên nhà nấy haiz,neutral,neutral
tui fan sơn tùng lạc mv đen vâu đưa 10m view,neutral,neutral
hủ nữ không,neutral,neutral
nhạc chất lượng ý nghĩa mọi người nghe hơnt chỉ cười nhẹ fan nói tiếc đen vâu top vài ngày xong nhường top bây giờ lượt view cao hơn,neutral,neutral
vừa xem vừa nghe vừa khóc xúc động ah cảm ơn ban nhạc cảm ơn đen vâu,neutral,neutral
nghe xong fa yêu đời hơn hẳn,praise,neutral
muon khoc,neutral,neutral
ngọt thực sự,neutral,neutral
mọi người ráng cày 10m bài không phí á,neutral,neutral
bài hát ý nghĩa cuộc sống gia đình wá a ơi,neutral,neutral
đỉnh chóp,praise,neutral
nghiện 2 anh yêu nhà,praise,neutral
1 tr like rồi,neutral,neutral
nhớ nhà,neutral,neutral
chc 2026 vui chúc mọi nguời vui vẻ,praise,neutral
xem hàng trăm lần lần rơi nước mắt xúc động lẽ bản thân mong mình hạnh phúc cuộc sống đợi chờ sau lần thất bại chiecs sừng dễ thương tổn thương thật sự hi vọng nhận tình cảm chân thành,praise,neutral
hình như cảnh đam mỹ,neutral,neutral
sắp tết rồi,neutral,neutral
đức phúc,neutral,neutral
tuyệt vời,praise,neutral
quyenamstation như không,neutral,neutral
mình nghe giọng đức phúc hợp bài hát why nghĩa nhé mấy bài tinh yêu đôi lứa đơn thuần không hợp lắmmong bài như,praise,neutral
dự kiến bài hot hits trở thời điểm tết âm lịch,neutral,neutral
agn tachyon low cortisol,neutral,neutral
way deada chang titl low cortisol son,neutral,neutral
thật sự không hiểu video yêu thương như thế ng ấn dislike đươc,praise,neutral
bài anh thật sự ý nghĩa love duc phuc so much 3,neutral,neutral
giá lần tết ba mẹ tất cô chú ăn tết ông bà nội ngoại,neutral,neutral
xem xong mv rưng rức nước mắt,neutral,neutral
chưa bao giờ like mv vày lần đầu tiên like giống không,neutral,neutral
polynomi expon spike cortisol,neutral,neutral
ý nghĩa nữa,neutral,neutral
chào,neutral,neutral
ngồi xe bus nghe bài chỉ muốn nhà nhanh thôi,praise,neutral
nghe bài đen vâu ngờ trúng đê nhà tếttết mùa xuân trúng bài mùa xuân,neutral,neutral
set video speed 125 hear low cortisol song,neutral,neutral
ui 1 năm không nghe bài khác ghê luôn cuốn3,neutral,neutral
thật,neutral,neutral
mv cưng hết sức,neutral,neutral
chưa zing mp3 tình yêu,praise,neutral
anh em nghe bài năm 202 nữa không,neutral,neutral
giọng đức phúc hơn,neutral,neutral
nghe vd ông nam,neutral,neutral
tiktok giúp bài lâu lâu nổi,neutral,neutral
mv hơn 2 tháng rồi nghe cuốn thật sự,neutral,neutral
nghe nghe muốn nghe,neutral,neutral
em hỏi anh anh yêu em không anh không biết phải nói thế để đúng cảm xúc lòng anh nhìn em anh thấy cuộc đời anh khứ tương lai hiện tại không bao giờ phai tình yêu anh luôn thầm lặng không nghĩa không rộng lớn chỉ anh đôi khó nói lời mong em hãy cảm nhận thôi cao hơn núi dài hơn sông rộng hơn đất xanh hơn trời anh yêu em anh yêu em thế thôi vượt ngọn gió vượt đại dương vượt áng mây thiên đường dẫu nói bao cảm giác anh bây giờ lẽ hơn yêu anh nhớ lần đầu tiên gặp nhau chẳng biết trước lần lần cuối anh yêu đời anh không mơ gặp yêu nữa giờ anh em rồi em hết quãng đường đời tình yêu anh luôn thầm lặng không nghĩa không rộng lớn chỉ anh đôi khó nói lời mong em hãy cảm nhận thôi cao hơn núi dài hơn sông rộng hơn đất xanh hơn trời anh yêu em anh yêu em thế thôi vượt ngọn gió vượt đại dương vượt áng mây thiên đường dẫu nói bao cảm giác anh bây giờ lẽ hơn yêu cao hơn núi dài hơn sông rộng hơn đất xanh hơn trời anh yêu em anh yêu em thế thôi vượt ngọn gió vượt đại dương vượt áng mây thiên đường dẫu nói bao nhiêu cảm giác anh bây giờ lẽ hơn yêu cảm giác anh bây giờ lẽ hơn yêu,praise,neutral
mv,neutral,neutral
giờ thích nghe,praise,neutral
gần 4 năm xa nhà,neutral,neutral
cày view đòi top 1 đức phúc nàoi,neutral,neutral
nghe bao lần thấy nhờ,neutral,neutral
năm mới tết tiền đầy túi tim đầy tình xăng đầy bình gạo đầy lu muối đầy hủ vàng bạc đầy tủ sức khoẻ đầy đủ chúc mừng năm mới hapy new year 2021 cung chúc tân niên sức khoẻ vô biên thành công liên miên hạnh phúc triền miên túi luôn đầy tiền sung sướng như tiên chúc mừng năm mới nam moi 2021 chúc năm mới ấm áp bên cạnh nửa trái tim vui vẻ bên cạnh nữa trọn vẹn hạnh phúc bên cạnh bờ vai đêm ngày mai khắc mãi mãi 2 a p p why 2 e w 2 e a are an khang thinh vuong ăm ới pn hãy giữ tin nhắn người iu quý kể tôinếu quý gửi nhé đừng giữ riêng mình hí hí,praise,neutral
em hỏi anh anh yêu em không anh không biết phải nói thế để đúng cảm xúc anh anh nhìn em anh thấy cuộc đời em khứ tương lai hiện tại không bao giờ phai tình yêu anh luôn thầm lặng không nghĩa không rộng lớn chỉ anh đôi khó nói lời mong em hãy cảm nhận thôi cao hơn núi dài hơn sông rộng hơn đất xanh hơn trời anh yêu em anh yêu em thế thôi vượt ngọn gió vượt đại dương vượt áng mây thiên đường dẫu nói bao nhiêu cảm giác anh bây giờ lẽ hơn yêu đoạn 2 lời 2 bài hát anh nhớ lần đầu tiên gặp nhau chẳng biết trước lần lần cuối anh yêu đời anh không mơ gặp yêu nữa giờ anh em rồi em hết quãng đường đời tình yêu anh luôn thầm lặng không nghĩa không rộng lớn chỉ anh đôi khó nói lời mong em hãy cảm nhận thôi cao hơn núi dài hơn sông rộng hơn đất xanh hơn trời anh yêu em anh yêu em thế thôi vượt ngọn gió vượt đại dương vượt áng mây thiên đường dẫu nói bao nhiêu cảm giác anh bây giờ lẽ hơn yêu cao hơn núi dài hơn sông rộng hơn đất xanh hơn trời anh yêu em anh yêu em thế thôi vượt ngọn gió vượt đại dương vượt áng mây thiên đường dẫu nói bao nhiêu cảm giác anh bây giờ lẽ hơn yêuphương nguyễn phương nguyễn 1 ngày trước em hỏi anh anh yêu em không anh không biết phải nói thế để đúng cảm xúc anh anh nhìn em anh thấy cuộc đời em khứ tương lai hiện tại không bao giờ phai tình yêu anh luôn thầm lặng không nghĩa không rộng lớn chỉ anh đôi khó nói lời mong em hãy cảm nhận thôi cao hơn núi dài hơn sông rộng hơn đất xanh hơn trời anh yêu em anh yêu em thế thôi vượt ngọn gió vượt đại dương vượt áng mây thiên đường dẫu nói bao nhiêu cảm giác anh bây giờ lẽ hơn yêu đoạn 2 lời 2 bài hát anh nhớ lần đầu tiên gặp nhau chẳng biết trước lần lần cuối anh yêu đời anh không mơ gặp yêu nữa giờ anh em rồi em hết quãng đường đời tình yêu anh luôn thầm lặng không nghĩa không rộng lớn chỉ anh đôi khó nói lời mong em hãy cảm nhận thôi cao hơn núi dài hơn sông rộng hơn đất xanh hơn trời anh yêu em anh yêu em thế thôi vượt ngọn gió vượt đại dương vượt áng mây thiên đường dẫu nói bao nhiêu cảm giác anh bây giờ lẽ hơn yêu cao hơn núi dài hơn sông rộng hơn đất xanh hơn trời anh yêu em anh yêu em thế thôi vượt ngọn gió vượt đại dương vượt áng mây thiên đường dẫu nói bao nhiêu cảm giác anh bây giờ lẽ hơn yêu,praise,neutral
clip ngoại trừ khúc 2 đứa nam kết đôi,neutral,neutral
hơn yêu mình fa biết yêu lol,praise,neutral
10 nghe tới khúc nổi da gà,neutral,neutral
anh đưa e không,neutral,neutral
tết không rồi ˘˘,neutral,neutral
dở qúa,criticism,neutral
biết ông không,neutral,neutral
song give low cortisol,neutral,neutral
luôn đen vâu,neutral,neutral
nghe fb giờ mới nghe tiếc,neutral,neutral
mv,neutral,neutral
chị hát nghe ngọt cực luôn í,neutral,neutral
nhà nơi bão dừng sau cánh cửa năm khó khăn sắp chuẩn nhà thôi mọi người,neutral,neutral
view thua đom đóm non,criticism,neutral
1 ngày nữa kết thúc năm 2021 rồi vừa cảm thấy luyến lưu đôi chút vừa phấn khởi muốn đón năm mới bình an đỡ covid nghe bài đen cảm giác muốn ăn tết,neutral,neutral
lâu rồi chưa nhà,neutral,neutral
1 tết sắp tới giờ nghe không,neutral,neutral
đưa em đêm nay la lá la,neutral,neutral
anh đức phúc mv mục đích thoát fa ư,neutral,neutral
vượt view sơn tùng rồi đỉnh kout,praise,neutral
mv thật sâu sắc ý nghĩa,neutral,neutral
thích khúc cuối anh trường giang chị nhã phương,praise,neutral
hơn yêu nghe thích chung nhà không chỉ yêu đủ để hạnh phúc sự tôn trọng thông cảm bao dung chia sẻ thay đổi nhau để hoà hợp hơn hết thương tuyệt đối thương hoàn toàn mình thích cảm động xem mv phúc cảm ơn e,praise,neutral
hiếm videos tỷ lệ hình ảnh xem tuyệt,praise,neutral
đừng mk đường người,neutral,neutral
vietnames im excit tia song get internationali recognis ben long time sinc two banger hai phut hon se tinh becom famou thank much listen ai dua em ve low cortisol song special thank tia creat love chil song,praise,neutral
thật sự,neutral,neutral
leo top thôi mng,neutral,neutral
chẳng hiểu xem đoạn cuối hiện đôi thời gian bên nhau nước mắt mình rơi không ngừng như kiểu vừa vui thay vừa thấy tủi bản thân muốn 1 tình yêu tuyệt vời thế lâu dài thế gần 30 tuổi đời chỉ ước mơ xa xăm,praise,neutral
bài hát,neutral,neutral
nhớ nhà,neutral,neutral
high cortisol low cortisol,neutral,neutral
thích nghe nhạc luôn đơn giản sắp tết rồi hihi,praise,neutral
muốn khóc,neutral,neutral
thích cặp đam mỹ 3,praise,neutral
đầu thấy tên jack bến tre ngờ,neutral,neutral
mị hủ,neutral,neutral
trộm cắp tù cướp giật tù cờ bạc tù hút chích tù cẩu tặc tù sát nhân tù lừa đảo tù đại ca đại cốcừ tù muốn ăn không muốn tù tù tù zo,neutral,neutral
yêu đức phúc like không thích cmt,praise,neutral
chú nhạc vầy chết cháu rồi v nghiện hơn tuần nay chưa dứt luôn,praise,neutral
nghe bài muốn nghĩ tết thôi,neutral,neutral
beat mình nghe giống bài last friday night katy,neutral,neutral
bê đê thật,neutral,neutral
xem mv nước mắt tự rơi,neutral,neutral
ngày nghe bài hát a đen vâu lấy động lực học tập để bố mẹ,neutral,neutral
30 không ổn nha,neutral,neutral
quay thời kỳ covid 19 trước sau,neutral,neutral
bài hát nghe nghiện không khí tết vui vẽ,praise,neutral
á bài cưng ghe,neutral,neutral
nghe xong bài muốn ny ế sml,neutral,neutral
bài chú đen chil hết,neutral,neutral
bà nội em thích bài,praise,neutral
bài hát thật sự,neutral,neutral
cảm thấy nhớ nhà huhu,neutral,neutral
lẽ yêu thương thật sự chính như không thề thốt sống chết chỉ cần bình bình an an bên nhau thanh thanh đạm đạm đủ rồi,praise,neutral
tình yêu anh luôn thầm lặng,praise,neutral
2 tháng nữa tết 2025 rồi nghe không ạ,neutral,neutral
bài hát clip ý nghĩa cảm ơn đp,neutral,neutral
xem xong video mình hiểu nyc,neutral,neutral
low cortisol,neutral,neutral
chúng hiện tại mong tết nhà,neutral,neutral
2 tháng nữa hết 1 năm rồi nhanh thật,praise,neutral
nhạc nghe giai điệu quen đành dislike,neutral,neutral
mv tỉ lệ 219 phê thật,praise,neutral
cách ly,neutral,neutral
ấm áp thực sự,neutral,neutral
năm thất bại,neutral,neutral
nhac chi tia oi mong chi nhieu bai hit giong vay nưa a,neutral,neutral
nghe nhạc chú lớp 8 giờ năm nhất đại học chưa bao giờ thất vọng,neutral,neutral
chúc mừng đức phúc mv ý nghĩa cảm xúc luôn đong đầy,neutral,neutral
nghe lần ghiền roi nè,praise,neutral
zing không cj ơi,neutral,neutral
bài nghe thực sự low cortisol,neutral,neutral
cảm động cảm ơn đen vâu justate lời bài hát chất lượng giai điệu không phải chê,neutral,neutral
chúc mừng anh mv đạt hơn 10 triệu view nhs,neutral,neutral
mặt tk xấu ngư tró,criticism,neutral
chúc yêu cuộc tình nở hoa viên mãn mình tìm gọi chân lý tình yêu,praise,neutral
mv thật sự ý nghĩa,neutral,neutral
nghe mấy nay luôn 2 năm không thăm quê ngoại nhớ,neutral,neutral
bài thật mang hương vị hạnh phúc cuộc sống,neutral,neutral
thích nhạc anh ạ nghe hoài không chán luôn,praise,neutral
nghe xong mún người yêu tới nỗi rớt nước mắt luôn,praise,neutral
cày view thôi,neutral,neutral
người xem đầu tiên thứ 50tr,neutral,neutral
top 1 luôn rồi,neutral,neutral
quê em vĩnh long nha anh,neutral,neutral
xem mv muốn ny,neutral,neutral
em ca sĩ đầu tiên đăng ký kênh,neutral,neutral
thấm câu chữ,neutral,neutral
vãi,neutral,neutral
hát như ngậm cơm miệng v,neutral,neutral
thích luôn,praise,neutral
nghe êm,neutral,neutral
em không ngờ ngày nhạc xuất hiện game roblox jujusu bán gốc đổi tên trùng tên game khống biết colab không nữa nhạc việt vươn tầm,neutral,neutral
kỉ niệm,neutral,neutral
nghe 1 lần thấy thích,praise,neutral
mv phúc ơi,neutral,neutral
a ny e hát,neutral,neutral
trễ 3 năm ời,neutral,neutral
low cortisol song titl,neutral,neutral
mọi lời khen giọng ca em thể nói thừa thãi mv em ngày càng ý nghĩa đầu tư mãi yêu em mong em thành công hơn nữa,praise,neutral
cảm ơn banh mình khóc,neutral,neutral
chúc người yêu nhau thật hạnh phúc đén già nhé,praise,neutral
thích tia hải châu hồi người chiến thắng mãi giờ mới thấy hải châu 1 bài hit chúc bé tia thêm hit nữa nha,praise,neutral
mấy đứa fa xem chắc ức khóc chết mấtlêu lêu mấy đứa không người yêuyet,neutral,neutral
nhớ nhà bài hát trời,neutral,neutral
202 nghe,neutral,neutral
reali glad usa didnt win war veitnames,praise,neutral
2024 nghe,neutral,neutral
low cortisol agn tachyon,neutral,neutral
sau e củng tìm ng em yêu cuối,praise,neutral
mang tiền mẹ,neutral,neutral
3 cực,neutral,neutral
top trend 6 ngày,neutral,neutral
kh zing v huh,neutral,neutral
em kết câu hát cao hơn núi dài hơn sông rộng hơn đất xanh hơn trời anh are nghe cảm động á,neutral,neutral
1 năm sắp trôi,neutral,neutral
mv tuyệt vời thêm giọng hát c tràm rồi3,praise,neutral
mayb next time grow hair longer d,neutral,neutral
đoạn 2p 50s thấy chị ngồi xe lăn cảm động quá,neutral,neutral
nghe bài em nhớ biết ơn anh cám ơn anh em cố gắng nhanh khỏe trở thành phiên bản hoàn hảo chính mình để xứng đáng người hoàn hảo như anh,praise,neutral
lời bài hát cần ạ e hỏi a a yêu e không a không biết phải nói thế để đúng cảm xúc a a nhìn e a thấy cuộc đời a khứ tương lai hiện tại không bao giờ phai tình yêu a luôn thầm lặng không nghĩa không rộng lớn chỉ a đôi khó nói lời mong em hãy cảm nhận thôi cao hơn núi dài hơn sông rộng hơn đất xanh hơn trời a yêu e a yêu e thế thôi vượt ngọn gió vượt đại dương vượt áng mây thiên đường dẫu nói bao cảm giác anh bây giờ lẽ hơn yêu em nhớ lần đầu tiên gặp nhau chẳng biết trước lần lần cuối a yêu 1 đời a không mơ phải yêu nữa giờ a e rồi e hết quãng đường đời tình yêu a luôn thầm lặng không nghĩa không rộng lớn chỉ a đôi khó nói lời mong em hãy cảm nhận thôi cao hơn núi dài hơn sông rộng hơn đất xanh hơn trời a yêu e a yêu e thế thôi vượt ngọn gió vượt đại dương vượt áng mây thiên đường dẫu nói bao cảm giác anh bây giờ lẽ hơn yêu cao hơn núi dài hơn sông rộng hơn đất xanh hơn trời a yêu e a yêu e thế thôi vượt ngọn gió vượt đại dương vượt áng mây thiên đường dẫu nói bao cảm giác anh bây giờ lẽ hơn yêu,praise,neutral
cem hỏi anh anh amyêu em nhìu không anh không fbiết phải nói thế để đúng gvới cảm xúc lòng ckhi anh nhìn em anh amthấy cuộc đời anh fkhứ tương lai hiện gtại không bao giờ phai tình amyêu anh emluôn thầm lặng không fnghĩa không rộng clớn chỉ amanh đôi khó emnói lời mong em fhãy cảm nhận gthôi chorus cao hơn cnúi dài hơn csông rộng hơn amđất xanh hơn amtrời fanh yêu em fanh yêu em nhìu thế gthôi vượt ngọn cgió vượt đại cdương vượt amnhững áng mây thiên amđường fdẫu nói bao cảm ggiác anh bây ggiờ lẽ hơn ccả yêu,praise,neutral
anh trai ơi,neutral,neutral
low cortisol hors,neutral,neutral
chả hiểu nghe gần hết tự nhiên khóc đhs,neutral,neutral
cạo râu nhờ,neutral,neutral
tết rồi nhà thôi,neutral,neutral
cày view mạnh mng ơi,neutral,neutral
mv anh đầy cảm xúc nói tình cảm 2 người nhau vượt rào cản lớn nhất để bên nhau cs gia đình hp camon anh mv,praise,neutral
hơn yêu phải rem ạ,praise,neutral
binh duong love,praise,neutral
luôn,neutral,neutral
mẹ said năm ni ế vợ khỏi nhà,neutral,neutral
nghe bài nghiện lùn are,praise,neutral
049 đề văn năm nay,neutral,neutral
make speed 115 thank later,neutral,neutral
bao nhiêu năm sau in hình bóng,neutral,neutral
2 mẹ đều yêu nhạc đức phúc thích style đức phúcfrom mẹ 31 tuổi gái 4 tuổi,praise,neutral
6 năm rồi,neutral,neutral
ye anh đén si bâu hết video buồn rồi ca sĩ rồi thành tấm chiếu rách thôi,criticism,neutral
xuất sắc,neutral,neutral
sinh viên học xa nhà nghe chảy nước mắt,neutral,neutral
kind languag,praise,neutral
nge bài nhớ nhà,neutral,neutral
nghe nhớ tết dù nhà luôn chờ trở,neutral,neutral
tuyệt,praise,neutral
heart coment pleas,neutral,neutral
nhạc,neutral,neutral
giờ bến xe,neutral,neutral
xe máy mv hình như xe winer x đúng không nhở,neutral,neutral
tiếc nhất không hari trấn xìn,neutral,neutral
mk xin inf mấy anh yêu nhau không,praise,neutral
nay giỗ tổ hùng vương nghe không a e,neutral,neutral
xúc động ý nghĩa chúc phúc sức khoẻ luôn công hiến khán giả yêu em,praise,neutral
cảm ơn đức phúc mv ý nghĩa mình khóc xem khúc cuối chúc mn 1 mùa valentine vui vẻ cô đơn sớm tìm hạnh phúc nhé,praise,neutral
mình thấy như núi sông đất trời dùng để thể hiện tình cảm thiêng liêng cao cảcha mẹ dành ơn sinh thành chứ không phù hợp tình cảm đôi lứa chóng nở sớm tàn thay thế,neutral,neutral
nhớ nhà,neutral,neutral
2 tác phẩm thời gian nhà bài sơn tùng,neutral,neutral
like song make cortisol low,praise,neutral
khóc xem mv,neutral,neutral
thương thương,praise,neutral
xa quê rơi nư,neutral,neutral
quay lâm đồng nhé,neutral,neutral
mv cảm động khóc luôn are,neutral,neutral
hơn yêu yêu hơn tất,praise,neutral
gđ nhất,neutral,neutral
số bài hát đen vượt tháng ngày covid phong tỏa 202 thường nghe để nhớ thời khắc khó khăn vượt,neutral,neutral
bài nghe cưng cưng kiểu,neutral,neutral
co gia dinh la hanh phucnhung không phai cung co,neutral,neutral
sắp têt 2025,neutral,neutral
đường nhà tim dẫu nắng mưa gần xa thất bát vang danh nhà luôn chờ đường nhà tim dẫu mua trùng vật đổi dời nhà luôn nhà ver đen vâu lao đời tìm miếng cơm lao đời tìm cơ hội thành thị thường lấp lánh đêm thành thị thường trơ trọi như mọi đứa trẻ khác lớn muốn xa hoài nhà yên đợi đứa ngoài bước ngoài mới biết không bằng nhà biết để mất trước sẵn sàng mở quà không phải võ sĩ phải giỏi đấu đá kiệt sức chỉ gắng giữ mình không xấu xa đôi bỗng thấy mình đồng cảm mai an tiêm bước chân sống gió chỉ nhà mãi an yên ngoài phức tạp như rễ má dây tơ nhà để phép mình ngây thơ justate mang bao nao nức xe chở niềm háo hức xuân suốt đêm ngày dòng người phố mang sắc mai hương đào tìm nơi ấm êm đường nhà tim dẫu nắng mưa gần xa thất bất vang danh nhà luôn chờ đường nhà tim dẫu mua trùng vật đổi dời nhà luôn nhà đen vâu ngôi nhà góc vườn chó gà đám nói khó chiều thích gió trời hơn gió hòa ăn cơm mẹ nấu mặc áo mẹ may đưa ba chợ mua cây đào cây mai bày năm trời rã rời như máy nhà thấy áp lực nhẹ như bấc thổi bay ấm êm hơn bếp lửa ngọt bùi hơn lúa non nhà luôn mong chờ đứa dẫu nắng không bao giờ nề hà hạnh phúc chỉ đơn giản nhà hạnh phúc nhà cô đơn nhà thành công nhà thất bại nhà mệt nhà mông lung nhà chênh vênh nhà không nhà không nhà nhà nhà justate đường nhà tim dẫu nắng mưa gần xa thất bất vang danh nhà luôn chờ đường nhà tim dẫu mua trùng vật đổi dời nhà luôn nhà đen vâu nhà lớn thể nhỏ thể không khang trang cha mẹ muốn sống đàng hoàng lớn người mong tương lai sáng lạn cặm cụi đời không bao giờ thấy than van justate đường nhà tim dẫu nắng mưa gần xa thất bất vang danh nhà luôn chờ đường nhà tim dẫu mua trùng vật đổi dời nhà luôn nhà,praise,neutral
chị em chụp hình cưới xong lấy bài nền,neutral,neutral
giờ anh em rồi em hết quãng đường đời tình yêu anh luôn thầm lặng không nghĩa không rộng lớn chỉ anh đôi khó nói lời mong em hãy cảm nhận thôi cao hơn núi dài hơn sông rộng hơn đất xanh hơn trời anh yêu em anh yêu em thế thôi thấm,praise,neutral
bài hợp đám cưới,neutral,neutral
nghe mãi không chán,neutral,neutral
nghe xong muốn nhà,neutral,neutral
nho nyc,neutral,neutral
thực sự cảm động,neutral,neutral
hai cạp đôi bể bơi béo ae thấy đúng không,criticism,neutral
fel cortisol lower quen,neutral,neutral
nghe nhìu lần mới thấm,neutral,neutral
lâu mới gặp hiếu,neutral,neutral
ngày đầu tiên em nghe mới 3 triệu bây giờ 20 triệu rồi bài hát ý nghĩa reply 1 ngày mấy chục lần không chán,neutral,neutral
cảmgiác ấm áp vừa đủ buổi sáng thức dậy đơn giản chỉ thoáng hình ảnh,neutral,neutral
song slap hard,neutral,neutral
top 1 mọi người ơi,neutral,neutral
bài đỉnh,praise,neutral
tik tok đưa mị,neutral,neutral
may mắn người thứ 20tr,neutral,neutral
sub tăng vèo vèo chả mấy nữa nút vàng olala,neutral,neutral
cảm ơn anh đức phúc bài hát ý nghĩamk khóc anh live bài hơn yêu tại đám cướicám ơn nhớ lgbtcặp đôi quang minh đức sang sơn hồng phạm thony đẹp đôi lắmkhi chiếu cận cảnh anh đức sang kí ức ùa nhớ thượng ẩn nv bạch lạc nhân bờ môi đóánh mắt đónhớ thanh xuân yuchou,praise,neutral
ba mẹ ly hôn 2 năm rồi 2 năm mình chưa tết đón giao thừa gia đình tết nhà tất thiếu mẹ em gái giao thừa ba ngủ lớn tuổi rồi nhìn người hạnh phúc cười nói đón giao thừa gia đình mình loang quanh chỉ 1 mình ngồi nhìn pháo hoa rồi nhà sự cô đơntết gọi dịp gia đình xum vầy sự cô đơn nổi đau chỉ người không gia đình mới hiểu ạchúc mọi người năm mới bình an hạnh phúc bên gia đình,neutral,neutral
khóc,neutral,neutral
nhà thôi anh em,neutral,neutral
1 đứa bỏ bê âm nhạc mấy năm nay như mình mò nghe hoài,neutral,neutral
bài cực kỳ cute luôn a ơi,neutral,neutral
1 ngày nữa tết rồi 3,neutral,neutral
love,praise,neutral
204 má đam nữa,neutral,neutral
2021 mong a thành công hơn nữa,neutral,neutral
bài hát tuyệt vời câu ý nghĩa càng nghe càng lau nhà chỉ bật duy nhất bài nghe thôi chúc mừng đức phúc,praise,neutral
mv cảm xúc,neutral,neutral
nghiện bao năm nghiện,praise,neutral
top1 trending rồi nhà ơi,neutral,neutral
nghe cuốn vch hihi3,neutral,neutral
thứ anh cần melody,neutral,neutral
bài hát ngangremix càng nghe không không cảm xúc,neutral,neutral
ah ye cortisol decreas,neutral,neutral
cặp đôi chi vận động viên minh ly hoàng anh em muốn khóc luôn á anh mắt chj ý kiểu thật sự hạnh phúc luôn á bài hát,neutral,neutral
w fil,neutral,neutral
tiết âm nhạc hồi chiều cô bật mv nghe vãi,neutral,neutral
ơi,neutral,neutral
em nhớ lần đầu tiên gặp nhau chẳng biết trước lần lần cuối em yêu đời,neutral,neutral
1 năm sau quay không biết 10 tim không,neutral,neutral
đức phúc the voice hả mn,neutral,neutral
òm liền,neutral,neutral
mv wonder misthi love,praise,neutral
đẹp trai hô hjhj,praise,neutral
ủa mv xứng đáng đứng top 1 như nhỉ top 1 đóm ơi chiến,neutral,neutral
lwk god song low cortisol exam time,neutral,neutral
cảm ơn anh sản phẩm âm nhạc chất lượng như đứa xa nhà lâu như em thật sự muốn trở nơi gọi nhà,neutral,neutral
đen vâu đưa mk rap 3,neutral,neutral
nè,neutral,neutral
bọn dislike bọn óc không não phải không ae,neutral,neutral
chào anh,neutral,neutral
hi vọng giao thừa đọc toàn cmt nhà nghe bài,neutral,neutral
hời seo không kevil khánh khởi my kiên hòag heo mi nhon zợ tiếc ghê nhưg bài hát,neutral,neutral
true low cortisol song,neutral,neutral
2322021 xem không,neutral,neutral
20526m 37k so 2 ngày trc,neutral,neutral
ho 215 nghe lần đầu,neutral,neutral
ngày nghe bài thích,praise,neutral
chị hồng hạnh xinh ghê,neutral,neutral
cảm ơn a bài rap chất lượng cực i love you,neutral,neutral
tik tok tới,neutral,neutral
bên trái ngoài thứ 2 sướng ghê bệnh ny chăm sóc m bệnh rồi chả nói chi ny,criticism,neutral
honda winer hân hạnh tài trợ mv,neutral,neutral
titl chang low cortisol move,neutral,neutral
nhớ năm tháng ăn vất vả xa quê chỗ để chỉ 1 nơi để gọi nhà,neutral,neutral
đáng lẽ phải để low cortisol trend theme mới đúng,neutral,neutral
hỏi 308 tham gia chương trình mv khác không thấy ấn tượng nhớ wai không,criticism,neutral
top 1,neutral,neutral
team 49đâu rồitết rồi,neutral,neutral
không giám nghe nhớsợ lòng mình yếu đuốicó người nghe thấy lòng thêm ấm người vết cứa tim dẫu buồn đau nhà mãi nhànhớ nhà quáta muốn nhà,criticism,neutral
insert chibi tachyon hip danc,neutral,neutral
ng vô gia cư không trái tim,neutral,neutral
truli umaz,neutral,neutral
love cal low cortisol song lol,praise,neutral
sắp mv mới đức phúc đấy nha,neutral,neutral
tia hit hit hit đường nhà không xa 3 ngã 5 rồi 5 ngã 3 tới gần,neutral,neutral
fan khen ngợi hết lời phúc không tim nhỉ,neutral,neutral
thực sự,neutral,neutral
tuyệt vời ông mặt trời ủng hộ anh hơn nữa,praise,neutral
em bài văn tình cảm gia đình em xin tí ý tưởng,neutral,neutral
chúc mừng mình nay mình mua nhà ạ,neutral,neutral
al lower cortisol,neutral,neutral
thật sự coi mv cứ cười mỉm suốt luôn í mv thật sự ý nghĩa cảm ơn đức phúc,neutral,neutral
extrim vệ sinh giày,neutral,neutral
low cortisol song,neutral,neutral
thích nhạc đen đơn giản chạm tâm hồn thấy mình cần phải sống tử tế dù cuộc sống cám dỗ phải thật mạnh mẽ dù phải đối mặt khó khăn em chỉ muốn nói lời cảm ơn anh đen ekip nỗ lực không ngừng để tạo sản phậm tuyệt vời như âm nhạc anh không chỉ để nghe để ngẫm lời bài hát hướng giá trị nhân văn cao đẹp giáo dục đạo đức người,praise,neutral
để trở tui kb ngày rồi tuyên quang ghi nhận 41 ca f0 1312021,neutral,neutral
noth describ fele right,praise,neutral
31 ngày nữa tết gòi 3 yeah,neutral,neutral
tuần sau nha rồi mau mau thôi,neutral,neutral
202 vẩn,neutral,neutral
kay len top 1 đê híc bực,neutral,neutral
5p45 súc động thật luôn ý suýt khóc,neutral,neutral
ý nghĩa,neutral,neutral
thi rớt đừng nhà,neutral,neutral
nghe mấy bài này nó sâu sắc hơn bài thiên đàng nó ý nghĩa hơn,neutral,neutral
nhớ nhà mẹ ơi,neutral,neutral
2025 nghe nhạc không,neutral,neutral
èo khúc đầu vãi anh chị lưu hương giang đúng hp thật,neutral,neutral
kinh motobik honda vison color kk,neutral,neutral
đoạn cuối phải thêm đức phúc ế lâu năm,neutral,neutral
thích a đen cười,praise,neutral
2 tháng nữa bài hát tròn 1 năm mắt thời gian tết thấy nhớ nhà thực sự,neutral,neutral
cortisol listen masterpiec,neutral,neutral
bài hát người biết,neutral,neutral
ơ thế sắp tết rồi cơ,neutral,neutral
bài hát ý nghĩa thế nhạc việt người nghe khắp thế giới chưa biết thật đáng tiếc,neutral,neutral
bài hát chính xác,neutral,neutral
mv phải gọi tuyệt vời,praise,neutral
quay cuối cảnh chú hạnh phúc cô kim hải kết hôn 34 năm xong chốt đp chửa 1 nửa yêu thương kìa,praise,neutral
top1 trending chúc mừng đức phúc 3,neutral,neutral
em thích nhất mấy cặp lgbt luôn í ạ3,praise,neutral
nguyễn đp singer,neutral,neutral
cún bảo bối erik,neutral,neutral
nghe nghìn lần không chán,neutral,neutral
nghe bài ông bà nội chưa chét,neutral,neutral
thiếu trấn thành hariwon rồi,criticism,neutral
giá mua bài itunes mình muốn sở hữu bài hát 3 phúc bán bài hát itunes mình ủng hộ hết mình,neutral,neutral
tiktok asid peak song,neutral,neutral
tiếc fan a đen không đông toàn view sạch chỉ top 3,neutral,neutral
bài hát ý nghĩa ạ,neutral,neutral
chúc tết mọi người chúc tết anh đen vâu,neutral,neutral
ân thi hung yên điểm danh phát,neutral,neutral
lyrics nhạc giờ tắt phố thức đèn đường hiu hắt chút mưa bay mi mắt rồi đưa em đêm nay giờ phố mấy đôi thầm nhỏ to tíu tít chạy rồi đưa em đêm nay tim em đau rồi chân em mỏi rồi đông rồi em mình thế thôi đêm nay thật dài em mệt nhoài sương rơi đêm lạnh đầy đưa em đêm nay take me back back home đường chẳng xa đưa em ba ngã năm năm ngã ba nhà take me back back home đường chẳng xa đêm khuya rồi không đưa em nhà lalala lalala lalala đưa em lalala la lalala không đưa em let me take you home baby from nine to five tan ca thật mỏi mệt em biết đường tuyệt nhiên không khó lẽ sự cô đơn khiến đôi chân em mỏi oh em xa anh đưa nha đừng mình đường người không vội anh đợi dừng bao nhiêu lần đèn đỏ chỉ khiến anh vui thôi tim em đau rồi chân em mỏi rồi đông rồi em mình thế thôi đêm nay thật dài em mệt nhoài sương rơi đêm lạnh đầy đưa em đêm nay take me back back home đường chẳng xa đưa em ba ngã năm năm ngã ba nhà take me back back home đường chẳng xa đêm khuya rồi không đưa em nhà lalala lalala lalala đưa em lalala la lalala không đưa em phố ngoài nhớ em nơi biết bao lần nhạt dần chẳng đúng hẹn nơi em dừng chân oh babe đêm nay thật dài anh biết giờ em cảm thấy bước em thật mệt nhoài sương rơi đêm lạnh đầy em không để anh đưa em nhà đêm nay take me back back home đường chẳng xa đưa em ba ngã năm năm ngã ba nhà take me back back home đường chẳng xa đêm khuya rồi không đưa em nhà lalala lalala lalala đưa em lalala la lalala không đưa em,praise,neutral
mv,neutral,neutral
xem mv tới đoạn hồng hạnh chạy ôm cát tường khóc luôn thêm hành động vuốt tóc nữa trời ơi,neutral,neutral
cưng xỉu luôn á,neutral,neutral
bài hát mình phải rep rep để nghe thật sự cảm xúc quả thật không hơn nhà,neutral,neutral
gần 10 triệu rồi,neutral,neutral
chạm nổi lòng biết bao người sắp tết nghe bài độc hành thấy vui háo hức tuyệt,praise,neutral
bày nhất 3 bày đứng đầu,neutral,neutral
bài vãi càng nghe càng,neutral,neutral
anh yêu em thế thôi,praise,neutral
hơn,neutral,neutral
top 1 trending are love đức phúc,neutral,neutral
thanh hoá,neutral,neutral
sumer 2026 go fel like relaxchilenjoy,praise,neutral
god 1 mv đủ đầy ý nghĩa dành al nhìn thấy bóng dáng mình ck,neutral,neutral
gần tết rồi mn chuẩn tới rồi,neutral,neutral
nhà quan trọng nhất,neutral,neutral
đ ị t c o n m ẹ c á i t h ằ n g đ i ế m p h ú c l ồ n,neutral,neutral
thích bài đen cực,praise,neutral
đưa tia em đưa tia 3 ngã 5 ngã 5 sang ngã 3 đưa tia nhà,neutral,neutral
reali chang cant believ eye,neutral,neutral
tuyệt vời,praise,neutral
vừa khóc vừa nghe nhạc lấy chồng xa năm nay vướng dịch mấy tháng rồi chưa gặp mẹ nhớ nhà,neutral,neutral
agn danc,neutral,neutral
để ý phần trân trọng cảm ơn cún erik gọng kính erik không,neutral,neutral
way fel cortisol lower rn,neutral,neutral
không hiểu nghe nhạc đp khóc,neutral,neutral
hôm nay mình xem bài hát đầu tiên vtv3 mình bài hát hơn yêu,praise,neutral
make cortisol level lower,neutral,neutral
ý nghĩa cuối năm hát ráp bài mới thật nhà đáng nghe,neutral,neutral
năm nay thi tuyển sinh anh vâu định bài mới kh,neutral,neutral
mk không ngời a đen vâu yt 5 năm mới 339 triệu sup,neutral,neutral
mình lần nge bài không biết nước mắt rơi,neutral,neutral
m nghĩa vụ đứa hỏi m sừng dài bn mày 113,neutral,neutral
chủ kênh bắt trend luôn,neutral,neutral
yay cortisol finali lower,neutral,neutral
lớp kiểu học muộn nhà không bài nhà thiếu bài nhà thiếu khăn quàng nhà không đồng phục nhà yah yah,criticism,neutral
10m view rồi dìa dia,neutral,neutral
7 năm chưa lần ăn tết mẹ đẻ,neutral,neutral
tui khóc luôn,neutral,neutral
chưa zingmp3,neutral,neutral
bài ngày 142 ý nghĩa hơn,neutral,neutral
anh ơi,neutral,neutral
t1 thinhanh mv đóm t2 sếp tùng t3 đen vâu,neutral,neutral
không icm xóa video hơn yêu trở top 1 thịnh hành,neutral,neutral
xe mới luôn 67 roi,neutral,neutral
ơn chúa ơi hãy du lịch nghỉ dưỡng tại phú quốc đà lạt hội an hãy khỏe mạnh,neutral,neutral
bài nghe năm sang năm khác thấy hayảo thật đấy v,neutral,neutral
tuyệt,praise,neutral
em nghe bài xong tự em cảm thấy em trở thanh xuân,neutral,neutral
em chào anh hơn yêu anh hát video hình ảnh đẹp ạ,praise,neutral
rồi phải nhà,neutral,neutral
sắp nhà rồi lòng nặng trĩu mang tâm sự năm chưa chẳng đồng để trở mong mọi thứ trở bình thường mọi người không phải sợ covid đáng ghét nữa,criticism,neutral
mv,neutral,neutral
cover bài em thấy anh buồn anh,criticism,neutral
giọng hát form laos,neutral,neutral
bài hát ý nghĩa giọng hát,neutral,neutral
zờ mới xem mv uí,neutral,neutral
bro aint way chang titl low cortisol song,neutral,neutral
bài cuối bài v ạ,neutral,neutral
covid quákhỏi nhà,neutral,neutral
sắp 1 triệu like,neutral,neutral
mv để tỉ lệ 189 rồi ak,neutral,neutral
2025 điểm danh,neutral,neutral
sa palào cai want go home,neutral,neutral
insert one low cortisol tachyon gif,neutral,neutral
cao hơn núi dài hơn sông rộng hơn đất xanh hơn trời anh yêu em anh yêu em thế thôi dịch ngay nóng yêu bé phúc,praise,neutral
thật sự lần đầu tiên nghe 1 bài hát cảm động rơi nước mắt như bài luôn ạ,neutral,neutral
cảm ơn đức phúc đem cảm xúc thật tích cực tình yêu không phải yêu xa lừa dối không phải tình yêu đồng tính đem mảng miếng hài nhạt nhẽo,praise,neutral
low cortisol,neutral,neutral
cris mai quỳnh anh dthg biết mấy,neutral,neutral
sừng tui cao hơn núi dài hơn sông,neutral,neutral
041 cortisol start decreas speed 12515 reali low cortisol,neutral,neutral
nghe đoạn rap nhà nước mắt không ngừng chảy,neutral,neutral
1m like,neutral,neutral
lou lou nghe thật ấm áp tui 1 số kỉ niệm bài,neutral,neutral
thích giọng justate ghê cơ,neutral,neutral
toi tích việt nam toi la người pháp va toi học tiêng viet,neutral,neutral
mong lời dịch tiếng anh chị hana,neutral,neutral
mv tuyệt vời ca ngợi tình yêu không giới hạn dù già trẻ nhỏ tuổi lớn tuổi khuyết tật hiếm muộn đồng tính dị tính công ngành nghề khác nhau không giới hạn tình yêu,praise,neutral
sống ngày bài n hot bên nc ngoài,neutral,neutral
ca khuc tuyet voi vân luôn yêu giọng ca đức phúc ngôn thật tuỵet minh khóc nge bài hát chúc phúc luôn thành công,praise,neutral
t điện máy chỗ t trưng bày 79 tivi t bật hết để cày view bài t siêu thị nghe luôn,neutral,neutral
như tui không cứ buồn nghe bài vui hẳn,praise,neutral
cortisol lower,neutral,neutral
ca,neutral,neutral
xem xem không bao h chán cólike khôngcmt,neutral,neutral
không biết bài hát nghe ngày như mình không nhỉ,neutral,neutral
nghe xong muốn khóc,neutral,neutral
đối hcy âm thầm tất nhửng tốt đẹp người mình yêu không mong chờ nhận chỉ cần vui vẻ hạnh phúc,praise,neutral
sky tặng chú đen 1 like nhé chúc mv thành công,neutral,neutral
hay vaicalon ban oi pro vjp uwu,neutral,neutral
65 cần thơ,neutral,neutral
cmt video youtube clip thật khiến mình xúc động mv thật ý nghĩa quan trọng mv chạm trái tim người mình cám ơn tất mọi người góp sức mv thân thương,praise,neutral
4 năm are ư,neutral,neutral
giờ mới biết tia âm nhạc tia cứ nhẹ nhàng lạ,neutral,neutral
đen vâu dự đoán như thần trời nhà hết trơn rồi,neutral,neutral
chú chó xuất hiện 225 loài thế ạ,neutral,neutral
ê kíp quỷ đỏ em chưa ngắm nhìn thông báo anh em không bao ý kiến em,criticism,neutral
video,neutral,neutral
x2 nghe,neutral,neutral
nghe không nè,neutral,neutral
đen vâu justa te,neutral,neutral
nghe mãi không thấy chán luôn,neutral,neutral
đức phúc nhìn dễ thương thật vậy mà cũng có đứa chê đúng là bọn óc chó fan quân ap mà còn thấy vậy,praise,neutral
phúc ơi video cảm động nữa,neutral,neutral
kiệt sức chỉ giữ mình không xấu xa,neutral,neutral
ế xem mv chút gato nhẹ,neutral,neutral
thật phải bấm stop để đọc lá thư h,neutral,neutral
thật nhất năm 202 mình nghĩ thôi chứ thật,neutral,neutral
mẹ không nhớ hồ sưa ngta chỉ liếc lườm mẹ đủi bà muốn kêu bà ngủ nhờ thiệt không phải bà chỉ muolsn rủi,neutral,neutral
pov low cortisol,neutral,neutral
phản hồi thứ 478 nè,neutral,neutral
tết này được về nhà lại là một năm đón tết không có mẹ,neutral,neutral
ua cặp hồ hoài anh ct roi ma,neutral,neutral
tet come son,neutral,neutral
tik tok bây bên xem c tia hát dễ thươngchúc a hiếu c tia hạnh phúc2ac đẹp đôi tình yêu 2 ngừ dễ thương chân thành,praise,neutral
lần nghe nhà nhớ tết,neutral,neutral
xem mv tự dưng nước mắt mình chảy không nhấn bên nhá,neutral,neutral
40 ngày nữa hết đời quân ngũ sắp mẹ rồi,neutral,neutral
bài nghe kiểu ấm áp,neutral,neutral
047 low cortisol,neutral,neutral
cố top 1 1 tuần,neutral,neutral
dính ạ,neutral,neutral
bây giờ xem không ạ xin 1 like nhé,neutral,neutral
năm nay bé nhỏ không nhà phải sg rồi,neutral,neutral
hôm nhận cuộc gọi chào hỏi người lông mày to tốt bụng bắt mắt cười hiền biết ơn anh chàng khiến hạnh phúc haha,praise,neutral
lâu mới xem mv xúc động nội dung lẫn âm nhạc như thế 3 yêu phúc cmt phải log vô cmt,praise,neutral
muốn bài zingmp3,neutral,neutral
90tr view ròi xuất sắc đen vâu ơi,neutral,neutral
mắc ỉa nhà,neutral,neutral
hơn 9 tháng mv đời,neutral,neutral
nghe muốn quê liền luôn,neutral,neutral
422024 tết xa nhà cầu mong năm mới bố dì e trai đón tết an lành năm mới thật sức khỏe vui rồi,praise,neutral
buồn,criticism,neutral
thôi sau hát bài ngy nghe mới,neutral,neutral
xung dang de cay view,neutral,neutral
vỡ nợ nhà không,neutral,neutral
cortisol increas learn guy copyright strike guy make remix ver,neutral,neutral
chú đen vâu ơi năm nay 2k3 thi văn bài thế ạ,neutral,neutral
51 nhà đậu kìa,neutral,neutral
nhà nhà,neutral,neutral
đôi ước mơ quay ngôi nhà ngày xưa thơ bé xem mẹ gói bánh chưng tiếc thay mẹ giờ xa nhà chẳng nhớ mẹ,neutral,neutral
nghe khóc nhớ nhà,neutral,neutral
team hate covid thích like share giúp đen vâu justate,praise,neutral
năm 2025 ngày đẹp nhất đời anh,praise,neutral
cám ơn chị,neutral,neutral
everyon scientist hors,neutral,neutral
không nhầm đức phúc đồng tính phải không b,neutral,neutral
mv ýa nghĩa,neutral,neutral
hapy new year đen vầu,neutral,neutral
chắc mình người duy nhất khóc xem mv,neutral,neutral
ca mùi đam mỹ kìa,neutral,neutral
wá chế ơi,neutral,neutral
nghe nhà bn 140 nhà bằng mọi giá không,neutral,neutral
mùi dầu ăn 1 clip,neutral,neutral
chúa luôn biết tốt đẹp nhất dành người chỉ cần người gia đình cháu phúc rồi,praise,neutral
peak low cortisol song,neutral,neutral
tình yêu anh luôn thầm lặng,praise,neutral
quảng cáo,neutral,neutral
song reali make cortisol lower thank creat beauti song,neutral,neutral
10m,neutral,neutral
đức phúc chưa kết hôn lần haha,neutral,neutral
nghiện gòi,praise,neutral
đợt gần tết năm ngoái học sg ngày mở nghe sáng trưa tối cứ học mở nghe nôn nức nhà năm nay khác nhà 3 tháng liền rồi,neutral,neutral
phải b hát shark tank deal umbala không nhỉ,neutral,neutral
10 triệu đê,neutral,neutral
người mưu sinh nước ngoài như mình bài chắc chắn top 1 rồi 4 tết japan cry,neutral,neutral
top 1 dinh rồi,neutral,neutral
thật tuyệt vời chú vâu ơi,praise,neutral
ý nghĩa khóc thật sự em nhớ a,neutral,neutral
saw 6 yr ago saw 2019 cortisol increas,neutral,neutral
2026 rồi nghe không,neutral,neutral
năm ngoái nghe hoài luôn,neutral,neutral
đức phúc mv gầy mặt nhô béo tẹo đẹp e nhé chúc mừng bh mới e tuyệt vời,neutral,neutral
didnt think would true,neutral,neutral
nhờ tik tok biết nhìu nhạc vl,neutral,neutral
đôi cặp em lẽ bóng,neutral,neutral
bài anh đen em thích trừ bài ghét kinh khủng em không chốn để dù trời sập chỉ tự thân chống thôi,neutral,neutral
úh bất ngờ cuối nga з,neutral,neutral
lgbt nữa kìa hihi v like nhe,neutral,neutral
lậu không nghe h thấy cuốn,neutral,neutral
trường e bếp lửa nè,neutral,neutral
sắp tết rồi năm trôi nghe giai điệu bài hát muốn nhà bố mẹ,neutral,neutral
nè,neutral,neutral
mới xuất ngũ giơ tay,neutral,neutral
nhà,neutral,neutral
bài hát thật thanh mát,neutral,neutral
anh phan nam,neutral,neutral
thêm 1 năm sắp nhà giấc nữa,neutral,neutral
giọng đức phúc kết hợp bà chỉ thể nói sinh thuộc nha chúc mừng đức phúc,neutral,neutral
dở qưuas,criticism,neutral
thank lower cortisol,neutral,neutral
9 tr xem,neutral,neutral
đó viet sup để mình hát với cám ơn nhiều ạ,neutral,neutral
thích giai điệu bài hát nghe nguoi khác không thích giong duc phúc,praise,neutral
đánh dấu giúp quê tui 7 bình định,neutral,neutral
cút chuột túi kylie pepa,neutral,neutral
510 gđ nhà xoài cơ yêu,praise,neutral
hình như đam kìa mọi người,neutral,neutral
đỉnh chú đen ơi,praise,neutral
nhờ bài e thi hát giải,neutral,neutral
muốn nhà nghĩ nợ chờ cổng thôi e dẹp luôn suy nghĩ,neutral,neutral
sung sướng nha top1 trở,neutral,neutral
giọng justate nghe êm vch,neutral,neutral
mv luôn cảm động muốn khóc,neutral,neutral
6 year ago enjoy 2026 low cortisol,praise,neutral
87tr rôig,neutral,neutral
yêu nhau không quan trọng tiền tài giới tính tuổi tácvv chỉ cần bt yêu chỉ cần bên nhau suốt đời vui vẻ hạnh phúc,praise,neutral
8 năm rồi không ăn tết,neutral,neutral
tất cặp đôi đều đáng yêu 3,praise,neutral
nhớ bố mẹ,neutral,neutral
tết xuân nghe bài dịch bệnh nghe càng thấy buồn,criticism,neutral
becom low cortisol,neutral,neutral
low cortisol,neutral,neutral
tình yêu món quà,praise,neutral
340 t khóc,neutral,neutral
thế 1 tết nữa sắp rồi 3,neutral,neutral
nghe nhac bai nay giong nhac phim pokemon,neutral,neutral
bố mẹ ơi chờ nhé oy,neutral,neutral
coi mv súc động thật sựquá,neutral,neutral
t bt thử nghe bài rồi sau thấy,neutral,neutral
2021 nghe không,neutral,neutral
lam phuc oi,neutral,neutral
valentine chỉ nghe bài nay thôi hi,neutral,neutral
kết đoạn cuối mợi người ơi,neutral,neutral
low cortisol song son t fire,praise,neutral
a ạ ý nghĩa ấm ápan bình,neutral,neutral
lần mik nghe bài mik nhớ gia đình,neutral,neutral
bài,neutral,neutral
bao nhiêu ca sỹ hiếm ca sỹ hiện nay lời ca mộc mạc chân thành thấm tim người nghe như anh đen cảm ơn anh đen,neutral,neutral
đưa em yêu em hơn anh bà mùa thu tàn úa,praise,neutral
huế ạ,neutral,neutral
ý nghĩa cực kỳ thích giọng đức phúc ạ,praise,neutral
sắp tết rồi sắp nhà rồi bài hát ỹ nghĩa cảm ơn anh đen vâu justate,neutral,neutral
10 tim 1 vạn tim 1 ti tỉ tim,neutral,neutral
mv ý nghĩa anh ơi,neutral,neutral
cortisol lower thank,neutral,neutral
259 winx xanh lá cây đẹp ghê bây,neutral,neutral
vô gia cư ngồi xem mv không,neutral,neutral
bài hát tình cảm quớ,neutral,neutral
2k3 sắp phải xa nhà rồi hi vọng người sắp xa nhà xa nhà không cô đơn dù thành công công không khỏi cảm giác buồn bã cô đơn nhà chính nơi để,neutral,neutral
chuẩn bị đón tết cổ truyền xuân ất tỵ 2025 thôi mọi người,neutral,neutral
nghe rồi khóchơn nữa năm rồi chưa nhà sài gòn lo toang tiền bạc trãi trị covid rồi mới thấy cuộc sống không bằng gia đình mong dịch bệnh mau để tết sum hợp gia đình,neutral,neutral
coi mv muốn khóc ghê,criticism,neutral
honda hân hạnh tài trợ trương trình,neutral,neutral
đoạn nhạc dạo đầu giống bài hoa dạinhạc phim ngày không em nhỉ,neutral,neutral
chắc bài 10m sớm thôi,neutral,neutral
nhà,neutral,neutral
xuất sắc sự kết hợp tuyệt vời,praise,neutral
chúc mừng năm mới 202,neutral,neutral
tết năm nay nhà chẳng mẹ nữa,neutral,neutral
trời ơi đức phúc ơi bài hát mv cảm xúc chạm tới trái tim luôn hơn yêu chắc thương luôn nghĩ nhau quan tâm chăm sóc dù mình thế đức phúc ca sĩ việt mình nghe nhất năm 2019 chắc năm 2020 mất,praise,neutral
video đầu tiên xem khóc,neutral,neutral
nghe hoài không biết,neutral,neutral
ui bê đê bà ơi,neutral,neutral
low cortisol,neutral,neutral
dễ sợ 3 mong bài thành trend,criticism,neutral
bài không phải mổi năm nay năm sau nổi nhà trái tim hạnh phúc nguồn sống nơi hướng tất chỉ chữ nhà,neutral,neutral
cố ơi sắp mái nhà thân yêu rồi,praise,neutral
99 số người xem mv khúc 058,neutral,neutral
nghe phúc hát như kiểu mồm dính dính ýkiểu khó nuốt nc bọt,neutral,neutral
low cortisol,neutral,neutral
đức phúc càng ngày càng pro,neutral,neutral
đáng yêu,praise,neutral
mình không chia sẻ câu chuyện xa nhà mình chia sẻ câu chuyện trai mình ý học lớp 2 chuyện chẳng để nói đứa trẻ như bao đứa trẻ khác bệnh khả năng ngôn ngữ hạn chế giờ mới nói như trẻ 3 tuổi thôi tăng động đôi tự kỉ nữa thích vẽ âm nhạc đặc biệt ngày bài mang tiền mẹ nay mình phát hiện ảnh thích nghe hát nhạc đen tối nay tự dưng cứ ngân nga câu hát đường nhà tim rồi bảo mình mở bài hát thật sự mình không biết đề bài hát loay hoay mới tìm đúng bài nghe ảnh hát lời bài hát thật sự mình thấy hạnh phúc vô cảm ơn đen âm nhạc nghe thấm,praise,neutral
em ới,neutral,neutral
31122020 nhà thôi,neutral,neutral
low cortisol song luôn,neutral,neutral
10 triệu,neutral,neutral
thích đoạn 3 ngã 5 5 ngã 3 ghê á trời,neutral,neutral
nghe ngày nghe mãi không cháncám ơn phúc nhé,neutral,neutral
gần nhà rồi,neutral,neutral
nghiện nghiện,praise,neutral
welcom đen x justat osu,neutral,neutral
1 năm rồi 3,neutral,neutral
218 cặp tan rã are,neutral,neutral
cao hơn núi,neutral,neutral
t thắc mắc tại 2 đứa không bật đèn sáng để cal tắt đèn mới gọi,neutral,neutral
chú hồ hoài anh toang rồi,neutral,neutral
bài 4 năm trước are hả mng jk nhật are,neutral,neutral
cortisol thấp,neutral,neutral
tuy tui nhỏ chưa xa gia đình lần nghe bài mong tết để anh chị tui lẹ nhớ,neutral,neutral
chil,neutral,neutral
quay xem xuân hạ thu đông để xác nhận bài hứa kim tuyền sáng tác,neutral,neutral
real men listen low cortisol song,neutral,neutral
biết đen bài ngày khác lạ câu chữ cực ý nghĩa luôn nhạc đen thể không chil bằng raper khác thích bài nhạc ý nghĩa như thế like,neutral,neutral
mông mọi người xem like nhé chúc mọi người xem vui vẻ hi hi hi,praise,neutral
thật sự chúc e sức khoẻ thành công hơn nữa đp,neutral,neutral
chil,neutral,neutral
vật đổi dời nhà luôn nhà,neutral,neutral
mong chú đem vâu tham gia rap việt mùa 2,criticism,neutral
nghe xong khóc như mưa,neutral,neutral
cún bảo bối erik,neutral,neutral
bài hát mv ý nghĩa ạ bài đúng kiểu càng nghe càng nghiện ý huhuh xuất sắc ạa,praise,neutral
chúc phúc phúc mau nút vàng nèe,neutral,neutral
không biết lê minh thư đọc tin nhắn không anh yêu em unblock anh rồi mình nói chuyện em nha,neutral,neutral
bài hát cảm động,neutral,neutral
raper lượt xem lượt like nhất việt nam mới phát hành 2 tuần,neutral,neutral
buồn,criticism,neutral
mới 2 năm are ae ạ,neutral,neutral
bài hát,neutral,neutral
chú đen ơi chú ráp bài quê phần hà mình chú,neutral,neutral
bài nghe bắt tai nhạc hợp thị hiếu bây giờ chúc 2 ng thành công,neutral,neutral
chúc mừng bình chọn bài hát năm,neutral,neutral
ui anh ơi anh đoán trúng đề bọn em rồi cảm ơn anh rat nhiu,neutral,neutral
anh hát,neutral,neutral
nét chữ bức thư chữ chắc chữ mấy mười mấy 20 tuổi sai thôi đừng ném gạch đá nha,neutral,neutral
cảm giác đầu tiên nghe bài cực kỳ háo hức hôm nay m2 tết nghe bài kẹt sg covid lòng trĩu nặng vô muốn nhà,criticism,neutral
chỉ chờ tết để bật bài xóm chil,neutral,neutral
nghe bài nhớ tới crush cấp 3,neutral,neutral
mong bản thân nhà yêu thương mong tui trở thế giới rộng hoa lệ cô độc,praise,neutral
baroibeo love,praise,neutral
nghe xong muốn lao ngay nhà luôn ạ 3,neutral,neutral
tao cứ thích đen vâu thế nèđ m mấy thằng không like,praise,neutral
thật sự mình cảm động nhất hình ảnh gia đình cô chú minh lýhoàng anh,neutral,neutral
tình yêu hạnh phúc nhất người mình yêu cung yêu mình,praise,neutral
nhạc mặc dù anh vợ rồi muốn đưa em,neutral,neutral
mã vạch trog mv v,neutral,neutral
ngày chỉ mở bài để nghetruoc ngủ cung phải vừa nghe vừa ngủyeu,neutral,neutral
muốn khóc đp ơi 15 tuổi yêu anh anh 17 16 tuổi xa anh 18 tuổi 17 tuổi xa nhau nửa vòng trái đất anh 19 18 tuổi chờ đợi anh 20 tuổi em mải mê ôn thi đại học anh nơi xứ người chịu vất vả dù bận bịu mấy tranh thủ dành nhau chút thời gian tâm sự nhau tất vui buồn quen bè mới luôn luôn chọn nhau nơi tâm sự mọi xung quanh anh hứa bên nhau năm em 21 anh 23 nơi anh đích em mong mình yêu bên nhau mọi khó khăn thử thách em muốn nhìn thấy đầu anh bạc trắng em mình ngồi bên nhau tâm sự hồi niệm chuyện nói tằng kiếp mình sống như thế chẳng bao giờ hối hận cảm ơn đức phúc gửi mọi người 1 bài hát đầy ý nghĩa valentine mong cặp đôi thật hạnh phúc nhé,praise,neutral
2 tháng nữa 3,neutral,neutral
lịch học bù dài quằn quại sắp tới cao hơn núi dài hơn sông rộng hơn đất xanh hơn trời chắc không bao giờ like trời,neutral,neutral
lần đầu tiên gặp nhau,neutral,neutral
anh ơi,neutral,neutral
không nơi thể bình yên hạnh phúc bằng gia đình,neutral,neutral
năm nay nhà,neutral,neutral
521 ngưỡng mộ 2 anh sơn hồng phạm thony nguyễn chúc cặp đôi luôn bên nhau dù thế chăng nữa mv mới anh đức phúc thông điệp ý nghĩa,neutral,neutral
thể xảy đúng hạnh phúc người iu xa gặp nhau iu xa miễn cần nhau 2 năm sau 20,neutral,neutral
10 triệu view rồi,neutral,neutral
anh yêu em anh yêu em thế thôi,praise,neutral
hom nay nghe lai thay that huhuhu lam cam on duc phuc nhieu huhu,neutral,neutral
home alway home 3,neutral,neutral
mùi đam nha,neutral,neutral
sắp tết 202 rồi nghe bài thấy,neutral,neutral
chúc mừng mv đầu tiên cán mốc 1 triệu view,neutral,neutral
mùa tình yêu 1tr like,praise,neutral
nghe bài nước mắt cứ thường trực quả thật cuộc sống không dễ dàng chỉ dễ dàng gánh vác khó khăn giúp chúng ngôi nhà chính thanh trì kiên cố bảo vệ chúng nhà cảm giác an toàn cảm giác nhẹ nhàng mọi áp lực đều biến mất hạnh phúc nhà cô đơn nhàmệt nhà cảm ơn,neutral,neutral
em chênh vênh thui ik đặt vé xe rồi ik nhà,neutral,neutral
mv ý nghĩa vlon,neutral,neutral
thực sự low cortisol bài hát,neutral,neutral
nhạc 2 a out rồi,neutral,neutral
nhà,neutral,neutral
người mất đất ạ,neutral,neutral
hà,neutral,neutral
bàu,neutral,neutral
giọng justate chất thơ nhẹ nhàng ghê,criticism,neutral
nghe như sắp tết nhanh thôi hơn 30 ngày nữa chứ mấy,praise,neutral
em moun khóc loun,neutral,neutral
không hiểu tại bài hát hạnh phúc như thế mình rơi nước mắt lần nghe tuyệt vời bài hát thật sự ý nghĩ mùa valentine,praise,neutral
anh không nghe rap tới em xuất hiện 1 like 1 tim em người anh em,neutral,neutral
genuin lower cortisol,neutral,neutral
buồn mệt gọi điện mẹ mọi áp lực đều tan biến nhớ nhà hà nội không thở nổi,criticism,neutral
lower cortisol,neutral,neutral
mất t o p 2 rồi kìa,neutral,neutral
đg xem phim xoq vô tình thấy quảng cáo bài nghe are nghiện luôn,praise,neutral
nghe,neutral,neutral
a ơi tuyệt vời,praise,neutral
lời bài hát nhẹ nhàng đầy tình cảm,neutral,neutral
bác ạ,neutral,neutral
a đức phúc bài bài thành hit,neutral,neutral
bài nhạc đúng hiden gem nhạc việt nghe êm tai dễ nghiện,praise,neutral
bài thực sự ý nghĩa,neutral,neutral
tết mak bật bài náo nức,neutral,neutral
càng nghe càng,neutral,neutral
càg ghe càng ghiện,neutral,neutral
hết năm nha thôi mọi người dẫu 1 năm tồi tệ phải nha để cảm giác bình yên,criticism,neutral
nhin bai nay quen quen thay sau day nhung rat la luôn,neutral,neutral
310 thật không thể tin nổi,neutral,neutral
a đen ơi nội dung mô tả xuất sắc ngôi nhà luôn,neutral,neutral
đam mỹ chân ái,neutral,neutral
ý kiến bàn thân mình hơn yêu 1 thứ không thể thiếu cuộc sống thiếu cuộc sống mình như thiếu oxi á không biết ý kiên mn như thế giống mình không nè,criticism,neutral
lul girl lowkey kinda fine song kinda wack,neutral,neutral
bài dễ thương xỉu,praise,neutral
năm mới sức khỏe nhé mọi người,neutral,neutral
á á á dễ thương xỉu luong 3 3,praise,neutral
top 1 trending are chúc mừng phúc,neutral,neutral
reali like masterpiec home alway home,praise,neutral
mới nghe nói tới hôm nghe thử thành nghe thật suốt ca nhạc tuy đoạn điệp khúc nghe giống giai điệu nhạc hoa,neutral,neutral
hạnh phúc nhất nhànghe thấm dù bất cứ đường chỉ đường nhà không bao giờ quên,neutral,neutral
chuẩn 2023 rồi,neutral,neutral
lá thư hạnh phúc ghê ước 1 góc,criticism,neutral
mv sóng gió em ơi tiki,neutral,neutral
việt nam thôi,neutral,neutral
2020 coi không,neutral,neutral
ngoài bao la thế giới thế giới chỉ mình phúc thôi và hơn cả yêu nữa nha,praise,neutral
low cortisol max,neutral,neutral
idol anh đức phúc,neutral,neutral
bài hát,neutral,neutral
54 tr view,neutral,neutral
nghe xong cứ muốn nhà ba mẹ,neutral,neutral
high cortisol với low cortisol,neutral,neutral
mean low cortisol level,neutral,neutral
nghe khóc luôn mv cảm động,neutral,neutral
tình yêu anh luôn thầm lặng không nghĩa không rộng lớn bài hát ý nghĩa muốn khóc chời ln,praise,neutral
tuyệt,praise,neutral
voic like cocain adict,praise,neutral
đen đưa linh cáo trốn đưa justa te nhà không hiểu luôn ó,neutral,neutral
cảm giác e như ngày mới yêu a giờ e không biết không dám chắc a cảm giác tình yêu e không chỉ tình nghĩa vợ chồng ng nghe bài vui mình lần nghe lần buồn,neutral,neutral
340 nổi da gà khóc giống mình hong 3,neutral,neutral
mv rat tinh cam va why nghia,neutral,neutral
dị gần tết rồi nhanh thật,praise,neutral
song make relax,neutral,neutral
top 1,neutral,neutral
1p tưởng văn hậu,neutral,neutral
jte rv top 2 thịnh hành jte đen top 1 thịnh hành,neutral,neutral
chúc mừng anh đen anh justate mv thứ 3 10tr view,neutral,neutral
em hỏi anh em hỏi anh emmm hỏi anh em hỏi anh emhayhỏi emmm emhayhỏi em hỏi anh anh yêu em không anh không biết phải nói thế để đúng cảm xúc anh anh nhìn em anh thấy cuộc đời anh khứ tương lai hiện tại không bao giờ phai tình yêu anh luôn thầm lặng không nghĩa không rộng lớn chỉ anh đôi khó nói lời mong em hãy cảm nhận thôi cao hơn núi dài hơn sông rộng hơn đất xanh hơn trời anh yêu em anh yêu em thế thôi vượt ngọn gió vượt đại dương vượt áng mây thiên đường dẫu nói bao cảm giác anh bây giờ lẽ hơn yêu anh nhớ lần đầu tiên gặp nhau chẳng biết trước lần lần cuối anh yêu đời anh không mơ gặp yêu nữa giờ anh em rồi em hết quãng đường đời tình yêu anh luôn thầm lặng không nghĩa không rộng lớn chỉ anh đôi khó nói lời mong em hãy cảm nhận thôi cao hơn núi dài hơn sông rộng hơn đất xanh hơn trời anh yêu em anh yêu em thế thôi vượt ngọn gió vượt đại dương vượt áng mây thiên đường dẫu nói bao cảm giác anh bây giờ lẽ hơn yêu cao hơn núi dài hơn sông rộng hơn đất xanh hơn trời anh yêu em anh yêu em thế thôi vượt ngọn gió vượt đại dương vượt áng mây thiên đường dẫu nói bao cảm giác anh bây giờ lẽ hơn yêu nguồn tin musixmatch,praise,neutral
bài xong covid hết đường nhà luôn,neutral,neutral
tuyệt vời hiểu giá trị nhà,praise,neutral
mv ý nghĩa,neutral,neutral
hơn yêu sự cảm thông,praise,neutral
49 lâm đồng chào mọi người,neutral,neutral
10 thắng tiến,neutral,neutral
lê thiện hiếu chủ nhân bài ông bà anh ạ mng,neutral,neutral
high cortisol filipino sturdi low cortisol gonlymp,neutral,neutral
top,neutral,neutral
chuẩn đón 1 năm mới năm 202 năm nay chả dịch tết chỉ muốn nhà thôi yên bình vui vẻ thoải mái hapy new year 202,neutral,neutral
ủa t khóc nè,neutral,neutral
đức phúc vừa đẹp zai mà còn hát nx triệu tim đức phúc,neutral,neutral
năm 202 xem,neutral,neutral
bài nghe rồi chính thức bây giờ mình mới xem mv lần đầu tiên không hiểu mình rơi nước mắt chắc lẽ sự hạnh phúc thực sự cặp đôi lột tả chân thực video khiến mình cảm động chúc mọi người đều hạnh phúc hơn tình yêu,neutral,neutral
hà nội nhà miền nam lần nghe lần buồn không biết mới nhà t t,criticism,neutral
top 1 trending 2 lần like để chúc mừng đức phúc,neutral,neutral
kéo hơn yêu top 1 mn ơi,praise,neutral
cortisol lower hear banger,praise,neutral
tiktok không,neutral,neutral
chẳng biết nói nữa khóc hết nước mắt rồi cảm ơn em tạo mv ý nghĩa như,neutral,neutral
bài hát tiếc hình ảnh thể phong sát,neutral,neutral
đối mình hơn yêu chính gia đình mình mong gia đình mk người mk yêu thương luôn luôn mạnh khỏe mk nữa hơn yêu chính ngày nhìn thấy gương mặt chứ không phải như bây giờ thực sự khó chịu tìm kiếmnên không,praise,neutral
trời ơi cặp đam mĩ,neutral,neutral
coi khóc hết nước mắt,neutral,neutral
đếm ngược 3 ngày nữa việt nam,neutral,neutral
em chào anh,neutral,neutral
kết nhất khúc 346 giống tui không,neutral,neutral
cố gắng giữ top 1 nha bác ơi,neutral,neutral
bài hát lẽ không phải nhất mv vô ý nghĩa god job,neutral,neutral
visual tachyon danc background,neutral,neutral
xem xem mãi không chán,neutral,neutral
bài ý nghĩa hay3,neutral,neutral
quế v,neutral,neutral
chúc đọc coment 1 tết đầm ấm hạnh phúc bình an,neutral,neutral
nghe nói cr thích bài nài,praise,neutral
nhạc đen luôn mình nghe nghe,neutral,neutral
nghe bài hát sụt sùi nghe câu tình yêu anh luôn thầm lặng chỉ mong em hãy cảm nhận thôi nghe nhói tim,praise,neutral
giờ nghe điểm danh,neutral,neutral
chưa bao giờ coment như,neutral,neutral
tiktok,neutral,neutral
em mới nhà nghe bài mọi người xa nhà nghe bài cảm thấy như nhà,neutral,neutral
nhà mình chẳng xa chỉ cách 80km muốn không dám nhớ ba mẹ nhớ anh em mọi thứ không như mong muốn vui nhớ nhà buồn nhớ nhà ốm đau bệnh tật nhớ nhà thứ phải đánh đổi không phải bằng tiền bằng chính mình,criticism,neutral
không thích bài hát ngày rớt top thích bài,praise,neutral
cảm ơn chú đen chủ yếu,criticism,neutral
hát thế giải nhất toàn hú hú không đúng chỉ giải nga ngố,neutral,neutral
6 year ago goat comeback,neutral,neutral
mình không tìm thấy bài đức phúc nct spotify,neutral,neutral
triệu like trăm triệu view chúc mừng mv nhà bài nhạc giá trị cao,neutral,neutral
nhớ nhà,neutral,neutral
câu hỏi muốn tiếp tục nghĩ học để tránh dịch bệnh không a b đáp án a c đáp án b d 3 đáp án,neutral,neutral
em hỏi anh anh yêu em không anh không biết phải nói thế để đúng cảm xúc lòng anh nhìn em anh thấy cuộc đời anh khứ tương lai hiện tại không bao giờ phai tình yêu anh luôn thầm lặng không nghĩa không rộng lớn chỉ anh đôi khó nói lời mong em hãy cảm nhận thôi cao hơn núi dài hơn sông rộng hơn đất xanh hơn trời anh yêu em anh yêu em thế thôi vượt ngọn gió vượt đại dương vượt áng mây thiên đường dẫu nói bao cảm giác anh bây giờ lẽ hơn yêu anh nhớ lần đầu tiên gặp nhau chẳng biết trước lần lần cuối anh yêu người đời anh không mơ gặp yêu nữa giờ anh em rồi em hết quãng đường đời,praise,neutral
dịch bệnh khó khăn nghe bài muốn nhà ăn cơm mẹ nấu không chỉ ước thôi nghe thêm bài em hat hát nữa muốn thực sự,neutral,neutral
nghe mới thấm,neutral,neutral
toàn người thật tình thật thui,neutral,neutral
tự dưng khóc chứ không,neutral,neutral
mv chất,neutral,neutral
mới đầu nghe thấy không thích nghe 1 vài lần nữa cuốn,neutral,neutral
dõi kênh 15k sud,neutral,neutral
chuẩn bị về nhà đón tết thui các vợ oi,neutral,neutral
visit 2026,neutral,neutral
bộ chứ không đưa ạ,neutral,neutral
đường đời người dù thất bại thành côngthì cuối muốn nhà,neutral,neutral
30 tết mình tại nước úc xa xôi ngày mọi năm loanh quanh dọn nhà chuẩn mâm cúng giao thừa mẹ bài hát nghe thấm lời mong năm tới thật suôn sẻ chúc mọi người năm mới bình an,neutral,neutral
sắp kết thúc 2023 rồi,neutral,neutral
sắp tới tết rồi không biết nghe không nữa mình thành phố giờ fo nghe bày cảm giác bức rức lòng,neutral,neutral
nghe,neutral,neutral
69 cà mau chào anh em nhá,neutral,neutral
hơn yêu em không thành 1940,praise,neutral
nhacuatui bring,neutral,neutral
sắp tết nữa rồi ạ,neutral,neutral
mong hết dịch covid để người xa nhà thể nhà ăn tết chứ không phải cách li,neutral,neutral
giờ nghe nghiện hi vọng đức phúc luôn bài hát chất lượng tim khán giả như thế i love you,praise,neutral
chúc phúc năm nay gặt hái đường thành công hơn năm ngoái nhé,neutral,neutral
video miêu tả sừng cao hơn núi dài hơn sông rộng hơn đất xanh hơn trời,neutral,neutral
bro even renam,neutral,neutral
tc anh dành em không cảm nhận anh yêu em tt,neutral,neutral
chỉ mong 1 ngày gặp người thương mình như,praise,neutral
bố đen giống bố sobin nà ủa thế 2 ng ae cha khác ông nội hả,neutral,neutral
nơi để chỉ nơi để,neutral,neutral
khúc đứa trai đứa gái chạy ôm ôm nhìn vẻ thích nhỉ v,praise,neutral
tết 2024 tới rồi,neutral,neutral
mv mọi người đều bf gf đức phúc alone,neutral,neutral
em hỏi anh anh yêu em không anh không biết phải nói thế để đúng cảm xúc anh anh nhìn em anh thấy cuộc đời em khứ tương lai hiện tại không bao giờ phai tình yêu anh luôn thầm lặng không nghĩa không rộng lớn chỉ anh đôi khó nói lời mong em hãy cảm nhận thôi cao hơn núi dài hơn sông rộng hơn đất xanh hơn trời anh yêu em anh yêu em thế thôi vượt ngọn gió vượt đại dương vượt áng mây thiên đường dẫu nói bao nhiêu cảm giác anh bây giờ lẽ hơn yêu đoạn 2 lời 2 bài hát anh nhớ lần đầu tiên gặp nhau chẳng biết trước lần lần cuối anh yêu đời anh không mơ gặp yêu nữa giờ anh em rồi em hết quãng đường đời tình yêu anh luôn thầm lặng không nghĩa không rộng lớn chỉ anh đôi khó nói lời mong em hãy cảm nhận thôi cao hơn núi dài hơn sông rộng hơn đất xanh hơn trời anh yêu em anh yêu em thế thôi vượt ngọn gió vượt đại dương vượt áng mây thiên đường dẫu nói bao nhiêu cảm giác anh bây giờ lẽ hơn yêu cao hơn núi dài hơn sông rộng hơn đất xanh hơn trời anh yêu em anh yêu em thế thôi vượt ngọn gió vượt đại dương vượt áng mây thiên đường dẫu nói bao nhiêu cảm giác anh bây giờ lẽ hơn yêu,praise,neutral
sắp 1 triệu like rồi mọi người,neutral,neutral
khóc xem mv đức phúc,neutral,neutral
xin chào,neutral,neutral
thực sự bài nghe đel chán,criticism,neutral
mê,praise,neutral
phúc ơi cảm ơn em mang tới khán giả 1 ca khúc ý nghĩa đầy cảm xúc như thế luôn ủng hộ em,neutral,neutral
muốn giết bằng la vận nhi,neutral,neutral
bài tủ đám cưới,neutral,neutral
phải xa nhà rôid nhớ nhà quạ,neutral,neutral
317 trai coi xong nổi da gà khúc,neutral,neutral
tình yêu dài thất dài hơn tất không dài bằng,praise,neutral
hỏi nghiệp đứa mày cao hơn núi dài hơn sông,neutral,neutral
thật ý nghĩa em nghe suốt mấy hôm nay rồi,neutral,neutral
câu chuyện không vui đương nhiên mình gia đình nhà để nhà mình không như bao nha,neutral,neutral
anh ơi em xem mv em khóc luôn,neutral,neutral
muốn nhà,neutral,neutral
5 ngã 3 3 ngã năm vãi thật,neutral,neutral
buồn chỉ cần nghe anh đức phúc hát hết buồn liền tự nhiên thấy vui không biết,criticism,neutral
đón tết 2025 không 1 bài hát lẽ thành huyền thoại mất are,neutral,neutral
vô gia cư nhà,neutral,neutral
sky thích đen jte,praise,neutral
rớt top 4 luôn are,neutral,neutral
nghe bài khóc như ăn nhanh miếng xôi rưng nước mắt,praise,neutral
spongebob float listen music type shi,neutral,neutral
1 mv ý nghĩa ạ mv luôn không qc,neutral,neutral
đp,neutral,neutral
cao hơn núi dài hơn đề thi toán,neutral,neutral
nghe rai rai tết chờ bài mới,neutral,neutral
ngày 12102021 bỗng nghe bài anh tết năm ngoái covid mọi thứ ổn nghe bài ấm cúngnhưng giờ nghe cảm giác buồn tết năm nay 202 không biết mọi người cuộc sống ổn không mọi người sài gòn quê không việt nam mình cố,criticism,neutral
6 year ago god music real low cortisol,neutral,neutral
196921m 19k so 2 ngày trc 421k so tuần trc,neutral,neutral
thích bài ghê,neutral,neutral
wow reali chang fast,praise,neutral
2026 rồi nghe không,neutral,neutral
giọng hát đỉnh video cảm động chúc đức phúc thành công hơn nữa,praise,neutral
mới 1 năm trôi,neutral,neutral
chắc bà nhờ bài giờ hot không,neutral,neutral
im agn tachyon low cortisol,neutral,neutral
nghiện nốt đầu tiên,praise,neutral
helo name ngoc hometown hoi love vietnam,praise,neutral
hai anh nam đẹp đôi 3 couple tình yêu thật đẹp mv thực sự cảm động 3 mãi fan đức phúc 3 3,praise,neutral
top 2 rùicố gắng,neutral,neutral
đen chất như ngày,neutral,neutral
nhìn nữ ca sĩ xấu quánhưng bù nhạc,criticism,neutral
sắp 1 năm dù muộn chúc mừng năm mới,neutral,neutral
2023 nghe không,neutral,neutral
meaning,neutral,neutral
chúc mừng năm mới 202,neutral,neutral
sắp hết năm are,neutral,neutral
anh ơi e nghe nghe củng phải 20 lần are vẩn thích,praise,neutral
sắp 20 m views rồi,neutral,neutral
nhà tuyệt vời chỉ 1 số người nhà không bình yên như thế,praise,neutral
mình thể download bài mn mặc kệ bỏ tiền nữa 3,neutral,neutral
dễ thương,praise,neutral
like 2,neutral,neutral
anh yêu em thế thôi,praise,neutral
hơn yêu,praise,neutral
jack tóp,neutral,neutral
năm nữa sắp kết thúc nỗi buồn như hoài bão chưa thực hiện thời gian cuối năm đáng trân trọng chỉ tháng hơn tết âm lịch hãy cố gắng hoàn thành mục tiêu hoài bão chưa đạt để nhà nhé 13122021,criticism,neutral
tại t biết bài hát muộn như thế gây nghiện thực sự,praise,neutral
tui đả xem bài gấp trăm lần,neutral,neutral
tối nằm 1 mình nge bật khóc cứ liên tưởng cảnh làng quê yên bình rồi nghĩ thành phố tấp nập xô bồ thấy mệt mỏi cô đơn,neutral,neutral
dớt tà tưa èn đin vâu,neutral,neutral
nói 5 ngã 3 3 ngã 5 không xa chắc khỏi thành phố luôn á,neutral,neutral
bài,neutral,neutral
mong năm nay cảm ơn anh đen anh justa te,neutral,neutral
anh ơi em thuộc rồi ạ hihi nhớ người yêu luôn nghe khóc vở sách luôn oh my god why huhuhuhuhyuhuhuhuhujuhhjyhuhjyuhuhuhuhuhuhujhuhjuhuhuhuhuh,praise,neutral
nghe bài mới bài z view the,neutral,neutral
sợ mấy th bede,criticism,neutral
ui chú vâu đoán đề đúng wa bài bếp lửa ôn lệch tủ,neutral,neutral
chị ưi liệu xem mv chắc em người cuối bình luận,neutral,neutral
bài đề thi môn văn luôn,neutral,neutral
low cortisol ah meme,neutral,neutral
2025 sap den roicon nghe không,neutral,neutral
winx vô đối v,neutral,neutral
bài,neutral,neutral
mình nhớ nhà dù cách 2 ngày trước mình nhà,neutral,neutral
bài hát tuyệt vời cảm ơn,praise,neutral
song 6 year old,neutral,neutral
nghevà muốn nhà,neutral,neutral
mv ý nghĩa thấy đúng không mk không câu like nhas cảm ơn anh lm 1 mv đầy ý nghĩa như thế,neutral,neutral
nhạc chuông tên ak,neutral,neutral
nghe bài nhà muốn nhà v,neutral,neutral
nhìn thấy 2 huyền thoại khoác tay nhau vui vẻ cùng thực hiện 1 mv quá tuyệt vời,praise,neutral
xa nhà hơn năm rưỡi lần đầu tiên mình cảm thấy xúc động như nghe bài hát mẹ mình thường hỏi nhớ nhà không mình trả lời không rồi gắng đánh lảng sang chuyện khác năm đầu không nhớ mọi thứ đều ổn hè năm ngoái mình không nhà hết chỗ chuyến bay cứu trợ việt nam năm nay nhớ nhà giờ mình hiểu rồi hồi trước mình chê đồ mẹ nấu hàng quán ăn ngon hơn giờ nấu mãi không vị xưa mình biết du học mình chọn nhớ nhà mình chọn không xa cứ mãi nhà chắc mình biết quý trọng gia đình như sống thủ đô hoa lệ nước mình mới nhận thứ đồ xa xỉ không phải thứ cần thật tiền mới mua thứ bỏ tiền mấy không thể mua guci prada dior lv yls không bao giờ bằng khoảnh khắc bên gia đình không biết chuyến bay việt nam chúng cơ hội hãy nhà đừng để ba mẹ ông bà trông ngóng thêm nữa thời gian chẳng chờ năm mới sắp rồi mình xin chúc đón tết nhà năm mới thật hạnh phúc bên gia đình chúc xa nhà như mình khởi đầu mới thật suôn sẻ đừng buồn chúng không nhà vật đổi dời nhà luôn chờ đúng không chúc mọi người thêm tết bình an tết gần xa nhỉ,neutral,neutral
1 ngày ngẫu nhiên đột nhiên hot thats how internet work,neutral,neutral
nghỉ ngay trước tết chắc người giống nhà thôi,neutral,neutral
lính không nhà,neutral,neutral
thiệt sự,neutral,neutral
triệu like 3,neutral,neutral
đứa xa nhà nghe bài tủi luôn á muốn không thể,neutral,neutral
chúc gia đình anh ha lhg luôn hạnh phúc ạ,neutral,neutral
em thấy thiếu trấn thành cj hari won nữa em thấy mv anh tuyệt vời,neutral,neutral
đức phúc,neutral,neutral
sắp 1 tết mới nx are mik tphcm đúng ngay tâm dịch nước dịch bệnh như thế tết năm nay quê không,neutral,neutral
bài ý nghĩa mình,neutral,neutral
bài anh ạ,neutral,neutral
chắc nghe thêm vài chục lần nữa bữa nghe phúc hát live rồi h nghe mv hơn nữa luôn ủng hộ phúc,neutral,neutral
nghe hoài không thấy chán luôn í,neutral,neutral
mv dễ thương triệu like,praise,neutral
xem hết mv chỉ phúc mình,neutral,neutral
fuego,neutral,neutral
du học sinh nhật bản arubai 1 cty cơm hộp e tu nghiệp sinh cty lần tình cờ lướt fb tình cờ biết e dù học trường c3 ngày xua giờ quen nhau yêu nhau mong thank you đấy kqua đẹp,praise,neutral
em vừa cover hơn yêu kênh e ạ mn nghe e nhận xét,praise,neutral
không nhà,neutral,neutral
chuẩn nhà thôi,neutral,neutral
bài hát nói tình yêu,praise,neutral
bài thật sự,neutral,neutral
mấy mình nhớ nhà rồi,neutral,neutral
luôn ủng hộ phúc,neutral,neutral
nhìn chị đẹp tây,praise,neutral
đen vâu như bánh mì kẹp thịt hai kẻ địch mạnh,neutral,neutral
không hiểu mấy đứa dislike,neutral,neutral
vừa biết drama hồ hoài anh mở ngay mv luônnếu thật sự thất vọng luôn,neutral,neutral
chàng trai ngây thơ nhất vpop,neutral,neutral
đông nhi ông cao thắng đẹp đôi thiệt sự,praise,neutral
congratul go home reach 1 milion like,praise,neutral
chúc mừng năm mới 2023,neutral,neutral
em xin in4 2 anh mặc áo kẻ sọc 521 ạ huhu cute quáa,neutral,neutral
oh year,neutral,neutral
huyền thoại,neutral,neutral
cò lí dân top a phúc are chán,criticism,neutral
khắc hưng mãi đĩnh,neutral,neutral
mọi chi tiết mv đều thật như cảnh chở mẹ chợ chở ba mua chậu mua hoa rồi ba rửa xe nữa xem mv mình chỉ mong tết nhanh để chạy nhà ngay lập tức cảm ơn anh 1 mv ý nghĩa như,neutral,neutral
tuyệt nhạc lời mv đều ý nghĩa mong ng thể xem video,praise,neutral
bài,neutral,neutral
mv tuyệt vời,praise,neutral
sau nghe đoạn điệp khúc bài 1 thằng trai 30 tuổi chỉ lo rồi lo chơi như tao chợt nhận tao tuổi kết hôn rồi cảm ơn em nhe phúc thế muốn mềnh thổi lửa hong dạ,neutral,neutral
giữ nguyên top mn ơi,neutral,neutral
giây 49 chiếm dung lượng nhất mv,neutral,neutral
cortisol al time low,neutral,neutral
buồn,criticism,neutral
lẽ học trò xuất sắc nhất mỹ tâm năm mỹ tâm chọn phúc quán quân đúng đắn em ngày càng chứng minh tài năng mình chúc mừng em,neutral,neutral
gia đình xoài,neutral,neutral
má bài hát giờ ms nghe,neutral,neutral
top 1 thịnh hành sớm thôi phức ơi,neutral,neutral
46trieu rồi haha vui,praise,neutral
ôi tình yêu thật tuyệt vời mình chưa ng iu chỉ cảm nhận bài hát thôi tình yêu tuy đau khổ buồn vui hương vị đặc trưng yêu đuề phải trải cảm ơn thượng đế mang người tình yêu,praise,neutral
80tr lượt xem rồi không biết quảng ninh mới thông xe để nhà tết buồn,neutral,neutral
mấy anh xấu tính nhạc lần em nghe em khóc,criticism,neutral
nghe nghe không chán nha,neutral,neutral
verse 1 em hỏi anh anh yêu em không anh không biết phải nói thế để đúng cảm xúc lòng anh nhìn em anh thấy cuộc đời anh khứ tương lai hiện tại không bao giờ phai prechorus tình yêu anh luôn thầm lặng không nghĩa không rộng lớn chỉ anh đôi khó nói lời mong em hãy cảm nhận thôi chorus cao hơn núi dài hơn sông rộng hơn đất xanh hơn trời anh yêu em anh yêu em thế thôi vượt ngọn gió vượt đại dương vượt áng mây thiên đường dẫu nói bao cảm giác anh bây giờ lẽ hơn yêu verse 2 anh nhớ lần đầu tiên gặp nhau chẳng biết trước lần lần cuối anh yêu người đời anh không mơ gặp yêu nữa giờ anh em rồi em hết quãng đường đời prechorus tình yêu anh luôn thầm lặng không nghĩa không rộng lớn chỉ anh đôi khó nói lời mong em hãy cảm nhận thôi chorus cao hơn núi dài hơn sông rộng hơn đất xanh hơn trời anh yêu em anh yêu em thế thôi vượt ngọn gió vượt đại dương vượt áng mây thiên đường dẫu nói bao cảm giác anh bây giờ lẽ hơn yêu cao hơn núi dài hơn sông rộng hơn đất xanh hơn trời anh yêu em anh yêu em thế thôi vượt ngọn gió vượt đại dương vượt áng mây thiên đường dẫu nói bao cảm giác anh bây giờ lẽ hơn yêu,praise,neutral
ý nghĩa thật,neutral,neutral
vừa xem forever alone justate chục năm rồi trẻ,neutral,neutral
310 công thụ,neutral,neutral
xoài farm kìa,neutral,neutral
gây chuyện trốn chạy 10 tháng trời ngày 30 tết quyết định vê nhà đối diện cảm ơn nhà,neutral,neutral
đồng âm hỏi 1k dislike chúng thế ạ,neutral,neutral
song actuali vietnames god music,neutral,neutral
di 1 tuần mới ngày trông ngày,neutral,neutral
video ý nghĩa anh phúc ơi,neutral,neutral
who s meme,neutral,neutral
zing mp3 hi chị i,neutral,neutral
miền tây dịch mong dịch bệnh sớm đẩy lùi để đón người xa quê,neutral,neutral
nhà ngôi nhà góc vườn chó gà đám nói khó chiều thích gió trời hơn gió hoà ah ăn cơm mẹ nấu mặc áo mẹ may đưa ba chợ mua cây đào cây mai bày năm trời rã rời như máy oh nhà thấy áp lực nhẹ như bấc thổi bay thổi cái là bay ấm êm hơn bếp lửa ngọt bùi hơn lúa non nhà luôn mong chờ đứa dẫu mưa nắng không bao giờ nề hà hạnh phúc chỉ đơn giản nhà oh hạnh phúc nhà cô đơn nhà thành công nhà thất bại nhà mệt nhà mông lung nhà chênh vênh nhà không nhà không nhà nhà nhà,praise,neutral
stil 1 best viet song ever hear,neutral,neutral
chưa trôi 1 năm are,neutral,neutral
món quà valentine tuyệt vời,praise,neutral
sắp tết mở nghe hehe,neutral,neutral
đoạn cuối xem muốn khóc,neutral,neutral
nhớ tết,neutral,neutral
mong an giang quê mình mau mau hết dịch để quê đón tết xa quê không khí chuyển lạnh rồi muốn quê nhà,neutral,neutral
cảm xúc vỡ òa hai vk ck mk bên nhau nghe bài thực sự thăng hoa đầy cảm xúc,neutral,neutral
muốn nhà để,neutral,neutral
low cortisol,neutral,neutral
khóc,neutral,neutral
trời ui 3 năm rồi nghe thế ngày mv ngày sinh nhật mình nx,neutral,neutral
bài vâu câu mộc mạc dễ hiểu chúc vâu càng ngày càng thành công giữ chất như vâu mang khán giả tuyệt vời vâu nhé,praise,neutral
mùng 2 tết nghe like,neutral,neutral
mới106tr nay 107,neutral,neutral
nhớ nhà chú ơi,neutral,neutral
nghe bài bồi hồi,neutral,neutral
10tr view coming3,neutral,neutral
ý nghĩa nhà thể lớn thể không khang trang cha me muốn mình sống đàng hoàng,praise,neutral
sky nghiện bài,praise,neutral
đánh trúng tim đen e luôn a vâu ê xa quê gần 3năm ròi,neutral,neutral
xem khoc luôn giong 1 like,neutral,neutral
năm nay độc hành mình sài gòn nghệ an 140km nghe nhạc anh đen để lấy thêm động lực năm 2021 biến cố năm đầu tiên xa nhà dính ngay đợt dịch nặng nhất nước bản thân mắc covid ngay đợt cao điểm bây giờ bố mẹ chỉ mong muốn mình lành lặn khỏe mạnh trở nhà tiền ăn cơm nước mắm miễn gia đình đông đủ không thiếu cảm ơn anh đen bài nhạc cổ động tin thần thế hệ trẻ thêm sức mạnh vượt khó khăn 3,criticism,neutral
ơ tưởng vợ chồng hồ hoài anh ly dị rồi nhỉ,neutral,neutral
cứ nghe bài khóc,neutral,neutral
im obses song oh god cutest song ive ever hear life cuten song surpas even fave cute song like cute anymor cupid,praise,neutral
cún bảo bối erik,neutral,neutral
top 2 are cần động lực,neutral,neutral
hh demo cây ti em top 1 rồi h,neutral,neutral
quang cao xe winer,neutral,neutral
anh yêu em tình yêu đời anh,praise,neutral
de thung,neutral,neutral
dawm 6 năm rồi,neutral,neutral
yêu luôn haha,praise,neutral
đoạn cuối giống bài yes i nhỉ,neutral,neutral
lyrics hai kep it up,neutral,neutral
duy mạnh quỳnh anh xink đẹptất đẹp thấy đúng,praise,neutral
85 ngày nữa mới tết nghe nhạc nhà,neutral,neutral
em hỏi anh em hỏi anh emmm hỏi anh em hỏi anh emhayhỏi emmm emhayhỏi em hỏi anh anh yêu em không anh không biết phải nói thế để đúng cảm xúc anh anh nhìn em anh thấy cuộc đời anh khứ tương lai hiện tại không bao giờ phai tình yêu anh luôn thầm lặng không nghĩa không rộng lớn chỉ anh đôi khó nói lời mong em hãy cảm nhận thôi cao hơn núi dài hơn sông rộng hơn đất xanh hơn trời anh yêu em anh yêu em thế thôi vượt ngọn gió vượt đại dương vượt áng mây thiên đường dẫu nói bao cảm giác anh bây giờ lẽ hơn yêu anh nhớ lần đầu tiên gặp nhau chẳng biết trước lần lần cuối anh yêu đời anh không mơ gặp yêu nữa giờ anh em rồi em hết quãng đường đời tình yêu anh luôn thầm lặng không nghĩa không rộng lớn chỉ anh đôi khó nói lời mong em hãy cảm nhận thôi cao hơn núi dài hơn sông rộng hơn đất xanh hơn trời anh yêu em anh yêu em thế thôi vượt ngọn gió vượt đại dương vượt áng mây thiên đường dẫu nói bao cảm giác anh bây giờ lẽ hơn yêu cao hơn núi dài hơn sông rộng hơn đất xanh hơn trời anh yêu em anh yêu em thế thôi vượt ngọn gió vượt đại dương vượt áng mây thiên đường dẫu nói bao cảm giác anh bây giờ lẽ hơn yêu,praise,neutral
thật sự,neutral,neutral
đường nhà tim dẫu nắng mưa gần xa ấm áp lạ thường,neutral,neutral
listen everyday under song,neutral,neutral
yêu phúc cao hơn núi dài hơn sông rộng hơn đất xanh hơn trời 3,praise,neutral
anh ạ 3,neutral,neutral
anh phúc chừng chồng,neutral,neutral
dặn lòng đại học xong rồi yêu đương giờ nghe xong muốn yêui toang rồi ông giáo ạ,praise,neutral
low cortisol,neutral,neutral
bài hát đen đẳng cấp chất thơ,neutral,neutral
kicm xoá clip thôi không top 1,neutral,neutral
nghe không,neutral,neutral
m cảm động mùa valentine,neutral,neutral
sắp tết ròi,neutral,neutral
316 me minh cung nhac minh cao rau di gia,neutral,neutral
nghe bài gần tết cãi nhau đồng nghiệp trận tơi bời hoa lá thấy uất ức khủng khiếp nghe bài thấy nhẹ nhàng yên ổn hẳn rồi dịch tới tháng 6 tới giờ thất nghiệp may mắn hơn người khác nhà bắt đầu dịch ăn bám ba mẹ 4 tháng nay ba mẹ không nề hà không nói tiếng tối nghe mẹ nói ba mấy đứa khỏe mạnh vui chơi mừng vừa thương vừa buồn cười 29 tuổi mẹ như 9 tuổi,criticism,neutral
mp3 chưa,neutral,neutral
sang nhật hơn hai năm bình thường không nghe bài hát thấy nhớ việt nam ghê xem mv thấy nhớ ngày xưa ghê sắp thêm 1 tết xa nhà nữa,criticism,neutral
cortisol lower,neutral,neutral
thực sự nghe nổi da gà luôn huhu,neutral,neutral
what song end that rington,neutral,neutral
1 tháng bài anh đen top 1 lượt jack sơn tùng,neutral,neutral
sớm thôi nhà,neutral,neutral
đức phúc ế kết hôn 0 năm v,neutral,neutral
2021 xem,neutral,neutral
mặc dù nhà gần hà nội ba nghe bài thấy nhớ nhà thương nghệ an hà tĩnh lăm ăn học tập sinh sống hn,praise,neutral
pleas like coment come back lower cortisol,praise,neutral
2012 âm lịch 2024 chúc bản thân 1 năm mới gặp may mắn kiếm tiền lo ba má,neutral,neutral
tình yêu anh luôn thầm lặng không nghĩa không rộng lớn,praise,neutral
lm vincom ngày fai nghe ôi má ám ảnh thực sự,neutral,neutral
thank chose song,neutral,neutral
bài hát mình thấy nhất đức phúc mình không thấy mấy ý kiến riêng nha,neutral,neutral
ạ,neutral,neutral
em hỏi anh em hỏi anh emmm hỏi anh em hỏi anh emhayhỏi emmm emhayhỏi em hỏi anh anh yêu em không anh không biết phải nói thế để đúng cảm xúc anh anh nhìn em anh thấy cuộc đời anh khứ tương lai hiện tại không bao giờ phai tình yêu anh luôn thầm lặng không nghĩa không rộng lớn chỉ anh đôi khó nói lời mong em hãy cảm nhận thôi cao hơn núi dài hơn sông rộng hơn đất xanh hơn trời anh yêu em anh yêu em thế thôi vượt ngọn gió vượt đại dương vượt áng mây thiên đường dẫu nói bao cảm giác anh bây giờ lẽ hơn yêu anh nhớ lần đầu tiên gặp nhau chẳng biết trước lần lần cuối anh yêu đời anh không mơ gặp yêu nữa giờ anh em rồi em hết quãng đường đời tình yêu anh luôn thầm lặng không nghĩa không rộng lớn chỉ anh đôi khó nói lời mong em hãy cảm nhận thôi cao hơn núi dài hơn sông rộng hơn đất xanh hơn trời anh yêu em anh yêu em thế thôi vượt ngọn gió vượt đại dương vượt áng mây thiên đường dẫu nói bao cảm giác anh bây giờ lẽ hơn yêu cao hơn núi dài hơn sông rộng hơn đất xanh hơn trời anh yêu em anh yêu em thế thôi vượt ngọn gió vượt đại dương vượt áng mây thiên đường dẫu nói bao cảm giác anh bây giờ lẽ hơn yêu,praise,neutral
chị ơi,neutral,neutral
mình nghe bài hơn 20 lần lần nghe rưng rưng nước mắtvì dịch đành phải ăn tết xa nhà uj nhớ nhà,neutral,neutral
thích rap anh đen nghe rõ ràng mạch lạc không cần vietsub hiểu nói,praise,neutral
lần đầu tiên nghe 1 bài hát không kìm nước mắt,neutral,neutral
sân va di,neutral,neutral
xin fb a quang minh đức ság,neutral,neutral
ê mn ơi mn thấy kỳ lạ thời gian 407 tại 2 thg trai hẹn 5năm đồng tính ak v,neutral,neutral
sắp 2023 rồi,neutral,neutral
hihi nghe ghiền,praise,neutral
tết không nhà công như không,neutral,neutral
tháng nữa thôi nhà karako bài,neutral,neutral
không hiểu mk thấy chút giọng giống chị fany,neutral,neutral
nghe nhớ nhà thực sự gần 2 năm xa việt nam rồi thực sự lần nghe lần nhớ quê hương,neutral,neutral
đọc lá thư mẹ cảm thấy vui hạnh phúc nhé,praise,neutral
nghe xúc động huhu,neutral,neutral
nghe bài khóc 09102018,neutral,neutral
a đen đọc hộ dùm e bức thư e không soi nổi,neutral,neutral
hỏi nhạc khúc 404 bài,neutral,neutral
play speed 125 wil low cortisol,neutral,neutral
tuyệt vờithat su why nghĩa xúc động,praise,neutral
gần tết năm bật nhạc đen vâu nghe,neutral,neutral
diễn viên phụ tuyệt vời bài hát ý nghĩa,praise,neutral
khóc xem clip nàybiệt cặp đôi bể bơi,neutral,neutral
bài top1 uy tín,neutral,neutral
bài hát mv ý nghĩa mình thấy giống 95 mv ed sheran put it al on me cảm giác thất vọng mình quý phúc,neutral,neutral
ngày cty nghe bài không biết mới nhà buổi sáng 1 3 độ tầm tối 7 8 mình nhớ nhà from faninkorean,neutral,neutral
mấy cặp mv chia tay gần 12 are,neutral,neutral
bài hát dep quas giọng chị đẹp chúc chị thành công hơn nha,praise,neutral
chủ yếu quảng cáo winer x chứ ji,criticism,neutral
tiệp tao 10h đóng cửa 9h30 bật bài nay đuổi khách,neutral,neutral
1222020 xem không,neutral,neutral
tết năm nay sắp rồi,neutral,neutral
yeah cortisol reach record low thank,neutral,neutral
chuẩn quê ăn tết thôi 71 ạ,neutral,neutral
giai điệu đóhình ảnh ý nghĩamv cảm độngthik rồi đócả hình thức lẫn nội dung đều okhay,neutral,neutral
ngồi sau xe hát thiên đàng thiêng đàng nè,neutral,neutral
ca khúc nghe thực tế mấy ô ơi đừng ảo tưởng nha,neutral,neutral
3 năm rồi chỉ mong sau thể mạnh mẽ hơn cố gắng hơn nữa gửi lời không chỉ năm sau năm năm kìa nữa,neutral,neutral
fc sơn tùng mtp,neutral,neutral
quáa ạ,neutral,neutral
jdhdjhdhdhjdjdhdjhdvdnxhdbdhnsbhdhdh you yhfjdnyf ủy ế heirs e etheh,neutral,neutral
quang minh đức sáng h,neutral,neutral
đoạn chó gà mình nghe chó đùi gà,neutral,neutral
tối phòng mở bài nghe sắp tết are nôn nhà,neutral,neutral
tối khỏi hỏi thăm nhau rồi nói chung thoáng chả cần phải giữ mệt,neutral,neutral
hiểu cảm giác a phúc hát bài a độc thân thôi 142 vui vẻ a nhé,praise,neutral
ngày biết kiếm tiền rời xa ngôi nhà gắn bó bao kỉ niệm tuổi thơ cha mẹ bầu trời tuổi thơ giờ 1 năm chỉ nhà vài lần cảm giác không bao giờ rời xa tâm trí,neutral,neutral
vietnames peopl wonder tf umamusum use song,praise,neutral
3110202 sắp nhà rồi,neutral,neutral
mv tuyệt vời,praise,neutral
mình xem chỉ biết buồncô đơn quen rồi suy nghĩ cuộc đời mình gặp 1 ng mình suốt đời không mình chấp nhận tính cách mọi thứ vân vân thật sự thật sự chỉ ước kh dám mong,neutral,neutral
đối người như mình hơn yêu chính gia đình,praise,neutral
hóng năm nay đen se bài,neutral,neutral
canon lol name low cortisol titl want speed version speed 125,neutral,neutral
bài hát,neutral,neutral
20 triệu view trước tết,neutral,neutral
giai điệu nhẹ nhàng bắt taicâu chuyện chân thậtview đẹpchúc mừng đức phúctop 1 thịnh hành xứng đáng,neutral,neutral
102k hiểu thấy giống kicm vãi,neutral,neutral
bài hát ca ý nghĩa mv xịn xò nghiện mất thoi ngất,praise,neutral
chị tia mô bài mới ạ,neutral,neutral
9 tết xa nhànghe a đen vâu hát chảy nước mắt,neutral,neutral
thích 3 3,praise,neutral
anh vâu ơi anh chất vl phán đề bếp lửa đúng quận em rồi,neutral,neutral
phúc dạo ốm,criticism,neutral
châm nhạc tui nghe 1 ng nghe mhung bài đầu tiên,neutral,neutral
top1 conback,neutral,neutral
sắp nút vàng rồi moi người vô nghe kí kênh ủng hộ đp nha,neutral,neutral
sự kết hợp tuyệt vời,praise,neutral
valentine sắp rồi nghe không ạ,neutral,neutral
lâu are không nghe,neutral,neutral
nghe bắt tai trời,neutral,neutral
ngày phải xem vài chục lần luôn,neutral,neutral
nghe 3 lần khóc 3 lần nhất đọc rap ngắn cuối nhớ ba mẹ nhớ nhà nhớ quê hương kinh khủng,neutral,neutral
cảm động ý nghĩa cảm ơn anh đức phúc,neutral,neutral
e hoibai nay ben zing co chua ạ,neutral,neutral
low cortisol watch,neutral,neutral
bài hát bốc phét nhất nghe,neutral,neutral
năm nữa,neutral,neutral
mv thât nhân văn tình yêu tgt3 nữa,praise,neutral
cầu mong đen câu bài hát giống gần nhà rồi,neutral,neutral
oh nah song 2019 take back 2019,neutral,neutral
tết sắp nữa rồi người nôn nao tết tết để đoàn tụ chẳng biết lòng mình không thích nhà năm dịch bệnh rồi gặp khó khăn công học nữa cảm thấy năm nay mình vô dụng tự hỏi năm nay mình đạt hỏi chỉ hỏi đỡ phần vơi nỗi buồn muốn chia sẻ nhẹ lòng phần mặc dù 2 tháng 4 ngày nữa mới tết ngày mẹ nhắn tin hỏi mua vé bận công không chưa mẹ hỏi lòng mình đau người mẹ lo đứa mình xa quê năm mới lần mình hiểu cảm giác mẹ luôn nhắn tin mình hỏi chưa nhà biết mẹ thương ạ yêu mẹ 3,neutral,neutral
nhạc ạ,neutral,neutral
lowk badi,neutral,neutral
low cortisol indonesia,neutral,neutral
quê mình ninh bình,neutral,neutral
retitl,neutral,neutral
mv ý nghĩa,neutral,neutral
hết sảy,neutral,neutral
hong cap tran thanh hariwon ma hong co,neutral,neutral
talent,praise,neutral
chúa chính thần đàng hoàng ổng ổng đàng hoàng ác ổng ác nhất cựu ước chẳng nói chúa cha lòng vua cập chai đá vua cập không tha dân en mặc dù en chạy chốn biển đỏ vua cập cử quân bắt chúa cha biển đỏ đổ ập chôn vùi hết đội quân vua cập wife young chỉ chiên ba ngôi khuyên hãy chọn chơi,criticism,neutral
đừg để em khóc,neutral,neutral
listen flunk exam lower cortisol,neutral,neutral
mong tất bài hát a phúc đều 10tr view,neutral,neutral
bài hát vừa ý nghĩa thấy tình yêu thật kì diệu tuy nhiên giờ chưa người yêu,praise,neutral
dài hơn sông,neutral,neutral
trường dạo gần đứa bật bài muốn nhà huhu,neutral,neutral
cortisol lower,neutral,neutral
1 bài hát ngây thơ dịu dàng nhất tui nghe lần phúc hợp bài nè v đúng luôn,neutral,neutral
1912024 1912025 tớ chở,neutral,neutral
nghe 1 lần thấm luôn ms ghê chứ,criticism,neutral
certifi low cortisol,neutral,neutral
2 tab thịnh hành,neutral,neutral
2026 xem không,neutral,neutral
anh ơi mộc mạc giản dị chèn quảng cáo khéo léo không ảnh hưởng sản phẩm lời nhạc,neutral,neutral
nhớ nhà thiệt sự,neutral,neutral
lâu lâu stream giúp chú đen,neutral,neutral
tui biết số sơn thony giống tui trời ơi khúc cuối rụng tim á,neutral,neutral
bài,neutral,neutral
không nhà,neutral,neutral
vấn đề ở là đức phúc chưa có bồ d mà biết yêu ghê vậy,neutral,neutral
chúc mừng năm mới 202 1 lần nữa bài hát phát lần nữa ngày tết,neutral,neutral
chúc mn bình an đồng nai 2792021,neutral,neutral
rap anh đen vâu luôn tuyêt vời,neutral,neutral
258 e bé phê cần ngày hít 10 lần 1 năm,praise,neutral
xem mấy trăm view bây giờ hơn 6tr view rồi,neutral,neutral
nhom minh nhảy bai cua tia ne mn ung ho nha,neutral,neutral
cát tường giống kicm vãi,neutral,neutral
80 ngày nữa tết 2024 are ae oi,neutral,neutral
hầu như hôm nghe luôn mất,neutral,neutral
mệt mõi thất bại chẳng dám nhà,neutral,neutral
dont skipthi wil chang life guilttrip ad al thank blockifi,neutral,neutral
sắp tết rồi,neutral,neutral
ca thêm giọng anh phúc hết sức truyền cảm nữa càng nghe càng ghiền luôn,praise,neutral
mv tuyệt vời chúc mừng đức phúc,praise,neutral
make cortisol drop neg,neutral,neutral
lỡ tay chạm phải ngực crush họa micao hơn cản núi dài hơn sông,neutral,neutral
thank you người mình thay đổi hướng tích cực vun đắp cs mk thế hơn yêu,praise,neutral
from vĩnh phúc ts xem clip,neutral,neutral
mv siêu ý,neutral,neutral
nôn nhà ghê,criticism,neutral
cảm động thực sự 3,neutral,neutral
uầy 10m rồi,neutral,neutral
30 đức phúc dành ekrik ổng 1 cặp,neutral,neutral
misthy dàn loa mới đưa,neutral,neutral
yêu rồi mê mụi chứ hả,praise,neutral
đường nhà xa mình xứ người buồn ơi tết xa nhà,criticism,neutral
mv thật sự ý nghĩa luôn ý xem hoài không chán,neutral,neutral
bài nay không 1 triệu live thi phí,neutral,neutral
nay tròn 2 tháng rồi nhanh thật,praise,neutral
thích chị nghe bài muốn,praise,neutral
hây,neutral,neutral
ủng hộ a nhé bùi đức hiếu cover hơn yêu mình thấy giọng anh giống a đphúc cảm ơn mọi ng ạ,praise,neutral
oh top 1 à,neutral,neutral
tết 2021 nghe bàn năm nay 2024 như,neutral,neutral
hơn yêu biết trân trọng thứ tình yêu fc cặp đôi đức phúc nhờ 1 clip thân mật mv hụt,praise,neutral
a đen rap gấp tỷ ông tên binz câu lủng củng ráp thiếu nghe nhói tai vãi,criticism,neutral
cặp chú cô hải gđ đức phúc cặp thắng nhi đẹp nhất xúc động nhất gđ chị vđv bơi lội ngồi xe lăn,praise,neutral
đường nhà bây giờ thật khó khăn,neutral,neutral
hãy thử nghe tốc độ 125 xem video thật thảnh thơi cảm xúc khác,neutral,neutral
mv ý nghĩa nhất năm,neutral,neutral
sớm beat nhé chỉ bài hát yêu thế giới,praise,neutral
1622020 a ạ,neutral,neutral
love song,praise,neutral
bài ghê giờ mình mới biết,criticism,neutral
huhu xem clip cảm động khóc luôn nè,neutral,neutral
tự nhiên vừa xem nước mắt cứ rơi không hiểu luôn,neutral,neutral
6 năm trước cơ,neutral,neutral
bài lối nhỏ tui reply mấy chục lần,neutral,neutral
xem muốn khóc luôn ý đặc biệt cặp đôi lgbt ý năm nay 142 ngồi nhà rồi,neutral,neutral
ngày nge vài lần vất vả ngày chỉ mún nge để relax nge để dễ ngủ 1 năm đầy khó khăn covid nhà thôi,neutral,neutral
việt nam minh an thai lan toan thu gi dau không dua may ng dong tinh len mang tv lam mat di phong tuc cus việt nam,neutral,neutral
sắp 10m rồi nè,neutral,neutral
1 triệu like trở thàh hiện thực,neutral,neutral
nghe quài không ngán,neutral,neutral
2 tuần nữa tết rồi mọi người ơi 3,neutral,neutral
thiếu trấn thành hari,criticism,neutral
xem,neutral,neutral
nho,neutral,neutral
đóm thích nghe nhạc a đen vâu nha đặt bt bài,praise,neutral
bài hát đầy ý nghĩ tết năm nayrất ý nghĩ,neutral,neutral
1304541 lượt xem,neutral,neutral
113 cao hơn núi xanh hơn trời lịch học bù chúng,neutral,neutral
bắt trùng hổ nưởng ngâm rựợu cha uốn ngày ba lần sẻ hết bệh,neutral,neutral
hn quê bài bao phê,praise,neutral
50m view low cortisol,neutral,neutral
cảm giác nhà thật ấm áp đặt biệt nhà không sợ đóihihi,neutral,neutral
hơn yêu bên xuân thắng nguyễn,praise,neutral
anh chưa hỏi em em yêu anh không,praise,neutral
nghiện bài ni như tui không nghe muốn ny qá,praise,neutral
mới 1 năm rồi sắp phải ăn tết xa quê,neutral,neutral
chúc bé iu thật tốt nhoa,praise,neutral
eo ơi nghe bài chú đen thấy tết gần rồi,neutral,neutral
chuẩn tới tết 202 rồi nhỉ,neutral,neutral
rap ak,neutral,neutral
nghe bài hát xong tự nhiên muốn nhà bố mẹ,neutral,neutral
3 năm are nhanh thật,praise,neutral
đọc bức thư cuối mv ấm lòng 3,neutral,neutral
yeh top 1,neutral,neutral
ye 20 year enorm shit stick ashol finali fredom,neutral,neutral
uầy sky,neutral,neutral
góc quảng cáo kênh karaoke beat chuẩn đủ side đủ thể loại nam nữ ae ủng hộ,neutral,neutral
mê nhạc lẫn lời luôn,praise,neutral
sắp 1m like oy,neutral,neutral
1572028 không biết quay rep cmt không,neutral,neutral
chàng trai em nói em anh thương mama anh anh thương em hơn mama anh thương hơn luôn yêu hơn luôn em nghĩ anh thật ngốc so sánh như rồi em dần cảm nhận tình yêu anh dành em hơn yêu em hiểu em cảm thấy mình cần trân trọng giữ trọn chàng trai em muốn nói anh tình yêu em dành anh dù không to bằng trời không xanh bằng biển đủ để trái tim anh ấm áp đủ để anh cảm thấy cuộc đời thật đẹp em,praise,neutral
đường nhà,neutral,neutral
đen vâu tiên chi wechoice không phải nhà,neutral,neutral
ghiền đoạn hát justa te,praise,neutral
ui thích chị hạnh nhảy người anh tường,praise,neutral
nhạc đen vâu chỉ màu nghe hoài thấy,neutral,neutral
anh hát bài đám cưới duy mạnh nè hihi,neutral,neutral
42 tr,neutral,neutral
ngày thấy lược nghe tăng thêm 1 triệu vui vãi bác ạ d,praise,neutral
3,neutral,neutral
2026 rồi ae quê hết chưa,neutral,neutral
chil,neutral,neutral
chị hoà cute,neutral,neutral
t,neutral,neutral
đúng cần,neutral,neutral
hành trình hạnh phúc muôn nẻo yêu thương,praise,neutral
hôm trà sữa nghe bài thích thế hỏi xem bài rồi bh nghiện luôn,praise,neutral
góc nhỏ lgbt cảm ơn,neutral,neutral
ngày cuối năm gia đình ngày ấm áp,neutral,neutral
bữa dịch giờ nghe bài nhớ nhà không biết dề nữa đường nhà xa a đen ơi,neutral,neutral
tùng sơn trang lou thêm cặp ba duy nam thương so hot,praise,neutral
nghe không mấy chế,neutral,neutral
ạ,neutral,neutral
nắng mưa gần xa thất bát vang danh nhà luôn chờ đường nhà tim dẫu muôn trùng vật đổi dời nhà luôn nhà về nhà ya lao đời và kiếm cơm lao đời tìm cơ hội những thành thị thường lấp lánh còn đêm thành thị thường trơ trọi như mọi đứa trẻ khác lớn muốn xa hoài xa hoài nhà yên đợi đứa ngoài bước ngoài mới biết không bằng nhà nhà biết để mất trước sẵn sàng mở quà mở quà không phải võ sĩ phải giỏi đấu đá kiệt sức chỉ gắng giữ mình không xấu xa đôi bỗng thấy đồng cảm mai an tiêm bước chân sóng gió chỉ nhà mãi an yên ngoài phức tạp như rễ má dây mơ dây mơ nhà để phép mình ngây thơ mang bao náo nức xe trọn niềm thao thức xuân níu đêm ngày dòng người phố mang sắc mai hương đào tìm nơi ấm êm đường nhà tim dẫu nắng mưa gần xa thất bát vang danh nhà luôn chờ đường nhà tim dẫu muôn trùng dẫu muôn trùng vật đổi dời vật đổi dời nhà luôn nhà ngôi nhà góc vườn chó gà đám nói khó chiều thích gió trời hơn gió hoà ah ăn cơm mẹ nấu mặc áo mẹ may đưa ba chợ mua cây đào cây mai bày năm trời rã rời như máy oh nhà thấy áp lực nhẹ như bấc thổi bay thổi cái là bay ấm êm hơn bếp lửa ngọt bùi hơn lúa non nhà luôn mong chờ đứa dẫu mưa nắng không bao giờ nề hà hạnh phúc chỉ đơn giản nhà oh hạnh phúc nhà cô đơn nhà thành công nhà thất bại nhà mệt nhà mông lung nhà chênh vênh nhà không nhà không nhà nhà nhà đường nhà tim dẫu nắng mưa gần xa thất bát vang danh nhà luôn chờ đường nhà tim dẫu muôn trùng vật đổi dời nhà luôn nhà nhà thể lớn thể nhỏ thể không khang trang cha mẹ muốn sống đàng hoàng lớn người mong tương lai sáng lạng cặm cụi đời không bao giờ thấy than vãn đường nhà tim dẫu nắng mưa gần xa thất bát vang danh nhà luôn chờ đường nhà tim dẫu muôn trùng vật đổi dời nhà luôn nhà,praise,neutral
anh ơi,neutral,neutral
bài hát,neutral,neutral
năm lớp 9 gặp năm lớp 9 người yêu năm 1 tình yêu không phải người không thương đêm noel người khác sau 3 năm buồn vui chỉ đứa như tâm sự buồn vui hạnh phúc nhé,praise,neutral
nhớ nhà sắp bố mẹ rồi,neutral,neutral
tik tok chạy nè,neutral,neutral
song get ear blese,neutral,neutral
thiếu cặp anh đức phúc thôi ạ,criticism,neutral
314 a cạo râu nhờ,neutral,neutral
tởm,neutral,neutral
anh ơi em tập cover bài hát em nghe,neutral,neutral
hạnh phúc chỉ đơn giản nhà để cờ bạc không nhà để nữa rồi bố mẹ thương bán hết nhà cửa thành người không nhà cửa để nghe lòng đau nhói xin lỗi bố mẹ xin lỗi em yêu người chịu đau khổ mọi ân hận giờ muộn màng liệu thể đứng dậy nổi không,neutral,neutral
sắp hết 1 năm 1 năm dịch bệnh bao mất mátđau thương thầm cảm ơn trời phật tre chởbảo vệ gia đình bố mẹ mìnhcả mấy tháng kẹt dịch sài gòn tháng dịch chỉ muốn nhà ngaynhiều nhớ nhà bật khóc đêm nhìn thấy dịch bao gia đình chia lìa thôi năm nay bỏ phía sauvề nhà sớm bố mẹ thôi mong tháng cuối năm dịch hết để mn 1 tết thật ấm ápvui vẻ bắt đầu năm mới thật sự nghe tin thấy tình hình dịch ổn dấu hiệu hết như cảm giác mùa xuân mới gần rồi,praise,neutral
chưa tết nghe nôn nao tết rồi,neutral,neutral
mình thực sự cảm động gia đình minh lý hoàng anh cảm ơn hơn yêu cảm ơn đức phúc,praise,neutral
2 ngày nữa bước qa năm 202 rồi mọi người ơi,neutral,neutral
low cortisol,neutral,neutral
uầy gần 52tr are tar 3 nghiện thực sự,praise,neutral
thấy,neutral,neutral
top 2 trending coming from tiền giang,neutral,neutral
tab 1 rồi yeh,neutral,neutral
không thích cortisol,neutral,neutral
bài đỉnh anh ơi vừa vừa ý nghĩa thấm lời hát luôn,praise,neutral
công nhận nghe bài này thật,neutral,neutral
nghe hoài không biết chán luôn,neutral,neutral
bài nghe tuổi thơ ạ,neutral,neutral
song reali lower cortisol,neutral,neutral
hơn cả yêulà yêu muôn kiếpđầu thai vẫn yêu,praise,neutral
nôn tết,neutral,neutral
trước tui thích nhà chỉ trước,praise,neutral
bài hát thật ý nghĩa 3,neutral,neutral
ngọt ngào giọng nữ nghe vl,neutral,neutral
cún bảo bối của erik mn ạ haha,neutral,neutral
lần đầu tiên biết thằng cuội giới tính thứ 3 luôn á,neutral,neutral
đức phúc trân trọng cảm ơn cún bảo bối erik erik cảm ơn xe đức phúc má ơi hai ổng lầy dễ sợ,criticism,neutral
ý tưởng mv đấy mặc dù đoạn giống put it al on me ed sheran đấy,neutral,neutral
năm nay tiếp mv 2 anh ơi love,neutral,neutral
nghe lần đầu nghiện luôn tới giờ không đánh giá thấp,praise,neutral
4 cặp đôi bê đê,neutral,neutral
hạnh phúc nhà cô đơn nhà thành công nhà thất bại nhà mệt nhà mông lung nhà chênh vênh nhà không nhà không nhà nhà nhà nhà,neutral,neutral
luôn ae ơi 3,neutral,neutral
hy vọng mình 1 tình yêu như 3 3,praise,neutral
mv,neutral,neutral
bài không mp3 nhỉ,neutral,neutral
xúc động a ơi chỉ 1 thôi tuyệt vời,praise,neutral
ý nghiaz,neutral,neutral
10k người không muốn nhà,neutral,neutral
tuyệt vời chúc anh gia đình sức khỏe hạnh phúc may mắn,praise,neutral
covid nhà thất nghiệp nhà,neutral,neutral
nghe bài thấy thanh thản rồi vô bài nhàn luôn,neutral,neutral
5 năm trc ông nói đưa nhau trốn giờ ông nói nhà,neutral,neutral
nghe am non mun toi tet,neutral,neutral
ngày 8 tháng 1 năm 2025 3 tuần nữa tới tết ngồi văn phòng ngột ngạt chỉ muốn thẳng nhà chuẩn đón tết gia đình muốn ngồi gói bánh chưng mua mai đào chơi tết sắm sửa đồ đạc nhà ôi cảm giác quây quần ấm cúng đời người xa trưởng thành mấy cội nguồn quê hương gia đình thứ đấy không thể diễn tả thành lời,neutral,neutral
make cortisol low,neutral,neutral
bài cực hồn nhiên cute vl,neutral,neutral
hổng trấn thành va hari,neutral,neutral
quê hải dương lấy ck quảng ninh hà nội chưa bao giờ thấy nhà xa hải dương quảng ninh cố nhé,neutral,neutral
hoà khùng,neutral,neutral
bé chỉ fan chị mỹ tâm giờ fan e phúc luôn chúc mừng em bài hát ý nghĩa giọng hát đầy cảm xúc chúc mưng em,neutral,neutral
covid như 1 ngày bỏ thân xứ người xin lỗi mẹ xin lỗi mọi người,neutral,neutral
chào anh đen vâu bài hát ý nghĩa em xin phép anh vài đoạn ngắn hơn 1 phút để em bài cảm nghiệm chia sẻ cá nhân tình cảm gia đình không anh chờ câu trả lời anh em xin trân thành cám ơn,neutral,neutral
zing chị ơi,neutral,neutral
mình xa quê 12 năm rồi nghe bài hát chỉ khóc khóc thôi nhớ ba mẹ,neutral,neutral
số ông bon chen thành phố động lực muốn đón bố mẹ gần,neutral,neutral
luôn,neutral,neutral
không bt đen vâu cạo râu nhìn như thế nhỉ,neutral,neutral
phụ bede,neutral,neutral
lính nge não lòng,neutral,neutral
đọc bức thư nước mắt em cứ rơi hoài,neutral,neutral
chồng em hỏi hơn yêu mong cđm giải thích giùm em ạ,praise,neutral
cực 3,neutral,neutral
xem năm ngoái năm nay ms thấy đoạn bắt vịt nv bố a đen đứng sau phun thuốc trừ sâu ầm ầm xung quanh đông như họp buôn làng ruộng chơi ý hehe,neutral,neutral
mùa dịch nghe bài cay khóe mắt không biết gặp ck yêu,neutral,neutral
chức mừng nhà đạt 10 triệu lượt xem,neutral,neutral
mv ý nghĩa xem cảm động khiến ng mất niềm tin thank you như mình thấy hạnh phúc,neutral,neutral
nghe năm,neutral,neutral
đoạn justate hát tao nghe quen vl không nhớ bài bài biết không ạk,neutral,neutral
bài nài nghe còn ý nghĩa hơn top 1 và 2 thịnh hành dù mình là sky lmao anyway selfpromo reali great job sinc im home yeah go home famili new year eve peac,praise,neutral
mùng 5 nghe không,neutral,neutral
mới nhật nghe bài nhớ nhà bâyh nghe cảm thấy 1 năm trôi thật nhanh tay chưa chưa,praise,neutral
khóc luôn á mấy năm rồi,neutral,neutral
nqe lời chú đen không nhà nhà báo đuổi gòi,neutral,neutral
chỉ tháng nữa tết 2025 roi năm 2024 vui buồn toi muốn năm 2025 giống như tết 2018 trời lạnh 30 tết vui vẻ chờ đợi tới 12 h nhau ngồi ăn uống nấu bánh chưng bánh tét ngắm pháo hoa đặt biệt xem táo quân,praise,neutral
hai anh tình yêu đồng tính dễ thương thật,praise,neutral
giữ top 2 nhé mn,neutral,neutral
em lai nho anh the nay cam giác hon canho em ratuon ben anh nay,neutral,neutral
tik tok,neutral,neutral
bài hát kết cảnh quay ôm nhau đôi nam nữ bài hát,neutral,neutral
ngày 15 tháng 1 năm 2025 nghe không,neutral,neutral
khẳng định bài ráp đen đạt 1 triệu like,neutral,neutral
nghe bài bác lần đầu rươm rướm nước mắt lần 2 khóc luôn lần 3 chỉ muốn nhà lâu lâu lén mở nghe tủi thân thấy mình nhỏ bé thành phố cuộc sống mệt mõi áp lực bế tắt chỉ muốn nhà bài bác mang 1 ý nghĩa cuộc sống sâu sắc mình thích nhất bài đường nhà tim dẫu nắng mưa gần xa,praise,neutral
popular asiatok thank ur servic,neutral,neutral
bài để dành người đón chồng,neutral,neutral
không hiểu tại s bài v bấm không thic nãn thật botay,neutral,neutral
cj em hủ không,neutral,neutral
bài hát thể hiểu nghĩa tâm trạng người nghe tuyệt vời,praise,neutral
100 dislike fa nhé,neutral,neutral
nhạc bắt tai ghê luôn,criticism,neutral
nghe nghe như lần đầu,neutral,neutral
dịch nhớ nhà,neutral,neutral
vài phút nữa thôi sang năm mới xe khách hỏng đường không thể nhà sớm nghe bài chú vâu nhớ nhà vô không lần đầu tiên mình sắp đón tết xa nhà nghe bài hát xúc động thật sự,neutral,neutral
lần đầu tiên gặp nhau,neutral,neutral
24102021 nghe xúc động khóc như lần đầu nghe hạnh phúc covid tạm ổn gia đình mình đầy đủ nhìn nhau ngày,neutral,neutral
chờ 9 9 like tao like cuối 1m,neutral,neutral
ý nghĩa woa anh ơi khúc chú trường giang cô nhã phương em mắc cười xíu ý nghĩa,neutral,neutral
cảm xúc lời ca đẹp rap chil anh đen vâu giọng phiêu ấm áp anh justa te 1 hoàn hảo nghe hoài không chán thật xúc động,praise,neutral
kết xoài,neutral,neutral
binhthuan,neutral,neutral
502 duma family chúc anh chị hạnh phúc,neutral,neutral
mấy ông yên nhau gay,neutral,neutral
thật sự,neutral,neutral
giờ xem laik chảy nc mắt,neutral,neutral
cha t ổng nói nhà đái nhà ỉa nhà,neutral,neutral
cj châu ơi,neutral,neutral
yêu mãi anh,praise,neutral
bài nghe hoài không chán,neutral,neutral
xúc động phát khóc luôn nè anh ơi,neutral,neutral
hơn yêu dành thanh xuân chỉ để đợi người thay đổi,praise,neutral
thật tự hào công dân nước cộng hòa xã hội chủ nghĩa việt nam cảm ơn chi đem tài năng mình khắp châu á để chinh phục hàng triệu người cảm ơn rơi nước mắt hàng triệu người nghe ca khúc biểu diễn,neutral,neutral
sky ủng hộ 2 anh,neutral,neutral
vài ngày nx nhớ ngoại,neutral,neutral
cày view chú đen nè,neutral,neutral
xem the anime men giống t không,neutral,neutral
bài hot trở,neutral,neutral
không tiếc 1 like 1 sup 1 chia sẻ,neutral,neutral
2 ca sĩ nam mình thích vpop chính chú đen vâu anh sơn tùng mtp mong 2 người luôn vui vẻ hạnh phúc thành công đường mình 3,praise,neutral
xem xong mv hỏi anh anh ba hơn yêu dạ thường ổng chửi tui ngu trước sau trả lời câu trả lời không liên quan câu hỏi lần ổng nghiêm túc lạ thường quay nhìn thẳng mặt nở nụ cười ôn nhu đáng sợ nhất nhẹ nhàng xoa đầu nói mày không thấy tình yêu ba mẹ vd điển hình nhất đối ba mẹ nói tình yêu không chỉ dừng yêu đồng hành cảm thông hiểu chưa,praise,neutral
e nghịn luôn are,neutral,neutral
nghe la nghien luôn,neutral,neutral
tuyệt vời,praise,neutral
chúc mừng anh đạt 10tr view nha,neutral,neutral
không zing mp3 hả,neutral,neutral
3 trịu gòi trời oy,neutral,neutral
nghe muốn rớt nước mắt dù mình không xa nhà bài hát ý nghĩa cảm ơn đen vâu justate,neutral,neutral
love baroibeo,praise,neutral
leo top thôi mng,neutral,neutral
cortisol lower,neutral,neutral
tối nay em nghe 7 lần rồi,neutral,neutral
nơi yên bình nhất nơi ấm áp nhất không nơi bằng nhà,neutral,neutral
158 khúc ông nam nè mấy bồ tèoˋˊ quyên nam station ah moment,neutral,neutral
nghe bài em fan đức phúc are 3,neutral,neutral
nhà để may mắn ước nhà để chẳng tết 1 mình sài gòn rộng lớn,neutral,neutral
chúc a sớm nhận nút vàng youtube ạ,neutral,neutral
cảm ơn mình tin tình yêu lần nữa,praise,neutral
xem clip tốn sức ghê á lần vô tình nhìn vô clip khóc hết,criticism,neutral
em không muốn em khắc khẩu cha 2 cha chư bao giờ tiếng nói chúng giờ chỉ nghĩ mẹ phiền lo cha,neutral,neutral
hơn yêu em ơi hì em hiểu không nguyễn thị ánh ngọc,praise,neutral
ngồi nghe chil,neutral,neutral
mv vừa cảm động thế dislike chả hiểu mấy người nhấn dislike nghĩ nữa,neutral,neutral
10m,neutral,neutral
bài,neutral,neutral
helo chú mình,neutral,neutral
sức mạnh tiktok,neutral,neutral
đợi 112021 0h lịch âm lịch 3,neutral,neutral
chị tia càng ngày càng xinh em thích bài ạ,praise,neutral
anh yêu em,praise,neutral
sắp 1 tết nữa sắp,neutral,neutral
2 ae nhạc sĩ ca sĩ khắc việt khắc hưng giỏi thiệt bài hit luôn,praise,neutral
hẹn hò 5 năm ư đồng tính á,neutral,neutral
ý nghĩa,neutral,neutral
bài top 1 hơn 1 tuần luôn,neutral,neutral
nghe giờ mới xem trọn vẹn mv cảm ơn đức phúc sản xuất mv vô ý nghĩa,neutral,neutral
tải nhạc máy vô nghe ủng hộ chú đen 1 tết không nhà from korea,neutral,neutral
tab 1 trending,neutral,neutral
tết nài không are thôi hẹn năm sau z,neutral,neutral
không hiểu nghe đoạn anh justa te hát tự nhiên muốn khóc,neutral,neutral
bài top3 2 bài xàm trẻ trâu ẵm top 12 đúng thị trường nhạc việt nam rác vãi,neutral,neutral
chỉ anh đôi khó nói lời mong em hãy cảm nhận thôi,neutral,neutral
sky ủng hộ chú đen chúc chú đạt 1tr like,neutral,neutral
nhớ tầm năm ngoái ngồi quán net nghe bài phê vch năm nay xa nhà rồi nghe thấy nôn nao tết để nhà,praise,neutral
w titl,neutral,neutral
xem 10m mn,neutral,neutral
sky ung hộ,neutral,neutral
để cuối đức phúc fa,neutral,neutral
khắc chế mr siro z yêu nghe đp thất tình nghr mrsiro,praise,neutral
mình khóc xem mv xúc động cảm thấy mình thật may mắn phần hạnh phúc cuộc đời hạnh phúc chúc mọi người luôn hạnh phúc yêu phúc,praise,neutral
ae bên tiktok không,neutral,neutral
magnif voic love song cortisol get lower serotonin get highest ever,praise,neutral
hát hò kiểu để duy mạnh đường quyền quỳnh anh em ơi,neutral,neutral
ước ba mẹ mình như mv,neutral,neutral
anh ơi em fan anh 3 năm liền rồi,neutral,neutral
agn tachyon low cortisol,neutral,neutral
huhuhu nhạc,neutral,neutral
6 năm are viral,neutral,neutral
phuc oi cam on chau song dep nha moi nguoi,neutral,neutral
lần nghe muốn nhà liền,neutral,neutral
sắp hết 1 năm rồi nhớ cấp 3 mình quen bé loay hoay mình xa nhau gần 1 năm rồi em nhỉ,neutral,neutral
lâu rồi mới thấy mv ý nghĩa như,neutral,neutral
nghe nghiện thật sự,praise,neutral
bài hát vãi chưởng cháu nghe không chán,neutral,neutral
even edit titl low cortisol song,neutral,neutral
sắp tết nghe bài,neutral,neutral
chúc mừng bài hát hơn yêu anh đức phúc đạt top 1 trending,praise,neutral
ngày nghe chục lần không chán hạnh phúc gặp người mk yêu thế thôi,praise,neutral
low cortisol,neutral,neutral
xem đoạn tường gặp người yêu mình rớt nước mắt người yêu xa hiểu cảm giác mv toàn kols nổi tiếng tiktok giới nghệ sĩ mọi lứa tuổi mọi hoàn cảnh phúc mv xứng đáng mùa valentine,praise,neutral
xem hoài không chán,neutral,neutral
lần nhớ nhà bật bài nghe vừa nghe vừa khóc chỉ muốn nhà thật nhanh thôi,praise,neutral
dự a đen a te kết hợp mấy phòng vé ngày tết,neutral,neutral
anh hiếu rap,neutral,neutral
wasnt lie tiktok,criticism,neutral
1 triệu like chú đen mọi người ơi,neutral,neutral
fvfsvkjfs nhi i love you so much to chuồn chuồn bo nữa nè ý kiến a di a bết yu e hỏi cháu mụn nhỏ li ti co hjhjh,neutral,neutral
bước đời mới biết không bằng nhà,neutral,neutral
nhà,neutral,neutral
má chị xinh nha,praise,neutral
tết rồi nhà thôi,neutral,neutral
nghe mãi không chán,neutral,neutral
đường nhà tim dẫu nắng mưa gần xa thất bát vang danh nhà luôn chờ đường nhà tim dẫu muôn trùng vật đổi dời nhà luôn nhà lao vào đời mà kiếm cơm lao vào đời tìm cơ hội những thành thị thường lấp lánh còn đêm thành thị thường trơ trọi như mọi đứa trẻ khác lớn lên muốn xa hoài nhà thì vẫn ở yên đó đợi những đứa ngoài bước ngoài mới biết không ở đâu bằng ở nhà biết có gì để mất trước sẵn sàng mở quà không phải là võ sĩ nhưng mà phải giỏi đấu đá nhiều kiệt sức chỉ vì gắng giữ mình không xấu xa đôi lúc bỗng thấy đồng cảm với mai an tiêm bước chân là sóng gió chỉ có nhà mãi an yên ngoài phức tạp như rễ má và dây mơ về nhà để có lúc phép mình được ngây thơ mang bao nao nức xe trọn niềm thao thức suốt đêm ngày dòng người phố mang sắc mai hương đào tìm nơi ấm êm đường nhà tim dẫu nắng mưa gần xa thất bát vang danh nhà luôn chờ đường nhà tim dẫu muôn trùng vật đổi dời nhà luôn nhà về ngôi nhà có góc vườn nhiều chó nhiều gà đám bạn nói khó chiều và lại thích gió trời hơn gió điều hoà về ăn cơm mẹ nấu về mặc áo mẹ may về đưa ba chợ mua cây đào cây mai về bày cả năm trời làm việc nhiều rã rời như cái máy về nhà thấy áp lực nhẹ như bấc thổi cái là bay ấm êm hơn bếp lửa ngọt bùi hơn lúa non nhà vẫn luôn ở đó mong chờ những đứa dẫu mưa nắng không bao giờ nề hà hạnh phúc chỉ đơn giản là còn được về nhà hạnh phúc về nhà cô đơn về nhà thành công về nhà thất bại về nhà mệt quá về nhà mông lung về nhà chênh vênh về nhà không có việc gì vậy thì về nhà không nhà nhà nhà đường nhà tim dẫu nắng mưa gần xa thất bát vang danh nhà luôn chờ đường nhà tim dẫu muôn trùng vật đổi dời nhà luôn nhà nhà thể lớn thể nhỏ thể không khang trang cha mẹ muốn sống đàng hoàng lớn người mong tương lai xán lạn cặm cụi đời không bao giờ thấy than van đường nhà tim dẫu nắng mưa gần xa thất bát vang danh nhà luôn chờ đường nhà tim dẫu muôn trùng vật đổi dời nhà luôn nhà,praise,neutral
nhà không phải nơi để,neutral,neutral
hát mặt xấu,criticism,neutral
crotisol drop,neutral,neutral
cao hơn núi rộng hơn dài hơn sông đg idol e,neutral,neutral
mv ý nghĩa bao trùm phạm trù tình yêu xem cảm động,praise,neutral
bài hát vô ý nghĩa,neutral,neutral
kb ông anh đen vâu antifan không nhỉ,neutral,neutral
vượt ngọn gió vượt đại dương ui,neutral,neutral
mv xúc động ý nghĩa,neutral,neutral
hơn yêu bất chợt đêm nhớ cậu valentine cậu hạnh phúc chứ cậu đừng buồn nhé đau khổ hãy chia sẻ thể trở ngày xưa ngày lần đầu thấy cậu không thích cậu để khỏi phải nhớ cậu bây giờ nữa hạnh phúc nhé thương cậu15022020,praise,neutral
tưởng tiktok ghép chữ low cortisol phải youtube tìm gấp,neutral,neutral
tuyệt vời,praise,neutral
notic low cortisol titl,neutral,neutral
không biêt nói gìchúc gia đình sức khoẻlời hát thật sự ý nghĩa,neutral,neutral
anh ơi,neutral,neutral
chả thấy đoạn cảm động đáng để khóc thấy mấy bình luận khóc dữ điên mất rồi,neutral,neutral
hic hic em tải rồi xong bh không tải đk nữa huhu,neutral,neutral
1810 tết covid phan thiết khuya nay gỡ chốt cảm giác nôn phan thiết như nôn nhà tết nhớ nhà thực sự,neutral,neutral
low cortisol song,neutral,neutral
1 tình yêu thật đẹp,praise,neutral
2021 liệu,neutral,neutral
hơn yêu chúng kết thúc sau hơn 1 năm yêu nhau lính phải chịu thôi không giải quyết chỉ mong cô hạnh phúc vui vẻ tìm nửa mình vui rồi hơn yêu,praise,neutral
ơ anh quang minh minhx dạy chỗ le cirque anh bên ngoài nhảy sexy siêu đẹp,praise,neutral
lời bài hát nghe dễ thuộc lần đầu tiên thuộc bài nhanh,praise,neutral
bài hát,neutral,neutral
low cortisol,neutral,neutral
rơi nước mắt nhà,neutral,neutral
nha it co gần ha,neutral,neutral
mong dịch sớm chúc mấy vùng dịch luôn luôn mạnh khoẻ nhé,neutral,neutral
hạnh phúc nhé,neutral,neutral
thích bài hát,praise,neutral
đúng năm chá mấy nhà,neutral,neutral
dang 6 year recomend song edit oh 2020 song releas covid wow,neutral,neutral
nghe hết lời bài hát rồi coi hết mv luôn cặp người hát mk haz,neutral,neutral
nhạc sĩ khắc hưng thì auto thành hit rồi,neutral,neutral
chào chú trường giang,neutral,neutral
nghe hoài nghe mãi càng nghe càng thấm,neutral,neutral
không zing mp3,neutral,neutral
nghe bài nhớ tới tết á,neutral,neutral
low cortisol moment,neutral,neutral
thực sự xúc động ekip mang cảm xúc mv thật sự tình yêu nốt nhạc cuộc sống chúng thêm phần thú vị,praise,neutral
ngồi sau xe thằng mk sợ không tới nhà,criticism,neutral
trúc nhân pmc giọng cô thanh hoa nữa càng càng hơn nữa,neutral,neutral
nhạc haycute nhg ông nam trg bùn cười,neutral,neutral
top 1 trening cảm động,neutral,neutral
mv phúc đẹp giọng phúc nữa chúc mừng sản phẩm âm nhạc chất lượng phúc na,praise,neutral
ạ,neutral,neutral
w artist ade low cortisol song song name,neutral,neutral
song peak,neutral,neutral
ủng hộ kênh mình,neutral,neutral
chễm chệ top 1,neutral,neutral
dễ nghe hơn sơn tùng toàn cày veiw ảo,neutral,neutral
cortisol stabil watch,neutral,neutral
net,neutral,neutral
cao hơn cả núi dài hơn cả sông rộng hơn cả đất xanh hơn cả trời anh yêu em anh yêu em nhiều thế thôi,praise,neutral
thật sự thích mv mv yêu không đức phúc bây h chàng trai tốt chịu mở lòng cô gái thân hình mũm mĩm,praise,neutral
xem mv khóc luôn bao giờ mới thể gặp đúng người cuộc đời mình nhỉ,neutral,neutral
năm mới rồi chúc mọi người luôn bình an vui vẻ nha càng nghe càng thấm nhà 3,praise,neutral
đúng tâm trạng em cảm ơn nhạc sĩ khắc hưng viết nốt nhạc sâu lắng lòng người thế cảm ơn giọng ca ấm áp đức phúc đưa nốt nhạc tim em chúc mv anh đạt triệu triệu view nhé,neutral,neutral
năm nhà nghe bài,neutral,neutral
trường giang,neutral,neutral
nghe bài cảm thấy ấm áp lòng nhớ tết mình nhỏ rap đen chạm tim,neutral,neutral
nhẹ nhàng tình cảm,neutral,neutral
blud rli chang low cortisol,neutral,neutral
low cortisol thank,neutral,neutral
ạ giọng tia anh hiếu hợp nha,neutral,neutral
tuyệt ủng hộ hết mình love tia,praise,neutral
155 ngồi cày 10tr view chú đen không ạ,neutral,neutral
ý tưởng mv giống phim tìm vợ bà nhờ,neutral,neutral
bài đỉnh nghe lần đầu you mê luôn rồi,praise,neutral
dẫu nhà lần nghe cảm thấy lâng lâng,neutral,neutral
xúc động mối tình chị minh lý anh hoàng anh người đầy nghị lực tình yêu đích thực,praise,neutral
đáng yêu thế,praise,neutral
anh đen nhờ rủ nhau trốn chán xong giờ gạ nhà,criticism,neutral
nghe ngày xưa giờ thấy,neutral,neutral
nghe hoài không chán,neutral,neutral
2 giọng hát hòa hợp nghe êm tai nghe bình lặng,neutral,neutral
ôi đam mỹ trung tâm,neutral,neutral
xem khôbg,neutral,neutral
tuyệt vời nhất xem mv tiki,praise,neutral
đo,neutral,neutral
sắp tết roi mn ơi,neutral,neutral
phải chỉ cần xinh đẹp biết diễn xuất mới đóng mv chỉ cần tình cảm chân thành mv ý nghĩa,praise,neutral
sáng nghe chiều nghe tối nghe ăn nghe ngủ nghe,neutral,neutral
tuyệt hơn siêu phẩmcực ý nghĩa nữanếu công chiếu ngày hôm nay 142 chắc ý nghĩa hơn,praise,neutral
6 year ago,neutral,neutral
mình thích bài bài mình tưởng nhớ kỉ niệm,praise,neutral
tui fa nghe bài gato,neutral,neutral
50tr view come,neutral,neutral
đám cưới duy mạnh rồi day,neutral,neutral
h nghe,neutral,neutral
ga lài,neutral,neutral
826k like rồi hi vọng bài sớm 1m like để chú đen anh te thêm bài nữa nhỉ hihi,neutral,neutral
bài,neutral,neutral
hơn,neutral,neutral
hơn tuyệt vời bài hát thật đẹp chúng hãy nhau hạnh phúc tất chúng cuộc sống vô thường hãy bên nhau nhé hãy nhau yêu thương nhau hạnh phúc cảm giác bây giờ lẽ hơn yêu,praise,neutral
nghe xúc động khóc luôn 3,neutral,neutral
phong tran 2 tuần trước lời nè mong mb like em hỏi anh anh yêu em không anh không biết phải nói thế để đúng cảm xúc lòng anh nhìn em anh thấy cuộc đời anh khứ tương lai hiện tại không bao giờ phai tình yêu anh luôn thầm lặng không nghĩa không rộng lớn chỉ anh đôi khó nói lời mong em hãy cảm nhận thôi cao hơn núi dài hơn sông rộng hơn đất xanh hơn trời anh yêu em anh yêu em thế thôi vượt ngọn gió vượt đại dương vượt áng mây thiên đường dẫu nói bao cảm giác anh bây giờ lẽ hơn yêu anh nhớ lần đầu tiên gặp nhau chẳng biết trước lần lần cuối anh yêu đời anh không mơ gặp yêu nữa giờ anh em rồi em hết quãng đường đời tình yêu anh luôn thầm lặng không nghĩa không rộng lớn chỉ anh đôi khó nói lời mong em hãy cảm nhận thôi cao hơn núi dài hơn sông rộng hơn đất xanh hơn trời anh yêu em anh yêu em thế thôi vượt ngọn gió vượt đại dương vượt áng mây thiên đường dẫu nói bao cảm giác anh bây giờ lẽ hơn yêu cao hơn núi dài hơn sông rộng hơn đất xanh hơn trời anh yêu em anh yêu em thế thôi vượt ngọn gió vượt đại dương vượt áng mây thiên đường dẫu nói bao cảm giác anh bây giờ lẽ hơn yêu cảm giác anh bây giờ lẽ hơn yêu,praise,neutral
bài hát đúng hợp đợt dịch,neutral,neutral
năm nay mình 30 tết mới,neutral,neutral
nhạc chú đen nhất,neutral,neutral
a phuc,neutral,neutral
hơn yêu cao hơn núi dài hơn sông rộng hơn đất xanh hơn trời anh yêu em anh yêu em thế thôi vượt ngọn gió vượt đại dương vượt áng mây thiên đường ý nghĩ mình,praise,neutral
top 1,neutral,neutral
ước bài zing mp3,neutral,neutral
đúng thật nghe nhạc đen vâu tap thịnh hành tìm ngay nhớ nhà 2 tháng nữa,neutral,neutral
anh băng,neutral,neutral
đoạn không just nghe quen vl,neutral,neutral
hôm nay tròn 1 năm đưa em lò thật sự bài,neutral,neutral
mai mình gặp thầy hướng dẫn luận văn thạc sĩ chúc mình may mắn tks al,neutral,neutral
nhà thể lớn thể nhỏ thể không khang trang ba mẹ cux muốn sống đàng hoàng,praise,neutral
oỏng mở thư tui thấy dòng chữ cạo râu,neutral,neutral
ah ơi sai chính tả kìa,neutral,neutral
mình vợ bên nhau 9 năm kết hôn 3,neutral,neutral
tui muốn để râu giống chú,neutral,neutral
12năm rồi nghe hong nghe like nè,neutral,neutral
hoàn hảo,neutral,neutral
ấn tượng nhất gđ đông nhi ông cao thắg sau bao nhiu khó khăn cuối nhau,neutral,neutral
nhạc của2 anh nguồn độc lực ngày em,neutral,neutral
0 languag 0 understand 0 cortisol,neutral,neutral
come almost 31 mil come,neutral,neutral
cảm động thấy cặp đôi đồng tính xuất hiện cách tự nhiên video âm nhạc,neutral,neutral
quang đăng ơi mong anh đọc lời nhắn em em nhớ anh,neutral,neutral
thức điểm danh,neutral,neutral
mv âm nhạc đầu tiên em thấy tính nhân văn sâu sắc bài hát mang thật sự tuyệt vời chúc anh tương lai thêm sản phẩm âm nhạc ạ,praise,neutral
49 lâm đồng nhà thôi,neutral,neutral
tui tìm mãi mới thấy bài,neutral,neutral
em kính chúc anh năm hết tết tiền vô như nước sức khỏe tràn ngập sống lâu sống thọ cháu sang năm đón xuân tết sau lộc hơn tết nay chúc anh mọi sự an lành,neutral,neutral
ông nì bài bài v trời,neutral,neutral
ai thay hay cho mot nai mot com meng,neutral,neutral
anh ơi,neutral,neutral
triệu hồi hủ xem video nạ,neutral,neutral
hơn yêu,praise,neutral
god song cortisol song,neutral,neutral
ngồi sau xe hiền cảm giác ấm áp lạ kỳ,neutral,neutral
em nhớ nhà,neutral,neutral
xin chúc đọc coment thật sức khỏe hạnh phúc luôn gặp may mắn thành công cuộc sống,neutral,neutral
thích crush không dám nói nói sợ tránh mình luôn,praise,neutral
tết ơiđến nhanh bố mẹ,praise,neutral
lễ bài rap nghe lần nhất yêu tết,praise,neutral
mặc dù cuộc sống hiện tại mình độc thân tự lập mình nghe nhạc đức phức mình cảm thấy yêu thương thật sự hạnh phúc,praise,neutral
mình hơn yêu thương,praise,neutral
sắp hết năm,neutral,neutral
get low cortisol 213,neutral,neutral
nhộn nhịp tết nhộn nhịp lòng,neutral,neutral
a thời cấp 3 kết hôn nay nhé tự hào,neutral,neutral
thi học kì i đề tập văn buôn ma thuột bếp lửa nè phần đọc hiểu làng đoạn nlxh tình yêu quê hương đất nước 3,praise,neutral
alo any ơi thương em hong,praise,neutral
bài,neutral,neutral
muốn nhà 72 38,neutral,neutral
đóng góp bài hát ngày 3 view tắm rửa bát chưa kể ỉa ngủ,neutral,neutral
đức phúc ơi,neutral,neutral
giang ca cưng phúc gửi hẳn clip đặc biệt luôn,neutral,neutral
nhìn khung cảnh thấy mê,praise,neutral
đụ mẹ mày cặc chó đẻ,neutral,neutral
không bt bình luận chấm,neutral,neutral
bài hát ý nghĩa lâu rồi chưa nhà thực sự nhớ muốn chạy ngay,neutral,neutral
a đen ơi,neutral,neutral
mv xúc động bài hát,neutral,neutral
giọng a phúc dày ấm thực sự mv dễ thương trời,praise,neutral
thực sự,neutral,neutral
đẹp xấu kệ,neutral,neutral
like cô chú 1 like nhé chúc cô chú ngày mới tràn đầy năng lượng nhiệt huyết,neutral,neutral
cortisol lower,neutral,neutral
xúc xắc,neutral,neutral
80k like rồi mong mv 1tr like luôn ae đồng râm êi,neutral,neutral
mp3 không,neutral,neutral
đường nhà tim dẫu nắng mưa gần xa thất bát vang danh nhà luôn chờ đường nhà tim dẫu muôn trùng vật đổi dời nhà luôn nhà về nhà ya lao đời và kiếm cơm lao đời tìm cơ hội những thành thị thường lấp lánh còn đêm thành thị thường trơ trọi như mọi đứa trẻ khác lớn muốn xa hoài xa hoài nhà yên đợi đứa ngoài bước ngoài mới biết không bằng nhà nhà biết để mất trước sẵn sàng mở quà mở quà không phải võ sĩ phải giỏi đấu đá kiệt sức chỉ gắng giữ mình không xấu xa đôi bỗng thấy đồng cảm mai an tiêm bước chân sóng gió chỉ nhà mãi an yên ngoài phức tạp như rễ má dây mơ dây mơ nhà để phép mình ngây thơ mang bao náo nức xe trọn niềm thao thức xuân níu đêm ngày dòng người phố mang sắc mai hương đào tìm nơi ấm êm đường nhà tim dẫu nắng mưa gần xa thất bát vang danh nhà luôn chờ đường nhà tim dẫu muôn trùng dẫu muôn trùng vật đổi dời vật đổi dời nhà luôn nhà ngôi nhà góc vườn chó gà đám nói khó chiều thích gió trời hơn gió hoà ah ăn cơm mẹ nấu mặc áo mẹ may đưa ba chợ mua cây đào cây mai bày năm trời rã rời như máy oh nhà thấy áp lực nhẹ như bấc thổi bay thổi cái là bay ấm êm hơn bếp lửa ngọt bùi hơn lúa non nhà luôn mong chờ đứa dẫu mưa nắng không bao giờ nề hà hạnh phúc chỉ đơn giản nhà oh hạnh phúc nhà cô đơn nhà thành công nhà thất bại nhà mệt nhà mông lung nhà chênh vênh nhà không nhà không nhà nhà nhà đường nhà tim dẫu nắng mưa gần xa thất bát vang danh nhà luôn chờ đường nhà tim dẫu muôn trùng vật đổi dời nhà luôn nhà nhà thể lớn thể nhỏ thể không khang trang cha mẹ muốn sống đàng hoàng lớn người mong tương lai sáng lạng cặm cụi đời không bao giờ thấy than vãn đường nhà tim dẫu nắng mưa gần xa thất bát vang danh nhà luôn chờ đường nhà tim dẫu muôn trùng vật đổi dời nhà luôn nhà,praise,neutral
5 tháng rồi chưa nhà,neutral,neutral
i love đức phúc i love hơn yêu i love giang ca bi tỷ i love erik hòa minzy i love đông nhi ông cao thắng,praise,neutral
bình dị ý nghĩa,neutral,neutral
bài c ơi e thuộc nằm lòng rồi hóng bài mới c,neutral,neutral
ng ly nhi phuong 1983 hoi 40 kim hanh me 10 tuoi,neutral,neutral
a đen,neutral,neutral
low cortisol song,neutral,neutral
nhà mình sổ đỏ mang bắn cá,neutral,neutral
i can fel my cortisol lowering,neutral,neutral
nghe ấm lòng mong 2 anh bài sắp tới thành công hơn nữa,neutral,neutral
đoạn cuối,neutral,neutral
cố,neutral,neutral
bro predict low cortosi boi,neutral,neutral
hai anh huy oi,neutral,neutral
bài,neutral,neutral
tuyệt vời,praise,neutral
dịch như mấy bn kẹt sg không nhà chắc tâm trạng giống thế,neutral,neutral
hơn yêu 1 tình yêu vĩnh cửu 1 tình yêu cao hơn núi dài hơn sông rộng hơn đất xanh hơn trờilà tình yêu sẵn sàng vượt mọi bão giọng cuộc đời mọi người bình luận like chia sẻ để mau top 1 nhé ngoài xem phải tương tác nữa 33,praise,neutral
luôn,neutral,neutral
minhxsang kìa woa đam mỹ nha,neutral,neutral
đức phúc top 1 trendinh,neutral,neutral
thích giãn dị đen,praise,neutral
mv thật ý nghĩa,neutral,neutral
bài hát giản dị ý nghĩa,neutral,neutral
tuy t xem lần đoạn 405 trở cứ rưng rưng,neutral,neutral
lý disklike nhỉ,neutral,neutral
giống quảng cáo xe winer x,neutral,neutral
mv đỉnh nhạc lời hình ảnh hoà nhau cảm động ghê đơn giản ý nghĩa huhu xem xong thấy cảm giác yêu đời hơn cảm thấy lẽ tình yêu chỉ cần bình dị thôi nhất đôi anh chị minh lý hoàng anh trời ơi xem khóc ngập nhà luôn á chúc đức phúc luôn thành công bài nhạc tiếp 3,praise,neutral
chuẩn quê are,neutral,neutral
take back home,neutral,neutral
đỉnh,praise,neutral
thật sự,neutral,neutral
hà nội giãn cách bao giờ nhà,neutral,neutral
bắt đầu yêu linh,praise,neutral
5 tháng nữa tới tết rồi nhanh thật tết tiếp tục bật bày để chil 682023,praise,neutral
tóp 1 nhanh thật,praise,neutral
tự nhiên thèm quê ngay luôn,neutral,neutral
mong zing,neutral,neutral
xem không,neutral,neutral
1212202 nhà,neutral,neutral
em hỏi anh anh yêu em không anh không biết phải nói thế để đúng cảm xúc lòng,praise,neutral
nghe bài muốn người yêu ghê luôn,neutral,neutral
sắp 10m views rồi ae ơi,neutral,neutral
kiệt sức chỉ gắng giữ mình không xấu xa,neutral,neutral
nhạc đen vừa chất vừa chil vãi,neutral,neutral
reali ad low cortisol name guy xd,neutral,neutral
105 triệu lượt xem rồi kìa anh vâu ói,neutral,neutral
050 đề nghị đặt cách 2 anh chị diễn viên mình info hai anh chị tình bể bình luôn dễ thương hết sức,praise,neutral
cs zing không mn,neutral,neutral
nghe bài tui muốn gớt nước mắt,neutral,neutral
đưa em nhà la la la la la la la la la đưa em lalala x 3 không đưa em cảm thấy khúc nhất 3,neutral,neutral
gần tết 2024 are nhỉ chúc ông coi bình luận tết vui vẻ sung vầy nha ng xa nhà thể hãy nhá bố mẹ luôn mong tết thật đầy đủ chính thấy bn trở nghe bài,praise,neutral
t vô hình kì kì,neutral,neutral
anh ơi kon trấn thành hari zợ,neutral,neutral
đen vâu mày sinh năm 1305,neutral,neutral
anh phúc oei,neutral,neutral
nghe bài ấm lòng ghê thật may mắn t không chọn đường nước ngoài,criticism,neutral
quảng ninh rồi,neutral,neutral
mong dịch bệnh sớm để chúng tết thật an lành ấm áp,neutral,neutral
bảo rap không hiểu biết tý rap rap như đọc vè chả nhịp nhấn nhá cm,neutral,neutral
gần 3 năm mình chưa nhà nghe bài hát nhớ nhà nghe nhạc tâm trạng vui buồn ùa cảm ơn bài hát,neutral,neutral
nhìn cảnh dắt xe lòng nặng trĩu 5 tết xa việt nam nhớ,criticism,neutral
nghe ấm tim,neutral,neutral
436 đố 2 người,neutral,neutral
vãi mn ơi yêu nhất nhạc,praise,neutral
bài chị viral luôn rồi,neutral,neutral
đức phúc ơi đúng em chưa bao giờ anh thất vọng cảm ơn em,neutral,neutral
bài nghe phê vl nghe không chán luôn nhất nh fa như t,praise,neutral
nhạc tình yêu ý nghĩa cảm ơn anh chị chở che tiếng hát em xin xin loi,praise,neutral
nghe ngày đầu tiên xong rồi tìm hơn yêu để nghe như mình không,praise,neutral
hoàng anh ông tây tên jack,neutral,neutral
cảm giác như phiên bản sugar maron 5 thứ 2,neutral,neutral
nhà hoa râm bụt hát,neutral,neutral
đoán đề văn hộ,neutral,neutral
chúc tất cặp đôi hiện yêu kết hôn trăm năm hạnh phục tiền vô như nước cháu khoẻ mạnh,praise,neutral
helo năm 202 chào năm 2023,neutral,neutral
mong ngày đen kết hợp voi sol7 1 bài thi chắc cung thay nhạc 2 nguoi gi giống nhau,neutral,neutral
tình yêu a luôn đông đầy nhớ e giữ gìn sk sống thật tốt em nhé,praise,neutral
mong sau chỉ 1 gia đình như thế,neutral,neutral
nghiện mất are,praise,neutral
thấy mấy so sánh bài mv khác ý riêng mình thấy bài đều riêng chúng để thưởng thức 1 tuyệt tác tuyệt vời như cần phải đem so sánh nọ dù chăng nữa 1 tác phẩm tuyệt vời chúc bác đen luôn thành công hạnh phúc nhée,praise,neutral
cuối anh quê nuôi thêm cá trồng thêm rau,neutral,neutral
đen vâu rủ linh cáo trốn đưa justa te nhà thẳng thành cong,neutral,neutral
2 anh trai s z mn,neutral,neutral
mv ý nghĩa biết khơi dậy cảm xúc khán giả,neutral,neutral
khúc cuối thấy anh đen dắn xe chuẩn em khóc luôn chời bố mẹ nghe bài em thực sự muốn nhà,neutral,neutral
p top 1 rồi vui,praise,neutral
mv rất ý nghĩa bài hát củng rất,neutral,neutral
đúng bước ngoài mới biết không bằng nhà sáng sớm 89h tối mới tới nhà tuần thứ hai chủ nhật không thấy mặt trời mệt mỏiáp lựccạnh tranh công đối điện đủ lòng người hôm nay sớm bỗng nhiên cảm thấy trời hôm nay thật đẹp thật an yên lạ 27122020,neutral,neutral
em muốn dạo nhau không chẳng thấy hãy để bữa khác thôi tới nơi em nhớ nt anh nhá anh đợi thêm tiếng nữa như không tới thôi nhớ bấm còi để anh biết xe em nhá chúc buổi tối vui vẻ an lành vạn sự như ý thân ái chào tạm biệt zợ yêu,neutral,neutral
high cortisol click video cortisol lower ever,neutral,neutral
phúc ơi,neutral,neutral
trời ơibị tụt top 1 rồicái bài nói top 1,neutral,neutral
hết dịch nhà thăm bố mẹ nha mọi người ơi nhà nhất đúng kh nè,neutral,neutral
2023 chúc anh thành công đường sự nghiệp,neutral,neutral
thằng không quê ăn tết nghe bài cảm xúc như nhỉ,neutral,neutral
nôn tết 2026,neutral,neutral
buồn nghe bài động lực để thể tốt hơn để thể nhà,neutral,neutral
giọng hát ấm áp sáng,neutral,neutral
sắp tết nhất đứa nước ngoài như mình bài mình muốn bok vé việt nam ngay luôn,neutral,neutral
1 triệu like rồi 3,neutral,neutral
trước,neutral,neutral
hẹn gia đình năm sau,neutral,neutral
ông đức phúc ăn hát thật,neutral,neutral
xem đúng dịp 142 dưng mún oà khóc mún why thương dù ck bên cạnh cơ màhjc hjc ck như không vại,praise,neutral
xin chèo tiktok đưa t,neutral,neutral
nhạc tia xinh nx chứ,praise,neutral
nước mắt rơi không,neutral,neutral
thấm a ơinghe lần đầu mê luôn,praise,neutral
sắp tết rồi muốn nhà,neutral,neutral
bài hát thật ý nghĩa đặt biệt gần valentine,neutral,neutral
agn low cortisol song,neutral,neutral
thật sự,neutral,neutral
nghe nhạc đen tìm bản thân mình thấm câu chữ,neutral,neutral
huhu tuột top are,neutral,neutral
nhạc luôn đứng vứng,neutral,neutral
thôi,neutral,neutral
young singl would like travel south vietnam one day advic go custom get familiar im u,praise,neutral
mình nghe lần hnay 2 ngày 1 đêm cảm xúc bồi hồi như xưa,neutral,neutral
tiktok đưa em,neutral,neutral
mình không mẹ nhỏ thật thấy ngt hạnh phúc mình cảm thấy vui rồi lạ nhỉ,neutral,neutral
anh ạ e khóc luôn ý,neutral,neutral
em rat thích nhge vi no rat la la la cuc ci không the duoc,praise,neutral
gia đình xoài,neutral,neutral
tết are tìm bài như tui không,neutral,neutral
hiểu mình nghiện rồi,praise,neutral
tuyệt vời,praise,neutral
mún xĩu dậy chòi,neutral,neutral
537 sunday 270920 jeni know word ive ben alway want tel your life,neutral,neutral
mv xinh troi oi tvt,praise,neutral
nghe lần thứ e nầ thấm a vâunghe a rap e biết mình sai đường,neutral,neutral
bài cảm xúc,neutral,neutral
bro cho low cortisol vào titl,neutral,neutral
huhu nghiện anh ơi,praise,neutral
giá như cover bài tặng mik,neutral,neutral
đéo hây tí,neutral,neutral
em thấy mv anh gần gũi khán giả ngày giáp tết mong nhà mv anh thành công hơn đom đóm chúng hiện tại,neutral,neutral
sắp đạt 10tr rồi mn ơi,neutral,neutral
cảm giác khúc hát jte bài hát trở phổ thông bình thường,neutral,neutral
ui like it,neutral,neutral
thật sự ý nghĩa,neutral,neutral
mong nhà a đen ơi dịch không thăm ba mẹ,neutral,neutral
top 1 rồi,neutral,neutral
nói không đủ phải nói cực,neutral,neutral
want increas cortisol song lower help one,praise,neutral
cảm giác giống why hệt như không nhà,neutral,neutral
cảm thấy thiếu saxophone hight hòa âm cuối bài,criticism,neutral
sắp sang năm mới rồi mng ơi,neutral,neutral
đàn ông cảm động tới khóc,neutral,neutral
vừa xem chúng hiện tại bay liền,neutral,neutral
doubl prerol ad use drive insan blockifi make disapear complet,praise,neutral
nhà để phép mình ngây thơ,neutral,neutral
âm nhạc đen ý nghĩa đấy tích cực lấy tốp 1 em,neutral,neutral
không zingmp3 ạ,neutral,neutral
kiếm cơm nhớ đừng quên ăn cơm,neutral,neutral
video người lớn mới hiểu rõ,praise,neutral
5 năm rồi xem 3,neutral,neutral
nhạc khóc luôn huhu,neutral,neutral
low cortisol ah song,neutral,neutral
yêu anh,praise,neutral
giống tui không nhà tui nhà,neutral,neutral
ngày đều cày view chú đen bắt đầu nghiện rồi như mình không,praise,neutral
tết thêm quả beat nữa tốt luôn,praise,neutral
nghiền cực,neutral,neutral
lâu rồi mới nghe bài hát cảm xúc như đầu bai hát ý nghĩa,neutral,neutral
không bằng bài nhà ăn tết,neutral,neutral
mv không bách hợp phúc thiên vị rồi nha bách hợp thật sự tuyệt vời hơn nữa,praise,neutral
cbi tết 2026 rồi,neutral,neutral
hóng anh bài đếch cần dám chặn cửa đuổi anh,neutral,neutral
hơn yêu,praise,neutral
khắc hưng bài đỉnh,praise,neutral
yêu xa tổn thương không muốn quen nữa xem xong mv thèm yêu lần nữa,praise,neutral
gia đình hạnh phúc nhất mình,neutral,neutral
also listen wana go homekonosuba s2ed2,neutral,neutral
năm nay gia đình thêm thành viên mới tết ấm áp rồi,neutral,neutral
xem bao lâng thấy,neutral,neutral
duy mạnh quỳnh anh vừa cưới luôn chứ ý nghĩa,neutral,neutral
coi xg muốn bồ ghê khổ không yêu,criticism,neutral
anh rap bài tặng hs đỗ cấp 3,neutral,neutral
sắp 1 năm nữa rồi,neutral,neutral
tym đức phúc,neutral,neutral
hôm nay ngày cuối năm 2020 rồi muốn đón giao thừa không,neutral,neutral
xa quê bịn rịn rưng rưng nghe cảm nhận ý nghĩa câu hát câu rap cảm ơn 2 anh,neutral,neutral
cảm ơn a phúc tặng tất mọi người bài hát thật xuất sắc tình cảm yêu thương tràn đầy ý nghĩa,praise,neutral
057 hit hard,praise,neutral
vừa nghe vừa đọc cmt không thể kiềm chế cảm xúc chỉ mong sau cuộc sống dịu dàng tất chúng chỉ 1 tháng nữa thôi sang năm mới rồi mong sau tất chúng bình an năm mất mát chỉ mong mọi người gặt hái nhất thể tháng cuối năm 2021 để nhà gửi ôm tất mọi người 3,neutral,neutral
phúc ế bền vững,neutral,neutral
thật sự lần nghe bài khóc,neutral,neutral
bro take me back home,neutral,neutral
nghe nhạc nhớ nhà hic hic,neutral,neutral
ngô kiến huy ktq không chia tay chắc mv luôn nhỉ 8 năm cơ,neutral,neutral
yeah mai,neutral,neutral
nhìn đẹp đôi vl,praise,neutral
nhớ quê,neutral,neutral
mình đắc lắc sau khị học xong 12 chọn sài gòn nơi đặt chân cánh cổng đại họcsau 4 năm bon chen mình thật sự mệt mỏi chuyện tình cảm công sau mình quyết định trở nhà quê công khó 1 thời gian ổn định mình cảm thấy thật may mắn chọn nhà sài gòn hoa lệ mãi 1 phần tuổi trẻ mình hôm nay nghe bài a đen e nhớ cài thời điểm gần tết mong ngóng nhà cảm ơn anh ng truyền cảm xúc mọi người chuc a thành công đường âm nhạc,neutral,neutral
thêm công vinh thuỷ tiền nữa,neutral,neutral
thích nhất cặp duy mạnh quỳnh anh,praise,neutral
thú vị,neutral,neutral
cam dong,neutral,neutral
xem cảm động thế không biết,neutral,neutral
mê bài ghê 3,neutral,neutral
hóng cover 20 triệu,neutral,neutral
come wil take everywher want,neutral,neutral
đường nhà tim dẫu nắng mưa gần xa thất bátvang danh nhà luôn chờ đường nhà tim dẫu muôn trùng vận đổi dời nhà luôn nhà,neutral,neutral
sắp 10tr are,neutral,neutral
sức hút anh đen ghê gớm thật,criticism,neutral
10tr rồi yề dia,neutral,neutral
cortisol hear song,neutral,neutral
nghe ấm áp dã man,neutral,neutral
bài hát lấy nước mắt cam dông cảm ơn anh phuc,neutral,neutral
best vietnam song ive hear thank agn tachyon,neutral,neutral
phạm hồng sơn thony hoàng anh,neutral,neutral
khúc cuối bài xứng đôi cưới thôi,neutral,neutral
mv phúc ơi,neutral,neutral
2021 rồi ông nghe như tui không,neutral,neutral
coment 10 tym em quay lén thân tắm đăng xem hi,neutral,neutral
9 ngày đếm ngược hú hú,neutral,neutral
sắp tết rồi háo hức nghỉ tết nhà năm trời rồi bài hát mãi,neutral,neutral
liệu chị hương ly có,neutral,neutral
ông kawai bao tất mv showbiz việt luôn ó,neutral,neutral
bài việt không việt,neutral,neutral
nghiệp nhỏ thân cao hơn núi dài hơn sông rộng hơn đất xanh hơn trời,neutral,neutral
mé sáng nay thi nghị luận xã hội trúng ngay bài đen,neutral,neutral
u come tiktok,neutral,neutral
6 year ago,neutral,neutral
2 anh ơi,neutral,neutral
bài hát ý nghĩa yêu anh phúc3 sun sun,praise,neutral
nyc mình nghe bài,neutral,neutral
mấy nước ngoài nghe chắc buồn,criticism,neutral
team tiktok,neutral,neutral
mong gặp anh đen vâu 1 lần rap câu chạm mảnh đời cuộc sống hiện tại,neutral,neutral
2019yêu nhau 2020hơn yêu 2021yêu chết 202yêu kiếp sau 2023yêu vạm năm 2024yêu nàok yêu nữa thôi chúc người ế kiếm ng yêu ng yêu nhau mk chúc sớm kết hôn ng kết hôn hãy sống thật hạnh phúc nhau hết,praise,neutral
nổi da gà,neutral,neutral
hơn yêu đ hết tình nghĩa vớ vẩn,praise,neutral
bài hát thật sự đúng ý nghĩa tiêu đề chúc mọi người nghe bài hát đúng cuộc sống mình nhìn avatar thể hiện đồng cảm hãy like,neutral,neutral
phải rửa mặt sau xem 3p10s,neutral,neutral
mik nghệ nhạc lâu are mik thích,praise,neutral
10m view lèo,neutral,neutral
quê em hưng yên,neutral,neutral
ôi cặp nam nam cưng ghê luôn,criticism,neutral
sky đốm không ấn tượng bằng bài vãi,neutral,neutral
nghe cảm giác bây giờ tết,neutral,neutral
cring goati cortisol larper với true ajonu prophet,neutral,neutral
honest reali god song come low cortisol meme uma musum fan case great song without context,praise,neutral
tuyể,neutral,neutral
top1 trending rồi,neutral,neutral
3 tháng nữa thôi,neutral,neutral
t102024 nghe không,neutral,neutral
càng nghe càng nghiền rồi,neutral,neutral
không dám nghe khóc mệt,neutral,neutral
play 125x spedto fel know melodi,neutral,neutral
form cà mau love,praise,neutral
anh oie,neutral,neutral
đỉnh đỉnh luôn ah,praise,neutral
lol come back ad low cortisol,neutral,neutral
bây giờ nghiện,praise,neutral
bây giờ đen idol tui,neutral,neutral
quas anh ơi,neutral,neutral
xuân sắp nơi xa xôi lạnh lẽo mùa đông nơi xứ người nghe bài anh thấy nhớ vk nhớ nhà dù 4 năm xa nhớ da diết japan 202118,neutral,neutral
mv ý nghĩa,neutral,neutral
2023 nhanh thui,praise,neutral
ong đeo kính nhìn style cứ như thằng em oldrat nhà tui nhĩ em tui nhìn truất hơn,neutral,neutral
hơn yêuvery love nói chứ nghe thiệt,neutral,neutral
xem không,neutral,neutral
sắp 1 tết nữa rồi chú ơi,neutral,neutral
nghe nhớ nhà,neutral,neutral
đp,neutral,neutral
cày chú đen nè,neutral,neutral
mượn ê kiếp sơn tùng mtp nơi anh bài không,neutral,neutral
giọng hát thật đặc biệtnghe nhạc cãm giác hạnh phúc yêu đời hơnbiểu cãm khuôn mặt thật dễ thươngchuc luôn thành công,praise,neutral
mới nghe mìh khóc xa quê mới hiểu,neutral,neutral
ngày năm trước crush nói cô thích bài giờ cô chỉ kỷ niệm nhau,praise,neutral
nghe nghe 10l chưa thấy chán,criticism,neutral
8 vĩnh phúc chào ae nhá,neutral,neutral
10days đếm ngược,neutral,neutral
hãy chỉnh tốc độ phát 125 muốn 1 phiên bản sôi động hơn cảm ơn tia bài hát siu siu mong tia thêm bài hát tương lai,neutral,neutral
gần 20m view rồi mọi người ơi,neutral,neutral
đỉnh 5 ngày 10tr lượt xem,praise,neutral
bố em thích nghe nhạc vàng e bật bài bố em mê luôn,praise,neutral
bài phiết,neutral,neutral
bài nghe dịu dàng chị iu ơi,neutral,neutral
bài hát nói đúng cảm giác đàn ông việt nam không màu mè không khách sáo không tô vẽ tỏ vẻ đậm đà dài lâu hơn số tuổi cám ơn khắc hưng đức phúc,neutral,neutral
tình yêu lgbt thích rồi nha,praise,neutral
covid,neutral,neutral
anh,neutral,neutral
thích nhất cặp đam mĩ,praise,neutral
dễ sợ luôn,neutral,neutral
quê muốn ơr suốt đời ba mẹ,neutral,neutral
chúc mọi ng năm mới vui vẻ nhé đón 202 mong cô vi nhanh để bắt đầu năm mới sum vầy gia đình ạ3,praise,neutral
coi mv khóc luôn trời,neutral,neutral
người bảo cứ nghe bài lười bài hát lời a muốn nói,neutral,neutral
x125 nghe chil cực,neutral,neutral
mình bộ đội bh hà nội mọi năm phải chia đợt chứ không trọn vẹn ngày tết nhất cảm giác bình thường thôi dù năm nay nghe tin dịch bệnh năm nay ăn tết đơn vị nghe bài hát nước mắt cứ lăn dài,neutral,neutral
know song high cortisol know song low cortisol,neutral,neutral
t,neutral,neutral
nghe đều muốn xe nhà ngay mùa sum vầy nữa sắp rồi,neutral,neutral
bật nhạc đeo tai nghe hãy lắng nghe kỹ mắt liếc liếc liên tục,neutral,neutral
bài rap này nghe quá ý nghĩa sâu sắc ý nghỉ,neutral,neutral
nghe ngày đầu tiên xong nghe bài luôn a3,neutral,neutral
chuẩn nhà rồi,neutral,neutral
lần đầu tiên mv nhạc trẻ khiến mình phải nghe nghe lần như ca chúc mừng đen vâu justa te,neutral,neutral
nhà thôi ae,neutral,neutral
quay nghe bài tày chi on,neutral,neutral
leo top thôi mng 3,neutral,neutral
fel cortisol lower,neutral,neutral
chỉ vài tiếng nữa năm mới rồi chúc mọi người 202 sức khỏe thành công,neutral,neutral
ngày phải nghe 67 lần lời bài giai điệu dễ chạm cảm xúc người nghe,neutral,neutral
video đẹp a ơi,praise,neutral
bánh tét ăn không hết chia bánh chưng chiên ăn mớ trứng gà vỡ không đấy nhớ bỏ tủ lạnh kẻu ung quẩn áo chớ vứt lung tung cuối tuần nhớ giặt mấy áo đứt khuy mẹ đơm rồi đấy nhanh tìm gái để nhờ người khâu cao râu nhờ già hơn bố cậu rồi đường nhớ mặc áo khoác để bớt đen kiếm cơm nhớ đừng quên ăn cơm mệt xe honda vèo nhà mẹ nuôi mẹ,neutral,neutral
è hem mv đam mỹ thk ah nha bài hát tình cảm mọi người cố gắng 10m nha cố,neutral,neutral
đeo tai nghe 1 trải nghiệm,neutral,neutral
bản dịch tiếng anh vần nữa iu thế,neutral,neutral
thích nhạc chú đen râu gat,praise,neutral
low cortisol high cortisol,neutral,neutral
cám ơn đen bài hát e luôn người nghe cảm xúc thấy hình bóng mình yêu cách nhạc e bài đầu tiên nay love you my idol,praise,neutral
lần nhớ nhàlại nghe bài naythật cảm xúc ạ,neutral,neutral
peopl come low cortisol meme,neutral,neutral
ngày cũg nghe v,neutral,neutral
nhà nơi bình yên nhất cảm ơn bài hát thật ý nghĩa,neutral,neutral
chị xinh ik,praise,neutral
a ạ 3,neutral,neutral
31 ngày nữa thui bắt đầu tết rồi mn ơi dù tết năm nay buồn covid,criticism,neutral
cảm động,neutral,neutral
mẹ bảo honda mới không xe khác,neutral,neutral
ý nghĩa cảm xúc xứng đáng top1 lần nghe xong nhớ người đàn ông,neutral,neutral
bài đức phúc cug,neutral,neutral
mv dễ thương nhất quả đất mất lời ca ý nghĩa dàn cameo đỉnh đỉnh luôn,praise,neutral
psl low cortisol bpmax danc triad,neutral,neutral
giọng chị nghe na ná min,neutral,neutral
bài chưa zing ạ,neutral,neutral
cortisol low,neutral,neutral
quảng cáo winer x,neutral,neutral
bh h ả đầy cảm xúc,neutral,neutral
low cortisol god song right,praise,neutral
luôn anh oi,neutral,neutral
nghe xúc động,neutral,neutral
nghe nghe tuyệt vời cảm động hơn yêu tuyệt vời nhất,praise,neutral
thôi,neutral,neutral
chưa zing mp3 chị,neutral,neutral
mình không nhà để vềkhóc thật đấy vâu,neutral,neutral
thank put titl u,neutral,neutral
giọng hát nghe hoài không chán,neutral,neutral
năm nay thấy 1 đôi chia xa,neutral,neutral
ngày nghe chục lần thấy hơn gấp trăm lần bài top1 trending hiện tại thất bát vang danh nhà luôn chờ,neutral,neutral
phúc ơi,neutral,neutral
troi oi nho nha thang ban toi oi,neutral,neutral
thích rat,praise,neutral
phết,neutral,neutral
thiếu couple trấn thành hari won,criticism,neutral
cảm động,neutral,neutral
nghe bài hóng tết,neutral,neutral
embrac meme,neutral,neutral
đoạn 310 phút cặp đôi ba đê,neutral,neutral
bài hát chạm tim mình cảm ơn hai anh ekip nỗ lực để sản phẩm như,neutral,neutral
tình đẹp mấy tàn yêu nhau mấy chia tay 1 cách duy nhất cút,praise,neutral
nhớ nhà,neutral,neutral
mv truyền cảm xúc động,neutral,neutral
anh vâu ơi anh bài người yêu em tính bỏ em quê luôn rồi,praise,neutral
thích em không nhóm t h ì quá,praise,neutral
hạnh phúc ạ,neutral,neutral
m người ơi cày view anh phúc để không katm vượt,neutral,neutral
bắc ninh,neutral,neutral
bài,neutral,neutral
em xin tên bài nhạc chuông dt 404,neutral,neutral
bây h t hiểu đồng âm lời bài hát dê thi văn rồichuẩn,neutral,neutral
sắp tết tồi ae ơi,criticism,neutral
bài hát ý nghĩa mình tuy không phải fan đp rớt nc mắt nghe bài lẽ fan khóc như mưa xem,neutral,neutral
girl pink hair lok exactli like best friend taler pink hair,praise,neutral
ý nghiaz,neutral,neutral
bài đề thi nèk,neutral,neutral
low cortisol,neutral,neutral
hnao bật nghe hị hị,neutral,neutral
cảm ơn anh phúc nha,neutral,neutral
hình như teaser cần lí kicm xoá are kím mãi không,neutral,neutral
chúc mừng đức phúc,neutral,neutral
son im crine chang titl low cortisol song,neutral,neutral
sắp mùa nhà are,neutral,neutral
lý để mình thích mv đen lý biên tập vietsub dùng ngữ chính xác luôn đúngchínhtả xán lạn điển hình,praise,neutral
đấy tội nghiệp ng vô gia cư,criticism,neutral
mv xem xong không like không coment không ý nghĩa 3,neutral,neutral
nghe đen hát bài nhà ba không để mua cây mai cây đào,neutral,neutral
buc thư cảm động thật đon giản tc đó không đơn giản,neutral,neutral
nhớ nhà a đen ơi,neutral,neutral
khóc,neutral,neutral
anh bartender vô danh mv ngày h sub hơn chủ mv,neutral,neutral
thi tốt,praise,neutral
bố iêu,neutral,neutral
nhạc mv ý nghĩa thực sự top 1 trending thể dành chút thời gian thăm kênh mình không ạ,neutral,neutral
bốn năm học xa nhà tháng lần chê cười kệ mình biết người không thời gian không phải mình ba mẹ,neutral,neutral
anh phúc ơi nhà anh,neutral,neutral
xem khóc như tui không,neutral,neutral
bên ngoài hết thương cạn nhớ lòng hơn yêu,praise,neutral
cháu,neutral,neutral
213 cortisol lower part come,neutral,neutral
cô yêu nhau 1 năm rồi,praise,neutral
nghe mãi không chán mai are día dìa dia,neutral,neutral
yêu hơn núi dài hơn sôngư,praise,neutral
không mp3 ạ,neutral,neutral
đứg top 1 are mn ơi,neutral,neutral
bài cưới vk hát ok,neutral,neutral
em hỏi anh anh yêu em không anh không biết phải nói thế để đúng cảm xúc lòng anh nhìn em anh thấy cuộc đời anh khứ tương lai hiện tại không bao giờ phai prechorus tình yêu anh luôn thầm lặng không nghĩa không rộng lớn chỉ anh đôi khó nói lời mong em hãy cảm nhận thôi chorus cao hơn núi dài hơn sông rộng hơn đất xanh hơn trời anh yêu em anh yêu em thế thôi vượt ngọn gió vượt đại dương vượt áng mây thiên đường dẫu nói bao cảm giác anh bây giờ lẽ hơn yêu verse 2 anh nhớ lần đầu tiên gặp nhau chẳng biết trước lần lần cuối anh yêu người đời anh không mơ gặp yêu nữa giờ anh em rồi em hết quãng đường đời prechorus tình yêu anh luôn thầm lặng không nghĩa không rộng lớn chỉ anh đôi khó nói lời mong em hãy cảm nhận thôi chorus cao hơn núi dài hơn sông rộng hơn đất xanh hơn trời anh yêu em anh yêu em thế thôi vượt ngọn gió vượt đại dương vượt áng mây thiên đường dẫu nói bao cảm giác anh bây giờ lẽ hơn yêu cao hơn núi dài hơn sông rộng hơn đất xanh hơn trời anh yêu em anh yêu em thế thôi vượt ngọn gió vượt đại dương vượt áng mây thiên đường dẫu nói bao cảm giác anh bây giờ lẽ hơn yêu outro cảm giác anh bây giờ lẽ hơn yêuem hỏi anh anh yêu em không anh không biết phải nói thế để đúng cảm xúc lòng anh nhìn em anh thấy cuộc đời anh khứ tương lai hiện tại không bao giờ phai prechorus tình yêu anh luôn thầm lặng không nghĩa không rộng lớn chỉ anh đôi khó nói lời mong em hãy cảm nhận thôi chorus cao hơn núi dài hơn sông rộng hơn đất xanh hơn trời anh yêu em anh yêu em thế thôi vượt ngọn gió vượt đại dương vượt áng mây thiên đường dẫu nói bao cảm giác anh bây giờ lẽ hơn yêu verse 2 anh nhớ lần đầu tiên gặp nhau chẳng biết trước lần lần cuối anh yêu người đời anh không mơ gặp yêu nữa giờ anh em rồi em hết quãng đường đời prechorus tình yêu anh luôn thầm lặng không nghĩa không rộng lớn chỉ anh đôi khó nói lời mong em hãy cảm nhận thôi chorus cao hơn núi dài hơn sông rộng hơn đất xanh hơn trời anh yêu em anh yêu em thế thôi vượt ngọn gió vượt đại dương vượt áng mây thiên đường dẫu nói bao cảm giác anh bây giờ lẽ hơn yêu cao hơn núi dài hơn sông rộng hơn đất xanh hơn trời anh yêu em anh yêu em thế thôi vượt ngọn gió vượt đại dương vượt áng mây thiên đường dẫu nói bao cảm giác anh bây giờ lẽ hơn yêu outro cảm giác anh bây giờ lẽ hơn yêu,praise,neutral
không hieu xem khóc không biết,neutral,neutral
anh ơi,neutral,neutral
bài tết nghe chil nè 3,neutral,neutral
tân sinh viên học chưa 1 tuần ngày khóc nhớ nhà mong cuối tháng để cảm giác thời gian trôi lâu,neutral,neutral
ngày cách 1 năm em trai mình mãi mãi em 29 tuổi mình thích nghe bài thích nghe nhạc vâu thấy hình ảnh em dù em nhà luôn nhà luôn lưu giữ mọi hình ảnh em nhờ gió gửi tới em lời thương,praise,neutral
nghe bài anh biết suy nghĩ lớn mình,praise,neutral
nhạc phúc ơi,neutral,neutral
đưa zing chị,neutral,neutral
202 come hopefuli wil god song like one,praise,neutral
nhạc bắt tai luôn nha mọi người,neutral,neutral
dịch dã nhà,neutral,neutral
cực,neutral,neutral
thỉnh thoảng xem thấy top 1 ấm lòng,neutral,neutral
mở 2x ik,neutral,neutral
6 year,neutral,neutral
kicm vũ hán,neutral,neutral
1 năm nữa chuẩn nhà dịch dã phức tạp mong việt nam nói riêng thế giới nói chung bình an,neutral,neutral
cảm động wá muốn khóc luôn á,neutral,neutral
đường nhà winer,neutral,neutral
30 2 thằng gay,neutral,neutral
thật sự hạnh phúc lây xem nhữngcm cặp đôi sống bên nhau tình yêu sự kết hợp bài hát lời nhạc thật đặc biệt,praise,neutral
trời ơi gần hết năm rồi sắp tết nhớ như in lần đầu nghe bài muốn quê ngay lập tức ôi thực sự,criticism,neutral
càng nghe càng nghiện càng nghe càng nhớ nhà mình 2 năm rồi chưa nhà ăn tết hi vọng đen vâu ca khúc hơn nữa mình fan bự đen ngày biết đen hơn1 năm trước mãi ủng hộ đen,praise,neutral
hơn 10 ngày nữa tết rồi tết thứ 2 xa nhà cảm ơn anh đen vâu juste h ngày nghe bài,neutral,neutral
tạch bóng nhà tạch lô bay nhà,neutral,neutral
sắp tết rồi,neutral,neutral
hơn yêu như tình yêu ri jeong hyoek yon seri vạy,praise,neutral
chang low cortisol song,neutral,neutral
nghe bài minh thấy buồn bố mẹ mình luôn khoảng cách mình dù học xa chưa bao giờ mình nhớ nhà đơn giản mình chẳng tình cảm ký ức khiến mình nhớ,criticism,neutral
em yêu chịi,praise,neutral
like fact everyon bring low cortisol get heart se peopl talk joke get heart honesti fine heartwarm ngl confus hear first scrole actuali find know lyric d,praise,neutral
mv anh đen ơi,neutral,neutral
nhà m,neutral,neutral
212024 xa quê mới mấy tháng đại học thành phố xa hoa đông đúc xa lạ thật sự thách thức dù sau sắp nhà ba mẹ rồi vài ngày nữa thôi chúc mọi người năm mới bình an,neutral,neutral
cám ơn đức phúc mv ts nghĩa nhờ đă tiếp thêm niềm tin tình yêu xem mv đă khóc,praise,neutral
đúng không bằng nhà,neutral,neutral
nghe bài này là nôn tết quá,neutral,neutral
nghe không 5 năm rồi sắp tết 2026 nữa rồi,neutral,neutral
con2 nghe không,neutral,neutral
không zinh ạ,neutral,neutral
giống bài nhỉ cyanide x ninja อย่ายิ้ม smile prodby 1rock,neutral,neutral
woah listen song cortisol lower ever,neutral,neutral
nghe bài hóng tết 3,neutral,neutral
nhạc vầy view,neutral,neutral
hot xuân,neutral,neutral
ngày phải nghe hai ba lần,neutral,neutral
anh bê đê ā,neutral,neutral
không thích rap nghe bài thấy trời chạm tới cảm xúc chăng,neutral,neutral
chú đen không đeo khẩu trang ạ,neutral,neutral
bài ý nghĩa đấynhưng người cô đơn,neutral,neutral
nghe top3 thôi top12 rác vl,neutral,neutral
2025 tết thứ 3 không nhà,neutral,neutral
nhà mình sống đúng mình,neutral,neutral
tai dua may the gioi thu ba vao mv may di why cua tinh yeu cua nam nu,neutral,neutral
345 cảm xúc như vỡ oà,neutral,neutral
tui thấy đóm sky cứ bóng idol mình bỏ quên giai điệu ấm áp gia đình như thế,neutral,neutral
10tr mn,neutral,neutral
xin cánh tay người đưa mv 10tr view,neutral,neutral
mn ưi đăng kí kênh phúc để phúc nút vàng nèo,neutral,neutral
hơn yêu nak,praise,neutral
tik tok không,neutral,neutral
bài nhạc tết 5 năm sau nghe top,neutral,neutral
kỳ tài thách đấu không,neutral,neutral
dễ thương,praise,neutral
năm 2024 nữa sắp bắt đầu,neutral,neutral
ah êi,neutral,neutral
cmt 1k like sau 2 năm nhập ngủ chứ,neutral,neutral
đúng ha đp quên lời,neutral,neutral
h nghe ik nghe bài ni không,neutral,neutral
bài chil vãi chil nhất việt nam rồi thấy thế không,neutral,neutral
kênh gần đạt nút vàng rồi nè,neutral,neutral
bài ý nghĩa thật,neutral,neutral
tuyệt vời ý nghĩa,praise,neutral
mv giá trị nhất mình,neutral,neutral
low cortisol,neutral,neutral
mẹ mình bảo mình nhà trà sữa 9h thấy mẹ gọi nói câu lo cắm đầu chạy chuẩn tâm lí ăn chửi rồi hic giờ học xa mẹ nhớ cảm giác mẹ quản lí xíu hic 3,neutral,neutral
thấy anh cp nam giống nguỵ châu thượng ẩn không,neutral,neutral
lần nghe bài mắt nhoè,neutral,neutral
mê,praise,neutral
sắp tết rồi nghe thôi,neutral,neutral
nghe nhớ ba mẹ quánhật bản 1212021,neutral,neutral
nấc nghẹn lòng nghe thấm thông điệp anh gửi gấm bài,neutral,neutral
hồi lớp 9 cứ ngỡ nụ cười người mình yêu đẹp nhất năm 20 tuổi mới biết nụ cười bác tờ polime mới chân lý động lực sống,praise,neutral
sư huynh,neutral,neutral
actuali find song search origin name instead write low cortisol,neutral,neutral
a đên vâu ơi nhà a hạ long,neutral,neutral
bật thôi,neutral,neutral
1 kiệt tác,neutral,neutral
bài luôn mng ạ không top uổng lăm,neutral,neutral
hon ca đau,neutral,neutral
1 triệu like luôn anh ơi,neutral,neutral
mv đầu tiên coi 5 lần không chán,neutral,neutral
sub nhanh vãi ngày đầu vd hơn 70k sub h gần 1m are,praise,neutral
hát 1 bài tiền xài đời luôn,neutral,neutral
sắp tết rồi nghe bài thấy nhớ quê hương dịch bệnh hoành hành chúc mọi người dù xa dù bên cạnh gia đình mình tết trọn vẹn nhất thank đen vâux justate mang bài hát tôihôm nay 41202 mình nghe đột nhiên nước mắt cứ thế trào cảm giác như ban đầu,neutral,neutral
ủng hộ tia hết mình 3 bài phải top trending nha 3,neutral,neutral
bài cuốn qa tia oi,neutral,neutral
gia đình mình sóng gió cố gắng tạo sự ấm áp để chúng mãi nghĩ nhà luôn nhà,neutral,neutral
bài hát gần 1 năm rồi nghe thấy náo nức như ngày nhớ năm trước nằm xe rồi ghép story bài giờ nằm nhà tháng 5 tới tết nhà ăn tết thôi mn ơi 1 năm mệt mỏi,neutral,neutral
mv xem lần rồi nhẹ nhàng sâu lắng dự đoán trend đám cưới năm nay,neutral,neutral
mv ý nghĩa,neutral,neutral
báo nhà nhà kh anh,neutral,neutral
bài thk cốt chỉ vaizcụ thể thk tấn,neutral,neutral
listen song lower cortisol,neutral,neutral
bài cảm động giọng truyền cảm rung động,neutral,neutral
91m trưa ngày 152021,neutral,neutral
go 20 triệu view,neutral,neutral
yêu đức phúc,praise,neutral
người mang trở d hơm,neutral,neutral
nghe bài hát tự nhiên nước mắt cứ chảy bài thật sựm,neutral,neutral
16 triệu lượt xem,neutral,neutral
thương xa quê,praise,neutral
nghi đưa,neutral,neutral
phúc ơi spotify huhu,neutral,neutral
đen vâu ơi,neutral,neutral
2017 t văn mời họp báo đvâu mình thực không biết vâu bài phỏng vấn underground tham dự phần tò mò phần ủng hộ nghệ sĩ mới tờ báo mình 3 năm trôi sau bài cứ nhau mình nghe nhạc hơn lyric rap chạm tim mình đúng như cách eminem wowy đốn gục mình chập chững nghe rap 3 năm khoảng tgian mình dời việt nam du học 3 năm mình đón tết xa nhà giao thừa chỉ chúc ba mẹ facecal năm nay mình không bao giờ cơ hội chúc tết ba mình nữa năm buồn ngoài đường tận nhà mình cảm ơn te mang người như mình liệu trình trị tâm lý ngắn nhất âm nhạc lẽ mình khen thừa hàng triệu người khen hai mình chỉ xin cảm ơn 2 nhân vật mình vinh dự đươcj phỏng vấn hạt giống tiềm năng để giờ thành danh hàng triệu fans yêu mến giữ tâm hồn đẹp thứ âm nhạc tử tế văn minh cách riêng,praise,neutral
tết nghe bài cực,neutral,neutral
muốn nhà ma không,neutral,neutral
bà hoà bơi ngang cười xỉu,neutral,neutral
low cortisol,neutral,neutral
yêu thế,praise,neutral
tù,neutral,neutral
năm nay nhà sớm mẹ rồi năm sau ăn tết bên chồng,neutral,neutral
nghe bài nôn tới tết chú đen ơi,neutral,neutral
thấy,neutral,neutral
nhà ăn bữa cơm gia đình khiến chúng cảm giác quen thuộc mức ăn nhà hàng 5 không bằng ăn bữa cơm gia đình,neutral,neutral
anh,neutral,neutral
2 rồi mọi người ơi cố,neutral,neutral
cần mv như chứ méo phải nhai như thằng quả đầu như lông l gặp bão cây atm,neutral,neutral
thailand,neutral,neutral
come ryan live lmao,neutral,neutral
fan duc phuc điểm danh,neutral,neutral
10 trc view luôn are,neutral,neutral
bài nay nghe bánh cuốn thực sự,neutral,neutral
910,neutral,neutral
bài luôn,neutral,neutral
mình tay nghề mình đáp ưng chủ lương ok mình chỉ thua nịnh nọt mình rìa mình thấy bại rồi,criticism,neutral
năm 2020 nghe nghiện yêu cj tia,praise,neutral
lâu ròi nghe thấy,neutral,neutral
yêu xa xong nghe bài muốn khóc,praise,neutral
mv việt nam đầu tiên khiến mình phải tua tua chúc đức phúc ngày càng thành công sự nghiệp ca hát nhé,neutral,neutral
tốc độ phát 125 đỉnh thật sự,praise,neutral
tính bỏ đoạn kết ngờ đoạn kết đoạn thú vị nhất,neutral,neutral
đôi bê đê phải,neutral,neutral
nghe lần thứ n vânz thứ,neutral,neutral
mình nghiện bài,praise,neutral
dát vàng lỗ tai,neutral,neutral
nghe không,neutral,neutral
nhạc gây nghiện,praise,neutral
tao anh yêu em anh hổng tiền crush tao chứ mày không tiền chứ mày đéo,praise,neutral
năm nữa nghe bài cảm động,neutral,neutral
cảm ơn a đen và jus đã mang ca khúc ý nghĩa những người không về quê,neutral,neutral
ben listen 7 wek notic cortisol level lower thank,neutral,neutral
cày hk,neutral,neutral
sai lầm lớn nhất rời quê nhà để nơi sài gòn hoa lệ,praise,neutral
sau năm dịch bệnh thế tết mình chỉ mong nhà chứ không mong hơn chúc mọi người bình an để đón tết 202 nhé,neutral,neutral
h mong sớm đ,neutral,neutral
bê dê tiki kiểu nỗi,neutral,neutral
cảm động cực kì xem nước mắt cứ tuông 3 bài hát ý nghĩa 3,neutral,neutral
năm nay nghe lẽ người rơi nước mắt hơn năm nay thật sự người phải chịu cảnh xa nhà ngày tết rồi anh đen ơi,neutral,neutral
sắp tết oy,neutral,neutral
tội chú đen,criticism,neutral
nghe hoài không chán,neutral,neutral
du học sinh nghe mà bồi hồi hết mùng hết tết có nhớ nhà là không bao giờ hết,neutral,neutral
bài hát xuất sắc mv xuất sắc hơn,neutral,neutral
chẳng ước lớn lao chỉ cần nhà bố mẹ đủ thế mong muốn tưởng chừng giản dị giờ trở thật xa xỉ chúc tất mọi người thật sức khỏe lạc quan bình an vượt mùa dịch để sớm trở gia đình mình 092021,neutral,neutral
2 dễ thương ah hạnh phúc nha,praise,neutral
quá mn ơi,neutral,neutral
top 1 luôn,neutral,neutral
anh ơi,neutral,neutral
from việt cg,neutral,neutral
bài hát ý nghĩa fan no chúc mừng đức phúc,neutral,neutral
ô vãi 6 năm trc,neutral,neutral
thật sự3,neutral,neutral
8k thằng không gia đình,neutral,neutral
nghe bình yên,neutral,neutral
tuyệt vời,praise,neutral
bắt grap c ơi tầm đợi,neutral,neutral
mới nhà 1 tuần trước tưởng như lâu bất cứ bất kể muốn nhà,neutral,neutral
sâu sắc,neutral,neutral
cuộc sống không gục ngã nhà nghe khó mẹ,neutral,neutral
anh xứng đáng ngưỡng mộ khâm phục,neutral,neutral
bai nay thuc su,neutral,neutral
nghe xong nhớ ba mẹ chú đen ơi,neutral,neutral
anh phúc ơi,neutral,neutral
không hiểu mình khóc xem mv lẽ mv chứa đựng thông điệp hạnh phúc mình nhận bản thân người đều tình yêu hạnh phúc bài hát chính lời động viên tạo niềm tin chúng tình yêu cảm ơn đức phúc khắc hưng 3,praise,neutral
đường nhà cvào tim dmdẫu nắng mưa gần cxa bbthất bát amvang danh gmnhà luôn chờ cta ah fđường nhà cvào tim dmdẫu muôn trùng cqua bbvật đổi amsao dời yeah gmnhà cluôn fnhà verse 1 flao đời kiếm cơm clao đời tìm cơ hội dmnhững thành thị thường lấp lánh cđêm thành thị thường trơ trọi bbnhư mọi đứa trẻ khác lớn ammuốn xa hoài gmnhà yên đợi cnhững đứa ngoài fbước ngoài mới biết không cđâu bằng nhà dmbiết để mất trước csẵn sàng mở quà bbkhông phải võ sĩ amphải giỏi đấu đá gmkhi kiệt sức chỉ gắng giữ cmình không xấu xa fđôi bỗng thấy đồng cảm cvới mai an tiêm dmbước chân sóng gió chỉ ccó nhà mãi an yên bbngoài phức tạp như rễ ammá dây mơ gmvề nhà để phép cmình ngây thơ fmang bao nao cnức xe dmchở niềm háo chức xuân suốt đêm ngày bbcùng dòng người amphố mang sắc mai hương đào gmtìm nơi ấm cêm đk fđường nhà cvào tim dmdẫu nắng mưa gần cxa bbthất bát amvang danh gmnhà luôn chờ cta ah fđường nhà cvào tim dmdẫu muôn trùng cqua bbvật đổi amsao dời yeah gmnhà cluôn fnhà verse 2 fvề ngôi nhà góc vườn cchó gà đám nói dmkhó chiều thích gió trời hơn cgió hoà bbvề ăn cơm mẹ nấu amvề mặc áo mẹ may gmvề đưa ba chợ mua cây cđào cây mai bày fcả năm trời crã rời như máy dmvề nhà thấy áp lực nhẹ như cbấc thổi bay bbấm êm hơn bếp lửa amngọt bùi hơn lúa non gmnhà luôn cmong chờ đứa fdẫu mưa nắng ckhông bao giờ nề hà dmhạnh phúc chỉ đơn giản clà nhà bbhạnh phúc nhà amcô đơn nhà gmthành công nhà cthất bại nhà fmệt nhà cmông lung nhà dmchênh vênh nhà ckhông bbđi nhà amkhông gmđi nhà nhà cđi nhà đk fđường nhà cvào tim dmdẫu nắng mưa gần cxa bbthất bát amvang danh gmnhà luôn chờ cta ah fđường nhà cvào tim dmdẫu muôn trùng cqua bbvật đổi amsao dời yeah gmnhà cluôn fnhà,praise,neutral
nhạc vl còn xem không điểm danh,neutral,neutral
lê thiện hiếu rap chán v,criticism,neutral
mk thích bài,praise,neutral
bài hát,neutral,neutral
mới gần 1 năm rồi sắp đón 1 năm mới vui vẻ gia đình ùi,praise,neutral
tiktok đưa mk bài siu luôn,neutral,neutral
actuali renam song holi dub,neutral,neutral
e khóc xem mv cảm động video không phải thấy ng hạnh phuc tủi thân,neutral,neutral
mv thật sự ý nghĩa cảm động tâm huyết,neutral,neutral
melodi make cortisol level lower,neutral,neutral
mất,neutral,neutral
1 triệu lượt đăng kí rồi kìa,neutral,neutral
mong bài đen luôn giữ top2 mtp vẹn nguyên top1,neutral,neutral
lower your cortisol,neutral,neutral
ước học bù luôn hè,neutral,neutral
số người thấy cmt không nhiễm corona,neutral,neutral
phúc,neutral,neutral
bài hát nhất bài hát tui thích nghe thấy mình thật vui vẻ hy vọng tràn đầy thêm năng lượng bản thân để vượt tất cảm ơn đức phúc khắc hưng tuyệt vời,praise,neutral
không hiểu tại mấy thành phần dislike vô nghe lm không biết,neutral,neutral
song low cortisol,neutral,neutral
nghe bài cô gái học lớp buồn nghe đoạn hơn yêu chia tay cô yêu cô gái 2 năm sông mới biết cô gái trai buồn bỏ cô gái,neutral,neutral
hors low cortisol admit song god ʃ,neutral,neutral
6 đồng tháp,neutral,neutral
nghe tết rồi nôn nhà,neutral,neutral
nhạc chúc 2 hạnh phúc,neutral,neutral
tuyệt vời anh lâu mới nghe 1 bài anh,praise,neutral
tiếp tục cày view nhé mng,neutral,neutral
bài hát dễ nghe,neutral,neutral
bài ý nghĩa anh phúc ạ,neutral,neutral
high cortisol low cortisol,neutral,neutral
anh ơi,neutral,neutral
bài coi h,neutral,neutral
2023,neutral,neutral
908k để mai coi số ng tăng dõi bất ngờ tăng mạnh,neutral,neutral
chỉ biết để 2 xuất sắc,neutral,neutral
tiến đạt hari won rồi,neutral,neutral
giây 345 xem nổi nổi lạnh giống mình không ạ,neutral,neutral
phết không biết phải lê thiện hiếu sáng tác không thích lth hồi sing my song,neutral,neutral
bài hôm bz a hát đám cưới a duy mạnh like nhe,neutral,neutral
nghe bài anh đen vâu mình khóc ngữ anh dùng thể đong đầy xúc cảm thế chẳng cần chêm tiếng anh rap tiếng việt mình rap anh đẹp biết bao,neutral,neutral
certain scientist uma bring totali great song,praise,neutral
rot top 3,neutral,neutral
cún bảo bối erik,neutral,neutral
tuyệt vời,praise,neutral
bài hát hơn yêu ca sĩ đức phúc em hỏi anh anh yêu em không anh không biết phải nói thế để đúng cảm xúc lòng anh nhìn em anh thấy cuộc đời anh khứ tương lai hiện tại không bao giờ phai tình yêu anh luôn thầm lặng không nghĩa không rộng lớn chỉ anh đôi khó nói lời mong em hãy cảm nhận thôi cao hơn núi dài hơn sông rộng hơn đất xanh hơn trời anh yêu em anh yêu em thế thôi vượt ngọn gió vượt đại dương vượt áng mây thiên đường dẫu nói bao cảm giác anh bây giờ lẽ hơn yêu anh nhớ lần đầu tiên gặp nhau chẳng biết trước lần lần cuối anh yêu đời anh không mơ gặp yêu nữa giờ anh em rồi em hết quãng đường đời tình yêu anh luôn thầm lặng không nghĩa không rộng lớn chỉ anh đôi khó nói lời mong em hãy cảm nhận thôi cao hơn núi dài hơn sông rộng hơn đất xanh hơn trời anh yêu em anh yêu em thế thôi vượt ngọn gió vượt đại dương vượt áng mây thiên đường dẫu nói bao cảm giác anh bây giờ lẽ hơn yêu cao hơn núi dài hơn sông rộng hơn đất xanh hơn trời anh yêu em anh yêu em thế thôi vượt ngọn gió vượt đại dương vượt áng mây thiên đường dẫu nói bao cảm giác anh bây giờ lẽ hơn yêu cảm giác anh bây giờ lẽ hơn yêu,praise,neutral
mv kì em khóc phúc kì luôn nha phúc,neutral,neutral
2 tuần nữa tết nghe bài để thêm động lực151202,neutral,neutral
lâu rồi mới 1 mv khiến khóc nhìu đấy chả hiểu tại tự nhiên khóc càng nge càng xem nước mắt càng rơi,neutral,neutral
409 ghẹ 17t,neutral,neutral
cầy view phúc,neutral,neutral
bài đức phúc mình đều thích đơn giản nhẹ nhàng bài sâu lắng cám ơn đức phúc khắc hưng đời bài hát tuyệt vời như thế,praise,neutral
nghe tin cr7 trở mu rồi sang nghe bài không,neutral,neutral
bài mong 1 năm sau hơn 10 triệu view,neutral,neutral
sống đời sống chỉ cần hơn yêu thế thôi ạ mv ý nghĩa bác phúc ơi khao khát yêu thương,praise,neutral
hôm nay mình nè nghe bài vui háo hức,praise,neutral
335 phát khóc,neutral,neutral
giữ tab 1 mn ơi hiuhiu,neutral,neutral
1tr like rồi,neutral,neutral
tại không zing,neutral,neutral
mik thích bài luôn nghe nghe không thấy chán,praise,neutral
yep cortisol lower,neutral,neutral
sky giúp chú lấy top 2,neutral,neutral
tiếp anh,neutral,neutral
nghe nhạc nôn tết,neutral,neutral
x 125 speed trust boy,praise,neutral
khóc xem mv nàyquá luôn,neutral,neutral
ước mình thể tìm 1 nửa mình,neutral,neutral
nhạc cổ đại,neutral,neutral
tết luôn han hà nội,neutral,neutral
tình yêu không tính toán so đo càng đơn giản càng hạnh phúc,praise,neutral
a cbi tết rồi,neutral,neutral
đỉnh thật sự cảm thấy thoải mái nhà,praise,neutral
thành công nhà thi rớt khỏi nhà,neutral,neutral
đức phúc e rik giọng giống nhau luôn á hát,neutral,neutral
kể cá sấu ông năm chèo không,neutral,neutral
mọi người xem để 1 like nha,neutral,neutral
nghe lòng chỉ nhớ quê hương bắc ninh nhớ yên bái hơn tuần nữa thôi,neutral,neutral
bài hát mv tuyệt vời 315 cưng xỉu á nhìn cặp thích huh,praise,neutral
bài hát hơn yêu ca sĩ đức phúc em hỏi anh anh yêu em không anh không biết phải nói thế để đúng cảm xúc lòng anh nhìn em anh thấy cuộc đời anh khứ tương lai hiện tại không bao giờ phai tình yêu anh luôn thầm lặng không nghĩa không rộng lớn chỉ anh đôi khó nói lời mong em hãy cảm nhận thôi cao hơn núi dài hơn sông rộng hơn đất xanh hơn trời anh yêu em anh yêu em thế thôi vượt ngọn gió vượt đại dương vượt áng mây thiên đường dẫu nói bao cảm giác anh bây giờ lẽ hơn yêu anh nhớ lần đầu tiên gặp nhau chẳng biết trước lần lần cuối anh yêu đời anh không mơ gặp yêu nữa giờ anh em rồi em hết quãng đường đời tình yêu anh luôn thầm lặng không nghĩa không rộng lớn chỉ anh đôi khó nói lời mong em hãy cảm nhận thôi cao hơn núi dài hơn sông rộng hơn đất xanh hơn trời anh yêu em anh yêu em thế thôi vượt ngọn gió vượt đại dương vượt áng mây thiên đường dẫu nói bao cảm giác anh bây giờ lẽ hơn yêu cao hơn núi dài hơn sông rộng hơn đất xanh hơn trời anh yêu em anh yêu em thế thôi vượt ngọn gió vượt đại dương vượt áng mây thiên đường dẫu nói bao cảm giác anh bây giờ lẽ hơn yêu cảm giác anh bây giờ lẽ hơn yêu,praise,neutral
sắp 10m nghe không z,neutral,neutral
4 chủ nhật nữa thôi tết rồi 3,neutral,neutral
vượt sơn tùng like anh đen,neutral,neutral
top 1 th rồi vùi trời,neutral,neutral
giọng đậm chất đức phúc,neutral,neutral
yêu đen,praise,neutral
nghỉ tết dương nhà không,neutral,neutral
nhạc đen vâu,neutral,neutral
rồi gọng kính mượn luôn hả,neutral,neutral
t hơn hơn yêu nữa mua luôn 2 vé thiên đàn rồi,praise,neutral
nỗi buồn người xa xứ,criticism,neutral
mv xứng đáng đạt top 1 trending mong mv giữ top 1 thật lâu,neutral,neutral
đức phúc erik giọng hát khác hẳn người giọng nam tính nhìn nữ tính,neutral,neutral
chuẩn đón tết 2024 bài ca 3,neutral,neutral
anh ạ,neutral,neutral
nhà hạnh phúc,neutral,neutral
nói độ đen tối đứa thân cao hơn núi dài hơn sông rộng hơn đất đen hơn trời,neutral,neutral
trời bài hát nghe cảm động chúc mừng đức phúc,neutral,neutral
ngày nghe,neutral,neutral
đưa nhau trốn xong nhà,neutral,neutral
raper việt đầu tiên đạt 1 triệu like,neutral,neutral
10k view rồi,neutral,neutral
cảm giác anh bây giờ lẽ hơn yêu,praise,neutral
tết nơi rồi nhớ ngay siêu phẩm,neutral,neutral
nghe nhiều để thời gian trôi nhanh tới ngày trở về nhà thôi,praise,neutral
anh nam bartender nè nhìn giờ vid khác thế,neutral,neutral
cảm ơn lấy cảm xúc bao năm rồi,neutral,neutral
tia know song end phone ring pleas come australia,neutral,neutral
không zing mp3 chị,neutral,neutral
mọi người hỏi vợ chết rồi để giải nghiệp ạ cảm ơn,neutral,neutral
má oi kiểu tóm,neutral,neutral
em hỏi anh em hỏi anh emmm hỏi anh em hỏi anh emhayhỏi emmm emhayhỏi em hỏi anh anh yêu em không anh không biết phải nói thế để đúng cảm xúc anh anh nhìn em anh thấy cuộc đời anh khứ tương lai hiện tại không bao giờ phai tình yêu anh luôn thầm lặng không nghĩa không rộng lớn chỉ anh đôi khó nói lời mong em hãy cảm nhận thôi cao hơn núi dài hơn sông rộng hơn đất xanh hơn trời anh yêu em anh yêu em thế thôi vượt ngọn gió vượt đại dương vượt áng mây thiên đường dẫu nói bao cảm giác anh bây giờ lẽ hơn yêu anh nhớ lần đầu tiên gặp nhau chẳng biết trước lần lần cuối anh yêu đời anh không mơ gặp yêu nữa giờ anh em rồi em hết quãng đường đời tình yêu anh luôn thầm lặng không nghĩa không rộng lớn chỉ anh đôi khó nói lời mong em hãy cảm nhận thôi cao hơn núi dài hơn sông rộng hơn đất xanh hơn trời anh yêu em anh yêu em thế thôi vượt ngọn gió vượt đại dương vượt áng mây thiên đường dẫu nói bao cảm giác anh bây giờ lẽ hơn yêu cao hơn núi dài hơn sông rộng hơn đất xanh hơn trời anh yêu em anh yêu em thế thôi vượt ngọn gió vượt đại dương vượt áng mây thiên đường dẫu nói bao cảm giác anh bây giờ lẽ hơn yêu,praise,neutral
vãi lồn d,neutral,neutral
like đen vâu 1m like,neutral,neutral
search song caus low cortisol meme pleas,neutral,neutral
low cortisol,neutral,neutral
xem xong chỉ khóc,neutral,neutral
báo mới đưa t tới,neutral,neutral
bài hát đáng xem nhất quy tụ al cặp đôi showbiz cặp đôi bth,neutral,neutral
trời buồn buồn cứ nghe bài,criticism,neutral
qá anh đức phúc ơi,neutral,neutral
liệu đúng,neutral,neutral
cao hơn núi dài hơn sông,neutral,neutral
top 1 trend ytb,neutral,neutral
nghe bài nôn nao lính chuẩn nhà mẹ rồi 3,neutral,neutral
like song get hear,praise,neutral
hồng anh ơi 3 cậu,neutral,neutral
giọng hát lời bài hát ý nghĩa mv xúc động thật sự chạm trái tim,neutral,neutral
plz bản,neutral,neutral
what rington song end,neutral,neutral
nôn nhà,neutral,neutral
23m lượt xem không bằng clip kicm,neutral,neutral
nghe chữ chiếc xe này giống sẽ gầy,neutral,neutral
chứ,neutral,neutral
nhà luôn nhà,neutral,neutral
hơn chữ giọng ấm áp mê giọng justate nhiêu like hết,praise,neutral
mv công chiếu 1 năm rồitết rồi,neutral,neutral
bài đợi đám cưới hát vợ nghe vợ chưa biết,neutral,neutral
1 like phần âm nhạc kết hợp 2 ng sky ủng hộ anh âm nhạc gắn kết chúng gần nhau hơn,neutral,neutral
tự nhiên khóc chả hiểu nỗi,neutral,neutral
mãi yêu anh vâu,praise,neutral
quá tuyệt vợi anh sửa cả,neutral,neutral
ah cortisol,neutral,neutral
nhìn đẹp đôi hết,praise,neutral
mê luôn í,praise,neutral
2025 không,neutral,neutral
nhà để ăn lì xì,neutral,neutral
bài hát thật cảm động mình thích bài hát,praise,neutral
mới nhà 3 rồi,neutral,neutral
hơn,neutral,neutral
càng nghe càng yêu,praise,neutral
pleasant hear,neutral,neutral
yêu gần 6 năm hôm nay 2 gđ gặp mặt thống nhất ngày kết hôn,praise,neutral
bài ý nghĩa ghê nhớ đơt dịch đầu tiên tới tế,criticism,neutral
cách ly chỉ mong nhà haiz,neutral,neutral
thằng thất bại,neutral,neutral
sắp 20tr view are nhanh,praise,neutral
cách để mang hạnh phúc cách mang hạnh phúc phổ biến tất mọi người tình yêu,praise,neutral
xem muốn khóc,neutral,neutral
đứa học xa nhà,neutral,neutral
lucki aint behind alat,neutral,neutral
nhanh thật mới 1 năm rồi 51202,praise,neutral
ngoài phức tạp như dây má dây mơ,neutral,neutral
lẽ hơn yêu,praise,neutral
take back back home,neutral,neutral
xem xong muốn khóc luôn,neutral,neutral
low cortisol song,neutral,neutral
nghe lần thứ n are xúc động huhu,neutral,neutral
leo top thôi mng,neutral,neutral
ủa ủa,neutral,neutral
mặc dù chưa phải xa nhà bao giờ mình thể tưởng tượng cảm xúc,neutral,neutral
that peak,neutral,neutral
315 cao bá hưng hả mn,neutral,neutral
tuyệt vời,praise,neutral
thường chả bao giờ cmt lần đầu tiên nghe bài hát tựa mở mãi muốn khóc hạnh phúc mọi người mv bài hát tuyệt vời nghe xong liền nhớ ck da diết,praise,neutral
gần nhà rồi 3,neutral,neutral
cu em chuyên hát nhạc đám cưới,neutral,neutral
hơn yêu nam oke,praise,neutral
yêu đp,praise,neutral
bếp lửa đúng đề học kì thanks bác đen tiên tri,neutral,neutral
bài,neutral,neutral
bài phúc háy,neutral,neutral
chang titl,neutral,neutral
anh den oi me em thích bai nay,praise,neutral
em hỏi anh anh yêu em không anh không biết phải nói thế để đúng cảm xúc anh anh nhìn em anh thấy cuộc đời anh khứ tương lai hiện tại không bao giờ phai tình yêu anh luôn thầm lặng không nghĩa không rộng lớn chỉ anh đôi khó nói lời mong em hãy cảm nhận thôi cao hơn núi dài hơn sông rộng hơn đất xanh hơn trời anh yêu em anh yêu em thế thôi vượt ngọn gió vượt đại dương vượt áng mây thiên đường dẫu nói bao cảm giác anh bây giờ lẽ hơn yêu anh nhớ lần đầu tiên gặp nhau chẳng biết trước lần lần cuối anh yêu đời anh không mơ gặp yêu nữa giờ anh em rồi em hết quãng đường đời tình yêu anh luôn thầm lặng không nghĩa không rộng lớn chỉ anh đôi khó nói lời mong em hãy cảm nhận thôi cao hơn núi dài hơn sông rộng hơn đất xanh hơn trời anh yêu em anh yêu em thế thôi vượt ngọn gió vượt đại dương vượt áng mây thiên đường dẫu nói bao cảm giác anh bây giờ lẽ hơn yêu cao hơn núi dài hơn sông rộng hơn đất xanh hơn trời anh yêu em anh yêu em thế thôi vượt ngọn gió vượt đại dương vượt áng mây thiên đường dẫu nói bao cảm giác anh bây giờ lẽ hơn yêu,praise,neutral
nghe không,neutral,neutral
tây ninh,neutral,neutral
nhớ quê,neutral,neutral
hạnh phúc nhà cô đơn nhà thành công nhà không vàoừ nhà,neutral,neutral
anh yêu em thế thôi,praise,neutral
thấy nhớ nhà,neutral,neutral
ông nghe bài mới đen are nhà mang tiền mẹ không,neutral,neutral
anh ơi,neutral,neutral
make cortisol go way,neutral,neutral
sắp tết nữa rồi sợ dịch bùng phát không quê,criticism,neutral
6 năm are mới nổi,neutral,neutral
hôm nay 27 tết rồi nhà chưa,neutral,neutral
2025 sắp tết are,neutral,neutral
1tr like rồi nhanh thật,praise,neutral
lịch học bù năm nay caohoncanui daihoncasong ronghoncadat xanhoncatroi,neutral,neutral
tuyệt tết sắp nhàcảm giác khó tả thành lời,praise,neutral
1tr like dồi vui lần nghe đoạn liên khúc nhà nổi da gà,praise,neutral
không ngờ xoài family,neutral,neutral
staring cao bá hưng đạt nhỉ g dịch staring diễn viên chính thấy ngoài tia lê thiện hiếu nhỉ,neutral,neutral
thích nghe mv nhớ tới gia đình mình cảm thấy trân trọng gia đình hơn cảm ơn đen vâu justate,praise,neutral
chị hát,neutral,neutral
không không tâm,neutral,neutral
157 xinh,praise,neutral
hơn yêu đối mình tri kỉ tri kỷ thứ tình cảm vô định hình người gọi tình thi vị hơn tình yêu,praise,neutral
8tr mấy lượt nghe chưa 1tr like,neutral,neutral
nghe bài nhớ gần tết ghê,criticism,neutral
nghe nghe cảm xúc rưng rưng cảm động thật sự love song love đức phúc,neutral,neutral
bao dịp muốn gặp a đen lần,neutral,neutral
đông nhi ông cao thắng,neutral,neutral
ư ê kíp e,neutral,neutral
hy vọng tết năm nay chú đen 1 bài thật ý nghĩa như bài tuyệt,praise,neutral
mv tui mua winer x đấy,neutral,neutral
bài không zing mấy huhu,neutral,neutral
thế thoi,neutral,neutral
thật,neutral,neutral
tik tok đưa tui,neutral,neutral
hà nội gặp người quê cảm giác ấm áp thật,neutral,neutral
cún bảo bối erik mấy ông thân mượn đồ nhau phải ghi rõ ràng,neutral,neutral
nghe bài ơi luôn muốn khóc mặc dù bản thân không thích hết cảm động,neutral,neutral
xunh xinh,praise,neutral
em xin địa chỉ nơi anh quay,neutral,neutral
bố mẹ đối diện nhà ngồi nghe rưng rưng,neutral,neutral
leo top thôi mng,neutral,neutral
10n dislike đều chưa ngiu,neutral,neutral
ủa winx xanh lá hả mn dán tem trùm rồi,neutral,neutral
bài hát đề thi thử lớp 12,neutral,neutral
hơn yêubài hát giọng hát tuyệt vờivideo nội dung xúc cảm mình khóc cảm động mv chúc mừng đức phúc,praise,neutral
mới nghe 1 năm trôi nữa rồi,neutral,neutral
lẽ e yêu a hơn e nghĩ chia tay rồi e mới biết,praise,neutral
h,neutral,neutral
nghe mãi không chán,neutral,neutral
không tìm zing nhỉ,neutral,neutral
tui alone bên nhau 215 năm t,neutral,neutral
anh,neutral,neutral
thank lower cortisol cortisol rat go 10 would recomend agian,neutral,neutral
ok song actuali kinda god,neutral,neutral
18072021 dịch covid bùng phát như thế chỉ mong muốn bên gia đình,neutral,neutral
erik đức phúc yêu nhau lâu chưa dám nói muốn kết hôn,praise,neutral
fb mới bay như không,neutral,neutral
hơn yêu,praise,neutral
gần cuối năm nghe như không,neutral,neutral
trốn tìm không,neutral,neutral
hon ca yeu mv nhan van truyen cam hung,neutral,neutral
top1 mnguoi,neutral,neutral
xem xong chỉ muốn thằng người để dắt bên gia đình,neutral,neutral
troi oi bai nay moi nguoi oi,neutral,neutral
em hỏi chú đen quay mv đẹp mn xem muốn đặt chân đấy 1 lần ạ,praise,neutral
trường giang nhã phương vl,neutral,neutral
aight way,neutral,neutral
đoạn đức phúc hát cao hơn núi mềnh cứ nghĩ tiếng thái lan,neutral,neutral
chúc mừng anh nhéchúc anh luôn thành công công,neutral,neutral
cảm nhận thôi,neutral,neutral
không thấy bách hợp nhỉ,neutral,neutral
mv khóc ngập phòng luôn,neutral,neutral
1k vô gia cư lẽ ducanger bên mỹ chăng,neutral,neutral
low cortisol reach 10,neutral,neutral
hơn yêu yêu 1 người say mê ạ,praise,neutral
nghe xong chỉ muốn nhà,neutral,neutral
thấy like,neutral,neutral
chỉ thôi,neutral,neutral
không phải fan ủng hộ anh,neutral,neutral
ngày 1572021 dịch bệnh căng thẳng không đồ ăn,neutral,neutral
know meme,neutral,neutral
năm trôi rồi ơi,neutral,neutral
nghiện luôn ư ư 3,praise,neutral
đen ơi i love you so much bài phê vê lol luôn ý đen ah,praise,neutral
tui nghe bài hát đen st xen kẻ giống tui không,neutral,neutral
low cortisol cay vkl,neutral,neutral
clip xúc động cảm ơn anh đức phúc toàn thể anh chị ekip mv như,neutral,neutral
bài hai ak,neutral,neutral
a chị tím chị thi hic tr oi mv dyeu,neutral,neutral
ghê,criticism,neutral
hủ nữ thích,praise,neutral
low cortisol song,neutral,neutral
kh biết nhà kh anh ơi,neutral,neutral
low cortisol adit remind xenogenisiss outro song jez fel refresh,neutral,neutral
lần nghe bài hát laik muốn nhà tết t5 xa nhà nhớ việt nam nhớ nhà nhớ ba mẹ,neutral,neutral
cún bảo bối erik,neutral,neutral
hạnh phúc,neutral,neutral
anh namm,neutral,neutral
nhớ hải phòng ước nhà,neutral,neutral
tại bài hát ý nghĩa thế thành phần đislike thưởng thức công lao người khác đấy cảm ơn 2 đen justate bài hát,neutral,neutral
bài hát giờ mới biết,neutral,neutral
sắp tết 202 rồi chúc mọi người năm mới bình an hạnh phúc3 25122021,neutral,neutral
chuẩn tết nôn tết muốn cg đoàn tụ gia đình người năm mấy năm không tết nhất định phải nhé mn ơi sắp sửa tết nữa rồi,neutral,neutral
bài hát,neutral,neutral
hưng mong s,neutral,neutral
cảm thấy nhục nhã mở mẹ nghe chê tào lao,criticism,neutral
wow vê nhà hây,neutral,neutral
nghe xong thấy yêu đời,praise,neutral
bài tui nghe nghe hơn chục lần rồi chưa thấy chán,criticism,neutral
ngọt ngào,neutral,neutral
2024 nghe không,neutral,neutral
nghe ấm lòng 10,neutral,neutral
mãi yêu,praise,neutral
top 1 tr,neutral,neutral
mong a đen vâu 1 bài nhạc tết mùa dịch ạ,neutral,neutral
biết nghe t không dám nghe nghe rồi sợ phải khóc,neutral,neutral
duc phuc hat bai nao cung,neutral,neutral
nghe mãi hong chán 2 tháng nữa thui tới ngày tết rồi,criticism,neutral
nghe goài không chán,neutral,neutral
không tin nổi 6 năm trôi,neutral,neutral
nhạc,neutral,neutral
thích nhất câu cao hơn núi dài hơn sông rộng hơn đất xinh hơn trời giống mik đd,praise,neutral
nhìn hạnh phúc mình ngưỡng mộ thật sựmv cảm động dễ lấy nước mắt cực 10đ,neutral,neutral
bài 1 triệu like không 1 triệu like bài 1 triệu like rồi,neutral,neutral
hơn yêu,praise,neutral
p văn đức nhật linh nữa,neutral,neutral
2 vạch toang thực sự,neutral,neutral
giữ t o p anh,neutral,neutral
tình yêu đố so nữa nhỉ,praise,neutral
đừng mất niềm tin tình yêu,praise,neutral
nhà ăn tết mọi người ơi,neutral,neutral
nhờ tiktok để quay,neutral,neutral
ý nghĩa lớn luôn,praise,neutral
phúc ơiyêu em nhiềuchúc em sức khỏe thành công,neutral,neutral
gần tết nghe cứ thấy nôn năm nhà bật bài chú để nghe xa nhà hàng nghìn cây số chỉ mong tết gia đình thôi,neutral,neutral
nhớ va thương người sinh mjnh,praise,neutral
ước đưa bài zingmp3,neutral,neutral
chúc mừng đức phúc 1tr folow nút vàng youtobe,neutral,neutral
đen sứng đáng 1 giám khảo giỏicó thể hơn thế dòng nhạc a ý nghĩ hài hòa tuyệt,praise,neutral
nghe bài ông bà nội chưa chết,neutral,neutral
đức phúc thể hiện bài hát ngập tràn cảm xúc,neutral,neutral
anh không bt phải khen thế để đúng cảm xúc lòng bài hát tuyệt,praise,neutral
nghe bài muốn cưới để mở bài đám cưới hix,neutral,neutral
bình an,neutral,neutral
29122021 1 tháng nữa tết hóng nhà nhừ không hơn năm chưa rồi,neutral,neutral
anh dục phục co yếu em không,neutral,neutral
siết nợ mất luôn nhà v,neutral,neutral
sắp tết ạ,neutral,neutral
top 1,neutral,neutral
muốn khóc,neutral,neutral
chỉ dám nghe chứ không dám xem mv như mình không xem khóc liên tục,neutral,neutral
nghe hoài không chán,neutral,neutral
cảm ơn tia 1 bài hát luôn,neutral,neutral
xem không,neutral,neutral
rớt top rồi,neutral,neutral
beat chị ơi 3 bài hát quad,neutral,neutral
mv thật sự ý nghĩa sâu sắc,neutral,neutral
xin địa chỉ ngôi nhà gỗ clip đen vâu ạ,neutral,neutral
thấy tim nhẹ,neutral,neutral
oh god chang vid titl low cortisol ah,neutral,neutral
nghe bài bào đp hết,neutral,neutral
đoán năm nay bài hot đám cưới nèv,neutral,neutral
thiếu anh thành chị hari rồi,criticism,neutral
giao thừa nè,neutral,neutral
chú đen ơithích chú đen cực,neutral,neutral
ba mẹ tui bên nhau hơn 30 năm rồi nha,neutral,neutral
rơi nước mắt hy vọng vk ck như,neutral,neutral
tiếp tục nhạc nhe cô tui thích nhạc cô í giữ nguyên nhạc giọng huyền bí đầy quyến rũ nha,praise,neutral
cứ lần nghe muốn khóc chỉ muốn nhà dịch khiến ngta thất bại,neutral,neutral
0802202 daklak,neutral,neutral
giọmg jus vãi chưởng,neutral,neutral
low cortisol thank,neutral,neutral
lần áp lực hoang mang quay cuồng mình chỉ muốn bắt xe nhà chẳng cần nói chuyện chỉ cần nhìn thấy ba mẹ mình thấy nhẹ nhõm cách kì lạ,praise,neutral
3,neutral,neutral
cortisol lower significantli,neutral,neutral
chỉ mất 3 giây để nói yêu phải mất cuộc đời để chứng minh,praise,neutral
mn đừg s số like anh đức phúc anh kicm nữa chênh lệch xa cũg so sánh thật,neutral,neutral
hát trog đám cưới duy mạnh nè,neutral,neutral
folow chiến đỗ,neutral,neutral
sắp 20 tr view are,neutral,neutral
oh my god thích nhất kiểu mv như luôn á tạo cảm giác gần gũi chân thật người xem bài hát nữa,praise,neutral
top trend hanoi love,praise,neutral
nhớ nhà dịch bệnh phải xứ người,neutral,neutral
nghe muốn quê thăm ôg bà kinh khủng hóng tết,neutral,neutral
cuối năm thằng bắt e nghe thật 2 a ạ 3 big love 3,neutral,neutral
thấy buồn,criticism,neutral
em quý anh mong anh rep,neutral,neutral
chuẩn venletine chưa quà điểm danh,neutral,neutral
đưa em 3 ngã 5 5 ngã 3 nhà cưng,neutral,neutral
anh đức phúc hát quả,neutral,neutral
fel whole song unfortun,neutral,neutral
nghe bài thấy giống bài wana go home konosuba,neutral,neutral
low cortisol,neutral,neutral
phải nói lâu rồi mới 1 mv tui coi tui khóc trời luôn 1 lần coi 1 lần khóc rung động thật sự replay hoài tai luôn rồi,neutral,neutral
dễ thương tia ơi,praise,neutral
quê mik quảng nam nha,neutral,neutral
xem,neutral,neutral
nghe xong muốn nhà luôn,neutral,neutral
240 áo nhóm quen kìa,neutral,neutral
low cortisol song,neutral,neutral
ạ ny hát nghe xg ms 3,neutral,neutral
top 1 trending rồi,neutral,neutral
sắp 1 triệu like rồi,neutral,neutral
hâi oua anh anh,neutral,neutral
love song pleas make low cortisol song reali love song love oh god bebe thank song,praise,neutral
chị ơi phần 2 kô chị,neutral,neutral
năm biến cố mọi người cuộc sống canten trung tâm hồi sức nghe bài hát mong nhà người nhà tro tàn sự tàn ác dịch bệnh,criticism,neutral
linh ơi anh muốn nói em anh quay em cuối không bao h thay đổi,neutral,neutral
người nước ngoài chỉ thể đọc bài low cortisol song quốc gia đọc hẳn như người việt nam tức giận nghi ăn cắp bài hát đổi thành tên mới đừng xúc phạm nước chúng không hậu quả khó lường đấy,criticism,neutral
chúc yêu đều hạnh phúc kết thúc thật đẹp,praise,neutral
ah agn tachyon,neutral,neutral
năm nữa chuẩn trôi,neutral,neutral
shouldnt find cortisol bruh grey,neutral,neutral
sắp đuổi kịp st,neutral,neutral
nghe cảm nhận thấm nước mắt rơi,neutral,neutral
nhớ anh,neutral,neutral
trích lời ơi,neutral,neutral
bài vừa vừa nỗi mọi người lười like,neutral,neutral
sau video honda winerx bán chạy thật,neutral,neutral
2026 nghe không,neutral,neutral
mom dad dont ned,neutral,neutral
nổi hết da gà cảm động,neutral,neutral
lao đời kiếm cơm lao đời tìm cơ hội,neutral,neutral
cảm động đy thôy,neutral,neutral
bro chang name,neutral,neutral
em 84 trà vinh vui mấy đứa hàng xóm chs chung hoài không cô đơn em mong tương lai em cg hạnh phúc như bâyh em không muốn nghỉ học muốn học hoài học mãi thôi iu trường iu thầycô iu gđ,praise,neutral
khúc đầu mình xem nghĩ cặp đôi mv cặp yêu nhau ngoài đời cuối mới biết thực sự như dù quay mv cách nhìn nhau thật sự ấm áp,praise,neutral
hey artist pin love umamusum preti derbi,praise,neutral
bài hát siêu mv ý nghĩa cảm động xuất sắc anh ơi,neutral,neutral
tết thứ 5 xa nhà,neutral,neutral
from điện biên with love,neutral,neutral
aa mv hịn anh ơi sky chúng e chúc mv nhanh đạt 50m nha,praise,neutral
nghe bài nhớ gđ rớt nước mắt giờ đường nhà xa,neutral,neutral
top 1 trending rồi á nhanh ghê,neutral,neutral
top 1 rồi ae ơi,neutral,neutral
2023 tết đầu tiên xa nhà,neutral,neutral
tuyệt vời,praise,neutral
tết không lộc thu ngân are,neutral,neutral
thích cặp đôi,praise,neutral
may love famili,praise,neutral
đường nhà tim dẫu nắng mưa gần xa thất bát vang danh nhà luôn chờ đường nhà tim dẫu muôn trùng vật đổi dời nhà luôn nhà lao đời kiếm cơm lao đời tìm cơ hội thành thị thường lấp lánh đêm thành thị thường trơ trọi như mọi đứa trẻ khác lớn muốn xa hoài nhà yên đợi đứa ngoài bước ngoài mới biết không bằng nhà biết để mất trước sẵn sàng mở quà không phải võ sĩ phải giỏi đấu đá kiệt sức chỉ gắng giữ mình không xấu xa đôi bỗng thấy đồng cảm mai an tiêm bước chân sóng gió chỉ nhà mãi an yên ngoài phức tạp như rễ má dây mơ nhà để phép mình ngây thơ mang bao nao nức xe chở niềm thao thức xuân suốt đêm ngày dòng người phố mang sắc mai hương đào tìm nơi ấm êm đường nhà tim dẫu nắng mưa gần xa thất bát vang danh nhà luôn chờ đường nhà tim dẫu muôn trùng vật đổi dời nhà luôn nhà ngôi nhà ngóc vườn chó gà đám nói khó chiều thích gió trời hơn gió hòa ăn cơm mẹ nấu mặc áo mẹ may đưa ba chợ mua cây đào cây mai bày năm trời rã rời như máy nhà thấy áp lực nhẹ như bấc thổi bay ấm êm hơn bếp lửa ngọt bùi hơn lúa non nhà luôn mong chờ đứa dẫu mưa nắng không bao giờ nề hà hạnh phúc chỉ đơn giản nhà hạnh phúc nhà cô đơn nhà thành công nhà thất bại nhà mệt nhà mông lung nhà chênh vênh nhà không nhà không nhà nhà nhà đường nhà tim dẫu nắng mưa gần xa thất bát vang danh nhà luôn chờ đường nhà tim dẫu muôn trùng vật đổi dời nhà luôn nhà nhà thể lớn thể nhỏ thể không khang trang cha mẹ muốn sống đàng hoàng lớn người mong tương lai xán lạn cặm cụi đời không bao giờ thấy than van đường nhà tim dẫu nắng mưa gần xa thất bát vang danh nhà luôn chờ đường nhà tim dẫu muôn trùng vật đổi dời nhà luôn nhà,praise,neutral
chỉ ước nơi gọi nhà để trở như bao người,neutral,neutral
luôn,neutral,neutral
chú đen lớn rồi không đưa nhau trốn như 6 năm trước nữa chúc mừng sự trưởng thành chúc mừng bài hát,praise,neutral
nhắm nhuôn,neutral,neutral
nghe bài phúc không biết bao nhiêu lần mình ca khúc ca khúc nhất ca khúc dịp valentine phúc phát hành hơn yêu đúng yêu cần hơn yêu để thể bên nhau mv thực sự cảm động cảm ơn phúc ekip,praise,neutral
low cortisol umamusum,neutral,neutral
bài hát,neutral,neutral
quá ạ 3 tự nhiên cảm thấy sởn gai ốc luôn cảm ơn anh đã cống hiến hết mình nhé,neutral,neutral
xem mấy ông bà yêu nhau mình fa,praise,neutral
yêu ngay nốt nhạc đầu tiên3,praise,neutral
hum qa anh ca lúm ạ,neutral,neutral
đưa em đưa chị không,neutral,neutral
nhạc ok bức thư xạo lol mẹ viết chữ in honda viết chữ ngắt câu như thế bỏ tiền mv ekip thứ bức thư như cức,neutral,neutral
mjh it nge nhac cua đp nhug mv nay va why nghiadon gian v thui,neutral,neutral
cảnh gay vl,neutral,neutral
sắp quê ăn tết gia đình rồi bây giờ đêm nằm nghĩ tới cảnh 25 tết xe quê ăn tết bật bài nhạc nghe lòng nôn nao ghê chỉ mong nhà đoàn viên ăn tết thật vui vẻ gia đình hàng,neutral,neutral
bài nghe xong ấm người,neutral,neutral
ư hổng chịu,neutral,neutral
thích bà,praise,neutral
xa quê mồng nghe,neutral,neutral
1 năm 10798103 viewspremiered dec 18 2020 không 1 dislike đen ghê thặc,neutral,neutral
m10 thẳng tiến,neutral,neutral
ý nghĩa,neutral,neutral
mik thấy đoạn điệp khúc giống bài lá cờ v,neutral,neutral
xem không,neutral,neutral
hy vọng hương ly không cover,neutral,neutral
cảm ơn mv em ý nghĩa,neutral,neutral
tết không nhà rồi ngồi nghe hoài luôn,neutral,neutral
mình tưởng hồ hoài anh lưu hương giang ly hôn rồi chứ,neutral,neutral
zing tìm không muốn nghe bài đêm,neutral,neutral
20 20 nghe không,neutral,neutral
không zing mp3 ạ,neutral,neutral
xem mv khóc như mình không,neutral,neutral
tui đoán đề văn năm nay bếp lửa nhá,neutral,neutral
ae tài sờ mai chơi nữa nha,neutral,neutral
video quay,neutral,neutral
chú đen ơi,neutral,neutral
anh đen vâu luôn anh đen vâu,neutral,neutral
cảm ơn anh người khiến em yêu thêm bài hát,praise,neutral
đọc chậm nghe chán phèo,criticism,neutral
top 1 roif tuyệt vời,praise,neutral
ấm lòng 3,neutral,neutral
3 tiếng nữa quê,neutral,neutral
12h 10272021,neutral,neutral
muốn thực sự năm không dư nhiêu cố gắng tí tết vê luôn,neutral,neutral
vừa xem vừa khóc mv ý nghĩa,neutral,neutral
không thể nhàđen vâu 08022021,neutral,neutral
cảnh xa nhà nghe muốn,neutral,neutral
mn thấy không trc đoạn điệp khúc bài 1 câu gây nghiện hết thương cạn nhớ không bt để ý không,praise,neutral
nghe nghe siêu mê 2020,praise,neutral
mv xem bao lần không chán cute thiệt sự,neutral,neutral
em hỏi anh anh yêu em không anh không biết phải nói thế để đúng cảm xúc lòng anh nhìn em anh thấy cuộc đời anh khứ tương lai hiện tại không bao giờ phai tình yêu anh luôn thầm lặng không nghĩa không rộng lớn chỉ anh đôi khó nói lời mong em hãy cảm nhận thôi cao hơn núi dài hơn sông rộng hơn đất xanh hơn trời anh yêu em anh yêu em thế thôi vượt ngọn gió vượt đại dương vượt áng mây thiên đường dẫu nói bao cảm giác anh bây giờ lẽ hơn yêu,praise,neutral
tuyệt,praise,neutral
1 triệu like yeh,neutral,neutral
low cortisol hel yeah,neutral,neutral
tại 6 năm sau thành trend lowhigh cortisol,neutral,neutral
anh ơi,neutral,neutral
chúc mừng 10m view nha,neutral,neutral
đôi riêng mình em,neutral,neutral
tui coi phim hàn mấy chỗ động phim nọ quảng cáo bài thấy zô mí bn,neutral,neutral
low cortisol,neutral,neutral
hôm nay nhà thiếu ba mới biết thế hụt hẫng,criticism,neutral
nhạc đỉnh kout chú ơi,praise,neutral
đen vâu ngày càng mạnh,neutral,neutral
mv ý nghĩa cảm động cày view hơn yêu,praise,neutral
cao hơn núi,neutral,neutral
mv gói gọn hết tất cảm xúc tuyệt vời,praise,neutral
người bỏ quê hương quê hương bỏ người xa xứ 2 năm sắp năm thứ 3 rồi không,neutral,neutral
hai năm rồi nghe cuốn,neutral,neutral
luôn dõi ủng hộ em phúc,neutral,neutral
già vl,neutral,neutral
4 năm rồi e chưa nhà khóc suốt nge bài hát 2a muốn nghe,neutral,neutral
lời bài hát nghe đường nhà tim dẫu nắng mưa gần xa thất bát vang danh nhà luôn chờ đường nhà tim dẫu muôn trùng vật đổi dời nhà luôn nhà về nhà ya lao đời và kiếm cơm lao đời tìm cơ hội những thành thị thường lấp lánh còn đêm thành thị thường trơ trọi như mọi đứa trẻ khác lớn muốn xa hoài xa hoài nhà yên đợi đứa ngoài bước ngoài mới biết không bằng nhà nhà biết để mất trước sẵn sàng mở quà mở quà không phải võ sĩ phải giỏi đấu đá kiệt sức chỉ gắng giữ mình không xấu xa đôi bỗng thấy đồng cảm mai an tiêm bước chân sóng gió chỉ nhà mãi an yên ngoài phức tạp như rễ má dây mơ dây mơ nhà để phép mình ngây thơ mang bao náo nức xe trọn niềm thao thức xuân níu đêm ngày dòng người phố mang sắc mai hương đào tìm nơi ấm êm đường nhà tim dẫu nắng mưa gần xa thất bát vang danh nhà luôn chờ đường nhà tim dẫu muôn trùng dẫu muôn trùng vật đổi dời vật đổi dời nhà luôn nhà ngôi nhà góc vườn chó gà đám nói khó chiều thích gió trời hơn gió hoà ah ăn cơm mẹ nấu mặc áo mẹ may đưa ba chợ mua cây đào cây mai bày năm trời rã rời như máy oh nhà thấy áp lực nhẹ như bấc thổi bay thổi cái là bay ấm êm hơn bếp lửa ngọt bùi hơn lúa non nhà luôn mong chờ đứa dẫu mưa nắng không bao giờ nề hà hạnh phúc chỉ đơn giản nhà oh hạnh phúc nhà cô đơn nhà thành công nhà thất bại nhà mệt nhà mông lung nhà chênh vênh nhà không nhà không nhà nhà nhà đường nhà tim dẫu nắng mưa gần xa thất bát vang danh nhà luôn chờ đường nhà tim dẫu muôn trùng vật đổi dời nhà luôn nhà nhà thể lớn thể nhỏ thể không khang trang cha mẹ muốn sống đàng hoàng lớn người mong tương lai sáng lạng cặm cụi đời không bao giờ thấy than vãn đường nhà tim dẫu nắng mưa gần xa thất bát vang danh nhà luôn chờ đường nhà tim dẫu muôn trùng vật đổi dời nhà luôn nhà,praise,neutral
ủa bữa tải bài rồi giờ khóa tải,neutral,neutral
tao đéo nguyên tắc ok,neutral,neutral
chúc mừng chú đen chú te cán mốc 10tr view,neutral,neutral
gần tết rồi nghe thật bồi hồi 1 năm trôi cảm giác chuyến xe 30km nghệ an ăn tết mang cảm xúc thật khác biệt,neutral,neutral
em nghiền bài luôn are ý 3 chị giọng ấm 3,neutral,neutral
khóc mất rồi,neutral,neutral
video thật tuyệt vời,praise,neutral
ý nghĩa,neutral,neutral
tuyệt vời,praise,neutral
2 ông bd tiktok tìm vô không,neutral,neutral
fel cortisol lower,neutral,neutral
em xin nhạc anh đừng em dính bản quyền nha,neutral,neutral
thấy nhạc giống bài lá cờ,neutral,neutral
đức phúc bd giả tạo sống thay đổi đồng tiền ok like coi,neutral,neutral
không bài đen thất vọng lần nghe nhạc đen cảm giác yên bình ấm áp lạ buồn liền bật nhạc anh nghe nỗi buồn trôi nhạc xa nhà như hiện tại bật chính bài trôi nỗi buồn nhớ quê nhà mong tết giống mv hạnh phúc nhà cô đơn nhà thành công nhà thất bại nhà gia đình mới cần nhiêu thôi đủ thấy ấm áp rồi mãi ủng hộ đen mong anh thành công luôn thành công anh nhée love you and your music,criticism,neutral
fan ah phúc hết rồi,neutral,neutral
bài hát phải nghe nghe nhất ngày gần tết tôi3,neutral,neutral
there way reali put low cortisol song titl,neutral,neutral
mấy hiểu nỗi yêu xa,praise,neutral
cuối tab 1 rồi yêu anh mịn yêu mọi ng,praise,neutral
mình xin phép cover nền nhạc không cảm ơn đức phúc,neutral,neutral
chúc mừng mv đạt 10m view,neutral,neutral
cao hơn núi dài hơn sông,neutral,neutral
lần quê luôn mở bài nhà chế độ lặp bài chúc mọi người năm mới an lành nha 3,neutral,neutral
đầu nhìn giống misthy bộ tóc hồng v,neutral,neutral
cặp đôi sơn hồng phạm kìa a,neutral,neutral
chuẩn nhà thôi mn ơi,neutral,neutral
love,praise,neutral
hơn yêu,praise,neutral
nỗi nhớ nhàđôi thấy quảng cáo nữa,neutral,neutral
em mới du học tháng 122020 lẽ tết năm nay tết cô đơn nhất mong dịch bệnh nhanh hết để tết sau gia đình xa xứ cố nhé rồi nhà thôi,praise,neutral
rồi chứ không phải giồi dài chứ không phải giài miền bắc toàn phát âm sai như dân miền nam thực sự chả phát âm kiểu chả hiểu ca sĩ miền nam người dính lỗi phải miền bắc phát âm sai phổ biến rồi mình bắt chước,neutral,neutral
259 320 kết nhất đoạn,neutral,neutral
đọc cmt xong rồi phải quay xem lần nữa coi bà hoà minzy,neutral,neutral
giàu như tỷ phú chết nơi sinh,neutral,neutral
người tranh luận top 1 top 2 thịnh hành nhất lạ mê mẩn top 3 3,praise,neutral
1602202 bài hát cảm động tràn đầy năng lượng tuyệt đẹp tình yêu biết ơn đức phúc ekip nha,praise,neutral
cam đông vl,neutral,neutral
take back uma back home low cortisol song,neutral,neutral
xúc động cực xứng đáng anh,neutral,neutral
hóng anh virus reaction bài,neutral,neutral
nghe hơn 10 lần rồi,neutral,neutral
mv kiểu nhẹ nhàng tình cảm không sến súa phô trương nghiện cmnr a 3,neutral,neutral
8k like số đẹp thật ủng hộ đức phúc nha mn,praise,neutral
xem khóc sướt mướt coi coi khóc mất thôi,neutral,neutral
cảm ơn lời mv em,neutral,neutral
cặp anh giang nhã phương đống vai ông bà lão,neutral,neutral
mv ý nghĩa,neutral,neutral
khóc,neutral,neutral
tình yêu thứ duy nhất thể cảm nhận khôg giới hạn thời gian khôg gian,praise,neutral
mắc ỉa nhà,neutral,neutral
lần 1 tone nhạc lần 2 thấm lần 3 nghiền,neutral,neutral
quay xem video đọc bài báo vk ck minh lý hoàng anh không,neutral,neutral
nghe mê,praise,neutral
chúc m8n năm mới bình an,neutral,neutral
xem xong mv tự nhiên cảm thấy mình thật hạnh phúc gia đình bên cạnh,neutral,neutral
không cặp đôi hari trấn thành,neutral,neutral
bữa giờ nghe tuần thấy bình thường tự nhiên giờ thành vãi ngày nghe lạ lạ,neutral,neutral
tình yêu anh luôn thầm lặng không nghĩa không rộng lớn,praise,neutral
come back random yt short se true reali chang song,neutral,neutral
họ mải tranh cãi xem top 1 và top2 bài nào hơn thì top 3 mới là bài khiến nghiền nhất co len ae,neutral,neutral
mình nghe mình xúc động câu hát bài hát cảm ơn 2 anh,neutral,neutral
nghe bài hát zing nay coi mv đúng thật ý nghĩa,neutral,neutral
nice cortisol low side thank tachyon,praise,neutral
bodi ascend cortisol descend,neutral,neutral
gia đình chú giang đáng yêu qué,praise,neutral
hát thank you ngọt ngào cơ chưa biết yêu,praise,neutral
anh yêu em anh yêu thế thôi chỉ thế thôi trời,praise,neutral
hà nội giãn cách xã hội ngày thứ 5 29072021 nước chung tay chống dịch quê nhà vĩnh phúc cố vượt mọi khó khăn nhé mong mọi thứ sớm yên bình trở để nhà,neutral,neutral
ủng hộ đen 3,neutral,neutral
mv mình thấy động lực đối mặt cuộc sống tin tình yêu hơn,praise,neutral
nhớ tết,neutral,neutral
mv dam không bách v,neutral,neutral
đường nhà tim,neutral,neutral
cj iu,neutral,neutral
giọng a te ấm,neutral,neutral
nhà thôi,neutral,neutral
low cortisol song lmao,neutral,neutral
gửi bất kỳ đọc bài viết cầu nguyện bất cứ tổn thương bất cứ khiến liên tục căng thẳng đều tốt hơn mong suy nghĩ đen tối suy nghĩ mức nghi ngờ biến mất khỏi tâm trí mong sự sáng suốt thay thế sự hoang mang mong sự bình yên tĩnh lặng lấp đầy cuộc sống,praise,neutral
để í bố đen vác bình thuốc sâu không tết,neutral,neutral
nghe xong tự nhiên muốn ny liền nkun ak fel thật sự,neutral,neutral
không hiếu nghe bài mò mình rơi nk mắt,neutral,neutral
cố thôi đếm ngược nghỉ tết để nhà,neutral,neutral
a ơi ngày e nghe luôn á nghe zing bật lặp lặp á,neutral,neutral
hạnh phúc nhà cô đơn nhà thành công nhà thất bại nhà mệt nhà mông lung nhà chênh vênh nhà không nhà covid phải cách ly nhé không nhà 3172021 cầu mong bệnh dịch nhanh cầu mong việt nam thể vượt kiếp nạn,neutral,neutral
1 triệu like rồi,neutral,neutral
sắp 10,neutral,neutral
em phải nói tuyệt vời cao hơn núi dài hơn sông luôn,praise,neutral
đường tuyệt nhiên không khónhưng sự cô đơn khiến đôi chân e mỏi,praise,neutral
nhà thôi nhà nơi bình yên an toàn nhất,neutral,neutral
nghe nôn tết mún nhà wúa,neutral,neutral
nghe điệp khúc quen nhá thấy thế không,neutral,neutral
lần đầu thấy mv việt nam diễn viên xuất sắc như,neutral,neutral
mong bài sớm triệu like thỏa niềm hy vọng 1triệu like idol,neutral,neutral
yêu nhóm hoa râm bụt nhất yêu chị hòa,praise,neutral
nghe xong nhớ nhà,neutral,neutral
nhớ bảo bảo 202,neutral,neutral
15x anh em ơi ngh hơn đấy,neutral,neutral
nhạc vượt mức pic cồ bôn are a wn ơi,neutral,neutral
phúc ơi,neutral,neutral
125x speed much closer meme,neutral,neutral
mọi người tiếc 1 like sản phẩm tuyệt vời đen just,praise,neutral
yêu anh,praise,neutral
ghê nghe bình yên á,criticism,neutral
cảm ơn đức phúc mv thật ý nghĩa,neutral,neutral
nhà vui thật mấy ngày đầu thôi lâu đam ghét mình không nói ngủ muộn chửi lười,neutral,neutral
càng nghe càng nghiện bài hát mùa valentine đúng nghĩa chúng người yêu kết hôn mùa valentine hạnh phúc,praise,neutral
mv tính nhân văn sâu sắc,neutral,neutral
đề thi thử btx,neutral,neutral
low cortisol ah song,neutral,neutral
anh ơi,neutral,neutral
nghe xong yêu đời hẳn,praise,neutral
tết chạy xe máy 450km để nhà đơn giản chỉ mục tiêu nhà thôi,neutral,neutral
anh chị bể bơi thật hạnh phúc,neutral,neutral
giờ nghe ạ yêu,praise,neutral
độc thân 3,neutral,neutral
damn think new song reales 6 year ago,neutral,neutral
không vin zoi,neutral,neutral
low colestrol,neutral,neutral
nhạc cần 1 ca sĩ thể hiện đúng tâm trạng đúng như,neutral,neutral
actual fuc low cortisol twin,neutral,neutral
nhớ bài trc hot nèđâu thấynghe riết nghiện luôn hjhjgiờ nghe thấy hạnh phúc kiểu á tr,praise,neutral
cuộc sống phải phấn đấu mới thể sống a hát ca khúc ý nghĩa e bây giờ lênh đênh,neutral,neutral
cứ chil kiểu,neutral,neutral
yew em mãi bên nhau nhé3,neutral,neutral
đúng nhà tiên chi bài nhà thế nguyên năm không,neutral,neutral
nghe không để cách tay để mọi người biết,neutral,neutral
tết nhà 3,neutral,neutral
15 thời khắc valentine 202 đicảm giác nghe bài vẹn nguyên như lần đầuthật sự xúc động,neutral,neutral
nghiện luôn rồi,praise,neutral
không zing nhỉ huhu,neutral,neutral
up spotify ạ,neutral,neutral
mv lộ sicavâu nha,neutral,neutral
khúc 32 eo ơi bả hát chữ home phổ thông bắt tai phe,neutral,neutral
nhà luôn chờ đen,neutral,neutral
bài hát thực sự cảm xúc,neutral,neutral
chào phúc hô,neutral,neutral
mv cực luôn,neutral,neutral
vừa tự kick mình khỏi top 1 v,neutral,neutral
bài kết hợp wowy xe kiểu thiên đàng,neutral,neutral
34 wana come back home 15022021,neutral,neutral
quê mình sg nhỏ tới lớn học rồi chỉ sg không cảm giác sau du học mới thấm cảm giác nhớ nhà mấy năm trước sắp xếp việt nam ăn tết 2020 tới giờ đại dịch mình chưa thật sự muốn thăm nhà 1 vé bay tới 50 giá cao dịch kẹt công thứ mọi người hãy chung tay dẹp dịch để tết đoàn tụ gia đình,praise,neutral
bài hát ý nghĩa thật,neutral,neutral
nhìn quả chị hòa chạy không nhịn nổi cười,neutral,neutral
đông hà,neutral,neutral
nghiện òi,praise,neutral
thoáng sắp sang năm 2023 rôi 24t năm đầu tiên ăn tết xa nhà nhớ nhà,neutral,neutral
bài hát ý nghĩa chú đen ơi,neutral,neutral
517 2 cặp cute,neutral,neutral
rồi năm nay anh vâu nhà không,neutral,neutral
anh đức phúc hat,neutral,neutral
202 nghe,neutral,neutral
cảm động,neutral,neutral
ý nghĩa,neutral,neutral
bài cô duyên lớp em hát bài hơn yêu,praise,neutral
mình hỏi đoạn lưu hương giang hồ hoài anh đoạn cuối đứng ghi 10 năm sau kết hôm phút thứ mấy v ạ mình thấy báo xem kh gặp,neutral,neutral
quạa,neutral,neutral
thôi anh em ơi,neutral,neutral
mình lính,neutral,neutral
4 năm are e chưa nhànhớ nhà tương lai phải ngưng,neutral,neutral
mai top 1 hehe,neutral,neutral
nà 3,neutral,neutral
hơn yêu sự thấu hiểu thể hi sinh tất người chỉ cần người hạnh phúc đủ,praise,neutral
xem 10 lần khóc 10,neutral,neutral
hahaha instagram rel reali get hear reali worth,neutral,neutral
cảm ơn nhạc sĩ khắc hưng đức phúc sáng tác đầy ý nghĩa thanks for als,neutral,neutral
come low cortisol stay peak music,neutral,neutral
bản nhạc em tìm suổt mấy tháng trời rồi,neutral,neutral
cảm ơn cún bảo bối erik gọng kính erik,neutral,neutral
tet come,neutral,neutral
năm củng mở bản công nhận không lỗi thời mtp,neutral,neutral
nhung ngay không quen,neutral,neutral
không mp3 ạ,neutral,neutral
hong hiểu 1 vid như v unlike,neutral,neutral
bài hát tình yêu đầu tiên rơi nước mắt dàn cameo đỉnh bài hát mv xuất sắc,praise,neutral
112 bài tậo pòng cô dô la,neutral,neutral
trai mẹ luôn nhà để trở mẹ yêu,praise,neutral
name of this song is đưa em,neutral,neutral
dù năm dịch bệnh khó khăn nôn nao quê nhà sum vầy gia đình,neutral,neutral
hôm nay lần đầu e xem ba bài hát top thịnh hành sau xem động sự ấm áp hạnh phúc gia đình thật sự cảm động dù mỉm cười mắt e sưng rồi,neutral,neutral
muốn bỏ hết công để thăm chamẹanhđứcphúcảmđãlàmbàihátrấtýnghĩa,neutral,neutral
true low cortisol,neutral,neutral
nghiện giọng ông phúc rồi,praise,neutral
không mời anh đen rap việt nhỉ,neutral,neutral
cháy,neutral,neutral
oi chúng trở nơi chúng sinh tết mong 1 tết đầy bất ngờ hạnh phúc chúc tất mọi người đất nước việt nam luôn sức khỏe thêm 1 tuổi mới đạt ước muốn thực hiện,neutral,neutral
tình cảm thật cảm xúc thật tự nhiên nhất cảm ơn a đức phúc ca khúc ý nghĩa,neutral,neutral
tik tok đưa,neutral,neutral
xinh,praise,neutral
lẽ hơn yêu để người yêu bình yên sự lựa chọn không biết chờ đợi tất chỉ mình ảo tưởng viễn cảnh tái hợp hạnh phúc chúc valentine vui vẻ ấm áp chúc mọi người luôn bình an hạnh phúc nhé 14022020,praise,neutral
gần 1 năm ùi nè chời,neutral,neutral
thư thúi,neutral,neutral
những thanh niên mới lớn ngỗ ngược trải thất bại nghe bài này sẽ trưởng thành hơnđen vâu giỏi rất có tâmgiáo dục thanh niên bài ráp về nhà giới ráp việt vậy mà tao vẫn thấy sự khốn nạn của đứa nào cấm cửa đen vâu không vào dự cái lễ trao giải thưởng chó má của bọn tổ chức vậy tại tao là người ngoài mà vẫn căm thù cái ngày đen vâu bị đuổi không vào vậylũ khốn nạn chó má anh hoài linh tìm chân tướng vụ việc và xử lý bọn khốn nạn đó dù là nó có bợ đít bọn quyền lực chính trị để trao giải cái thằng quán quân ráp việt hát dở như cưtchỉ vì cái bài hát chú bé loăt choắt hat dở nhu cứt,neutral,neutral
low cortisol greatest,neutral,neutral
hết mùng 6 rồi nghe anh đen hát,neutral,neutral
cày cày cậu,neutral,neutral
thiếu 01 nhà,criticism,neutral
ý nghĩa ấm áp mua winer x thôi,neutral,neutral
bài nhạc chuông điện thoại cuối mv ạ,neutral,neutral
36 triệu lượt xem 0,neutral,neutral
cún bảo bối erik,neutral,neutral
mới 5 năm rồi,neutral,neutral
tia cười dễ thương 3,praise,neutral
nhẹ nhàng sịn thực sự,neutral,neutral
anh hát luôn á,neutral,neutral
bài chil 3,neutral,neutral
love forev without boundari mrmr right melodi god cant hold sing even know mean know anh yeu em ble everyon etern long last love beauti song malaysian chines admir song produc nhieu thoi,praise,neutral
phúc ơi,neutral,neutral
anh yêu em anh yêu em thế thôi câu nghe sướng zời ạ,praise,neutral
319 má ơi đam,neutral,neutral
chuẩn nhà hoi,neutral,neutral
1 bài hát thật sự ý nghĩa cảm ơn đức phúc mn,neutral,neutral
1412021 nghe,neutral,neutral
không zing,neutral,neutral
lần đầu xem 1 mv khóc luôn mấy cậu ạ,neutral,neutral
valentine đầu tiên bên em nghe thật hp,neutral,neutral
trường giang nhã phương,neutral,neutral
tui nghĩa vụ 15 hôm rồi nay dùng trộm mới nghe,neutral,neutral
moi nguoi vao xem mot thang trai di,neutral,neutral
quê em,neutral,neutral
sắp 202 nghe không 202 mang mẹ nà0,neutral,neutral
muốn nhà haiz,neutral,neutral
khóc luôn,neutral,neutral
haha cp đam my luôn,neutral,neutral
kim đầu tư bác đen hẳn winx,neutral,neutral
bà tia giọng mạnh dễ sợ đợt trước nghe bài bả nghe sướng tai luôn,criticism,neutral
top trending bài,neutral,neutral
nhạc dành huỳnh rồi,neutral,neutral
anh phúc ơi,neutral,neutral
bài hát đám cưới duy manh qanh,neutral,neutral
nghe bài hát mình thật sự muốn nhà liền gấp nhà luôn nhà cảm ơn bài hát cảm xúc,neutral,neutral
đức phúc chua co nguoi yeu,neutral,neutral
anh đen nhất nha,neutral,neutral
anh yêu em thế thôi,praise,neutral
top 1 top 2 đánh nhau t chỉ để ý top 3,neutral,neutral
mv tuyệt vời xúc động,praise,neutral
cảm ơn chú đen đời nhg bài hát như,neutral,neutral
mv chất đen vâu ơi,neutral,neutral
hát,neutral,neutral
ngày cuối thang 2 are nghe không 1 like nhe,neutral,neutral
humbl upgrad danc efortl neg cortisol level,neutral,neutral
xách ba lô cn dịch dã phải cl muốn gần 30 rồi ăn bán mẹ buồn thất vọng,criticism,neutral
lượt like phúc tuổi lượt dislike kicm,neutral,neutral
cảm ơn anh bài người xa quê lần nghe bài muốn khóc,neutral,neutral
phúc ơi 3 mong phúc thành công hơn sự nghiệp mình nhé,neutral,neutral
sắp quê ăn tết rồi,neutral,neutral
2102202 nghe không nhỉ,neutral,neutral
2052020 nghe không,neutral,neutral
view bài cao thật,neutral,neutral
yêu khúc cuối nhất,praise,neutral
thấy a đen đăng 10tr view rồi nghe luôn không nhỉ,neutral,neutral
1 triệu like rồi chú vâu đỉnh quáa ngày phải nghe bài 23 lần,praise,neutral
đúng mv ý nghĩa,neutral,neutral
bài hát thích,praise,neutral
cortisol botom typa low song peak type high,neutral,neutral
chưa bao h 10 like,neutral,neutral
yeahtop 1 trede rồi,neutral,neutral
nhà cưỡi honda kính hiếu cha cưng chiều má dù xa luôn nhớ nhà ây da thời covid khó khăn nghe bài hát muốn thăm nhà cha mẹ,neutral,neutral
234 khóc đúng khúc không hiểu,neutral,neutral
ạ,neutral,neutral
low cortisol moment,neutral,neutral
mv ý nghĩa chúc anh đức phúc thành công hơn nữa,neutral,neutral
mùng 1 tết nghe chúc tất mọi người dồi dào sức khỏe năm mới phát tài phát lộc nhé,neutral,neutral
cp minh lý hoàng anh khiến mình rơi nước mắt thật sự ngưỡng mộ tình yêu cô chú,praise,neutral
mv,neutral,neutral
nam mô a di đà phật nam mô a di đà phật nam mô a di đà phật nam mô a di đà phật nam mô a di đà phật nam mô a di đà phậtnam mô a di đà phật nam mô a di đà phật nam mô a di đà phật nam mô a di đà phât nam mô a di đà phật,neutral,neutral
bài zingtv không mn ơi,neutral,neutral
sắp tết rồi mong,neutral,neutral
nhạc bắt tai,neutral,neutral
tự dưng 2026 nổi thành low cortisol,neutral,neutral
anh hô,neutral,neutral
h,neutral,neutral
gái ngoan đúng nghĩa mạnh bạo khóc chân yếu tay mềm,criticism,neutral
hơn yêu ư hừ đợi mình người yêu rồi trả lời nhé,praise,neutral
top 1 rồi,neutral,neutral
1 bài hát đong đầy tình cảm tặng đức phúc,neutral,neutral
đưc phuc gioi ghê,criticism,neutral
lời bài hát mv ý nghĩa,neutral,neutral
mong ngừoi yêu lỡ thai xin đừng bỏ rơi mình,praise,neutral
2 chủ tịch lc kìa,neutral,neutral
top 2 rồi,neutral,neutral
nghe ngày đầu tiên nghe chia sẻ ekip phải quay nghe hơn yêu cảm xúc hp thật sự ạ,praise,neutral
ca sĩ bộ râu uy tín nhất,neutral,neutral
vãi,neutral,neutral
crush bồ rồi coi mv xong thấy niềm tin hơn,neutral,neutral
999 view rồi,neutral,neutral
cuối năm như đất nước xa xôi cách nhà hàng nghìn km nhớ bme nhớ nhớ việt nam,neutral,neutral
chính thức nghiện bài rồi nha,praise,neutral
đề thi kì 1 quận hoàng mai hà nội rơi bài nè,neutral,neutral
low cortisol agn tachyon,neutral,neutral
3 tết nhật nữa mới nhà,neutral,neutral
bài nghe sâu sắc,neutral,neutral
cảm động quá ạ,neutral,neutral
bài em nghe trăm lần không chán d,neutral,neutral
bách hợp,neutral,neutral
xem cứ nhớ nhà muốn phát khóc luôn,neutral,neutral
mong tết,neutral,neutral
cảm động anh đức phúc ơi,neutral,neutral
bài nhạc tết thích nhất t,praise,neutral
quận hoàng mai bài,neutral,neutral
low cortisol,neutral,neutral
16 tuổi rồi gần 17 tuổi rồi em mới nghe bài như thế,neutral,neutral
god song first cri hear,neutral,neutral
30 tuổinhưng thích nghe nhạc đức phúc,praise,neutral
talk back back home,neutral,neutral
low cortisol,neutral,neutral
tự hào việt nam ơi,neutral,neutral
thích win x thật cây bô thổi xả mặt người sau mất lịch sự vđ mong honda fix lỗi ống xả,praise,neutral
dạo chị bài hơn hồi xưa rồi cày mệt,neutral,neutral
come low cortisol level song hoke chil song love,praise,neutral
tuyệt vời 2 anh,praise,neutral
gia đình xoài nữa kìa đúng không ạ,neutral,neutral
make cortisol low,neutral,neutral
10m hơn chúng hiện tại rồi,neutral,neutral
mv tình cảm hoàn hảo không bỏ mấy cặp đồng tính vô thú thật tới mấy khúc tụi âu yếm hôn hít nhau rợn hết tóc gáy khiếp,neutral,neutral
wish rap version,neutral,neutral
tiki,neutral,neutral
31202 nghe không gàn tết rồi,neutral,neutral
nhớ nhà,neutral,neutral
thêm 1 bài nua chị,neutral,neutral
bài xứng đáp top 2 hơn chúc mừng đen vâu,neutral,neutral
328 348 đoạn thích nhất,praise,neutral
kéo mv top 1 mọi người ơi,neutral,neutral
chúc anh sức khoẻ tiếp tục thành công sự nghiệp bài hát anh ơi không hợp dân fa như em,neutral,neutral
như mình không lần nghe đường nhà tim thấy nhoi nhói lẽ nhà chỉ đơn giản bên người thân gia đình bên giản đơn gần gũi tuy mình chưa bao giờ phải trải cảm giác xa nhà rồi vỡ òa lần thăm luôn mẹ bên cạnh nhỏ mẹ mất tiếng nhà thân thương mình mất tới lạc lõng ngay nhà,praise,neutral
dù chúng nữa nhà luôn nơi để trở tết chính chúng nhà tết phải để chơi bè tết chính để gần gia đình để quan tâm bố mẹ hơn 2020 2021 chúc mọi người sức khỏe dồi dào chúc mọi người sang năm mới mạnh khỏe gặt hái thành công lớn hapy new year,praise,neutral
tuấn khỉ hot nhất,neutral,neutral
mấy cặp đôi thật hả mọi người,neutral,neutral
tua gia đình cô liên chú tuấn xong mặt bà hoà tạo dáng trái tim lù lù ngang mang hình,neutral,neutral
cám ơn đen bài hát mình thích chất rap đen lạ chất thật phải dành lời khen melody bài nghe yên bình muốn nhà thật cố gắng giờ tết bài nữa đen nhé,praise,neutral
low cortisol,neutral,neutral
beauti song,neutral,neutral
đen vâu,neutral,neutral
3 năm nữa,neutral,neutral
nghe nhớ nhà quák bằng nhà,neutral,neutral
chị tia hát,neutral,neutral
vler chú ạ,neutral,neutral
rap,neutral,neutral
sau nghe xong bài hát không thiết nữa ăn no ngủ kỹ nhất định hơn yêu,praise,neutral
lower cortisol,neutral,neutral
vỡ nợ nhà,neutral,neutral
luôn coi coi không chán,neutral,neutral
hơn yêu valentine triệu triệu cap doi tìm thấy nhau,praise,neutral
game không ae,neutral,neutral
agn taekyon low corisol,neutral,neutral
nổi da gà nèe,neutral,neutral
nhà 18122020,neutral,neutral
càng lớn càng muốn nhà người mình thương để bố mẹ cảm thấy yên lòng hơn mình,praise,neutral
hơn yêu hạnh phúc,praise,neutral
nghiện luôn rồi,neutral,neutral
lần đầu nghe đen vâu hát bài ý nghĩa cảm ơn,neutral,neutral
1 năm rồi không quê lần mọi người nhà mình chỉ cô cô nhà,neutral,neutral
48m 16h18 1932020,neutral,neutral
2anh ý đẹp đôi,praise,neutral
fel cortisol low,neutral,neutral
mv như dislike lạ thật,neutral,neutral
2 triệu like,neutral,neutral
như tui chồng rồi muốn nhà,neutral,neutral
hãy anh đức phúc ơi nghiện luôn rồi giống tui like,praise,neutral
em ơi,neutral,neutral
tui muốn khóc mệt mõi cuộc đời,neutral,neutral
nhà thoi ae ơi,neutral,neutral
low cortisol,neutral,neutral
ah hát,neutral,neutral
from duy mạnh with love,neutral,neutral
mình nghĩ định ghi tên angels agency styling as đúng không ạ mình nghĩ ghi nhầm đúng xin bỏ mình nhé,neutral,neutral
loay hoay tết are chứ nhỉ năm trôi cảm thấy bản thân chưa gìđi nhà,neutral,neutral
xem mv xong rươm rướm nước mắt nhớ quê nhớ nhà mv yên bình anh ơi,neutral,neutral
đức phúc kết hợp khắc hưng hơn nữa,neutral,neutral
nghe bài không nhỉ vừa đón 2024 điểm danh,neutral,neutral
từng lờitừng câu rất va why nghĩa,neutral,neutral
ngta trog chờ ráp việt mới trog chờ a đen mv mới,neutral,neutral
tui nghe tui hát không z,neutral,neutral
á 30 thích khúc wá,praise,neutral
bài hát thật ý nghĩa,neutral,neutral
top 1 nàohay thôi,neutral,neutral
s không tai z không tải,neutral,neutral
308 ủa trai ht hả s v mb,neutral,neutral
h nghe không ạ,neutral,neutral
low cortisolagn tachyon give crazi amount dopamin,neutral,neutral
em cảm ơn anh phúc ạ,neutral,neutral
ánh nắng anh 2 rồi,neutral,neutral
đấy,neutral,neutral
tuy em xa nhà em nhớ bố mẹ em muốn nhà em cảm ơn anh phúc,neutral,neutral
muốn biết đưa em tym lớp em nha nhà yêu thích share không thích share nha mọi người 3 3,praise,neutral
nghe nhẹ nhàng thấm thoát thật sự nỗi lòng luôn,neutral,neutral
xem nge đoạn đầu trog lòg nao nức chỉ mog ngày 29 để nhà đoạn 1 hàg xe máy nước mắt rớt như tui không năm tới 2829 ngồi xe máy yêu đoạn đường thành phố nhà,neutral,neutral
trường giang nhã phương đáng yêu,praise,neutral
nghe mãi không chán,neutral,neutral
chúc mọi người năm mới vui vẻ,praise,neutral
muốn nhà,neutral,neutral
h,neutral,neutral
mình thử cover bài mong xem link ucocsxjwjjl4fp0qdofhka,neutral,neutral
luôn,neutral,neutral
như gia đình cam cam nữa đẹp,praise,neutral
mọi người quan tâm top 1 top 2 chỉ quan tâm top 3,neutral,neutral
thích nhạc đức phúc mv đẹp quámãi yêu,praise,neutral
dừa dừa ấm áp miễn nhà vui nhất,praise,neutral
nhạc lời đáng yêu,praise,neutral
nhạc trời tt,neutral,neutral
cảm ơn,neutral,neutral
3 năm xa nhà nơi xứ nhật,neutral,neutral
thiếu nợ cần nhà không mọi người,criticism,neutral
cực luôn,neutral,neutral
nhà luôn chờ,neutral,neutral
đáng yêu thật sự,praise,neutral
tiktok,neutral,neutral
năm thứ 2 không ăn tết việt nam tết chỉ nghỉ ngày mồng 1 thấy may mắn hơn nơi ngày mồng 1 tết phải vất vả lo toan hẹn bố mẹ hết dịch,neutral,neutral
lời bài hát hayquá cảm xúcnh người nghe xong rớt nước mắt,neutral,neutral
fel aura insid,neutral,neutral
thời gian trôi nhanh thật năm ngoái học c3 giờ chỉ hoài niệm 1 thời học sinh,praise,neutral
khóc thiệt luôn,neutral,neutral
trường t hẳn bài đề thi luôn đhs,neutral,neutral
7 tháng sau xem mv bỗng dưng đề xuất youtube mình bấm nghe cảm giác ngóng chờ ngày tết ập phải share mọi người nghe thôi,neutral,neutral
đáng yêu quáa,praise,neutral
haz sắp tết are,neutral,neutral
xứng đáng top 1,neutral,neutral
nghe 331 xong khóc kh 1 like nhé,neutral,neutral
hình như mv tường nguyễn dancer nhảy bài nước mắt em lau bằng tình yêu mới phải,praise,neutral
bro actuali chang name song,neutral,neutral
mv ý nghĩa,neutral,neutral
mv tuyệt,praise,neutral
đường nhà tim dẫu nắng mưa gần xa thất bát vang danh nhà luôn chờ đường nhà tim dẫu muôn trùng vật đổi dời nhà luôn nhà về nhà ya lao đời và kiếm cơm lao đời tìm cơ hội những thành thị thường lấp lánh còn đêm thành thị thường trơ trọi như mọi đứa trẻ khác lớn muốn xa hoài xa hoài nhà yên đợi đứa ngoài bước ngoài mới biết không bằng nhà nhà biết để mất trước sẵn sàng mở quà mở quà không phải võ sĩ phải giỏi đấu đá kiệt sức chỉ gắng giữ mình không xấu xa đôi bỗng thấy đồng cảm mai an tiêm bước chân sóng gió chỉ nhà mãi an yên ngoài phức tạp như rễ má dây mơ dây mơ nhà để phép mình ngây thơ mang bao náo nức xe trọn niềm thao thức xuân níu đêm ngày dòng người phố mang sắc mai hương đào tìm nơi ấm êm đường nhà tim dẫu nắng mưa gần xa thất bát vang danh nhà luôn chờ đường nhà tim dẫu muôn trùng dẫu muôn trùng vật đổi dời vật đổi dời nhà luôn nhà ngôi nhà góc vườn chó gà đám nói khó chiều thích gió trời hơn gió hoà ah ăn cơm mẹ nấu mặc áo mẹ may đưa ba chợ mua cây đào cây mai bày năm trời rã rời như máy oh nhà thấy áp lực nhẹ như bấc thổi bay thổi cái là bay ấm êm hơn bếp lửa ngọt bùi hơn lúa non nhà luôn mong chờ đứa dẫu mưa nắng không bao giờ nề hà hạnh phúc chỉ đơn giản nhà oh hạnh phúc nhà cô đơn nhà thành công nhà thất bại nhà mệt nhà mông lung nhà chênh vênh nhà không nhà không nhà nhà nhà đường nhà tim dẫu nắng mưa gần xa thất bát vang danh nhà luôn chờ đường nhà tim dẫu muôn trùng vật đổi dời nhà luôn nhà nhà thể lớn thể nhỏ thể không khang trang cha mẹ muốn sống đàng hoàng lớn người mong tương lai sáng lạng cặm cụi đời không bao giờ thấy than vãn đường nhà tim dẫu nắng mưa gần xa thất bát vang danh nhà luôn chờ đường nhà tim dẫu muôn trùng vật đổi dời nhà luôn nhà,praise,neutral
god song im thai peopl live vietnam wil suport song ve nha tet nhe,neutral,neutral
chú ơi chúng đề học kì lớp 9 bếp lửa rồi chú ơi,neutral,neutral
7k dislike éo hiểu kiểu,neutral,neutral
để ý anh sơn anh anh không đáng yêu hết sức bài hát cực cực luôn,neutral,neutral
discov vietnames music im love,praise,neutral
way ade low cortisol song video titl,neutral,neutral
chắc mình không tình yêu gọi hơn yêu ngoài gia đình chắc không tình yêu nam nữ như mv,praise,neutral
take me back back home đường chẳng xa,neutral,neutral
mới chạm yêu chạm hơn yêu,praise,neutral
xuất sắc,neutral,neutral
thấy kính nhớ tới erik haha,neutral,neutral
hai,neutral,neutral
nghiện bài,praise,neutral
mọi người mình hỏi mình không thể tìm thấy bài hát zing mp3 ạ,neutral,neutral
thích anh vâu mv 3,praise,neutral
a đen win thật đẹp,praise,neutral
thời gian trôi nhanh mới 1 năm rồi,praise,neutral
nhớ bố mẹ,neutral,neutral
gần 10m rồi ae cố,neutral,neutral
bày nghe,neutral,neutral
sắp tết rồi mong sớm đẩy lùi dịch bệnh để đón tết đầy đủ,neutral,neutral
dự đoán 2028 1000 views,neutral,neutral
không cặp đôi công vinh thuỷ tiên thiếu xót nha,neutral,neutral
1902 top 1 trending yêu tất,praise,neutral
giọng justate nghe cảm động gần chết xong ông đen cất lời rap phát nổi hết da gà khóc trời đất,neutral,neutral
thành công nhà lí 3 khỏi nhà,neutral,neutral
cao hơn núi dài hơn sông rộng hơn đất xanh hơn trời bài hát mình thích nhất tất bài hát đp,praise,neutral
muốn nhà áp lực mệt mỏi mọi sự cố gắng thay đổi mình người chẳng công nhận thấy,neutral,neutral
ti jf uêi không chỏ gái trai mag hiowsi timhs thứ ba nữa đức phúc tâm lý ghê,neutral,neutral
bài ý nghĩa như đứa dislike ác,criticism,neutral
hết hồn tưởng đ ngồi xe hiền tui lo lắng,neutral,neutral
low cortisol,neutral,neutral
nghe để chờ tết 2024 không,neutral,neutral
đức phúc cu đơn,neutral,neutral
chú ơi,neutral,neutral
ye low cortisol armi,neutral,neutral
sắp triệu sub rồi bà ơi 20m hôm nay nha,neutral,neutral
tết rồi năm nữa trôi nghe bài cảm nhận câu,neutral,neutral
anh ơi,neutral,neutral
tết rồi nhất định phải nhà year,neutral,neutral
10n dislike chắc gu âm nhạc tụi chát,neutral,neutral
tuyệt yêu,praise,neutral
quá chưa có cái mv nào coi xong mà khóc như mv này,neutral,neutral
cưới chắc chắn em bảo bộ phận âm nhạc bật bài,neutral,neutral
ấm áp anh đen ah,neutral,neutral
không phải võ sĩ phải giỏi ấu đá,neutral,neutral
ring không mình mới nghe bên rồi nè phúc ơi chúc mv em thành công rực rỡ,neutral,neutral
nghe thấy tết oy,neutral,neutral
em nghe ạ,neutral,neutral
lần đầ rơi nước mắt bài hát,neutral,neutral
nhìn đức phúc mv xấu,criticism,neutral
chang speed 115,neutral,neutral
phải nói xúc động cặp vợ tật nguyền,neutral,neutral
nhớ tết,neutral,neutral
ý nghiaz,neutral,neutral
yeu anh ilopyou,neutral,neutral
tết 2026 sắp tới em chúc mọi người năm mới an lành xum vầy gia đình,neutral,neutral
hơn yêu,praise,neutral
dịch bệnh quay rồi nhà thôi mọi người tết gần rồi,neutral,neutral
im listen im low cortisol,neutral,neutral
cô đơn đà lạt thành công đà lạt thất bại đà lạt mệt quá đà lạt mông lung đà lạt chênh vênh đà lạt không có việc gì vậy thì đà lạt đà lạt đà lạt,neutral,neutral
nghe nghe thấy tự dưng thấy chị iu tv hát sương sương nghe ful thích 3,praise,neutral
luôn í nghe ngày đêm kb chán,criticism,neutral
thất bại nhà mẹ đánh,neutral,neutral
tuyệt vời,praise,neutral
nghe bài nôn tết,neutral,neutral
nghe bài nôn tết mong hết dịch 13102021 xem,neutral,neutral
xem đoạn cuối muốn rớt nước mắt,neutral,neutral
mẹ khóc luôn hu hu hu,neutral,neutral
cứ gần tới tết mình mở bài nghe suốt luôn thật sự nhớ nhà gia đình mình,neutral,neutral
4 năm xa nhà,neutral,neutral
1422020 mong đỗ đh công nghệ ny,neutral,neutral
beat anh hiếu êi,neutral,neutral
mùng 5 rồi nghe bài khum,neutral,neutral
thật sự anh thiếu đột phá cách chọn bài,criticism,neutral
mv cảm động lời bài hát ý nghĩa nói chung 1 sản phẩm tuyệt vời chúc a thêm sản phẩm ý nghĩa như,praise,neutral
cày nèo,neutral,neutral
nghe bài cảm thấy nhớ mẹ nhà mẹ mẹ mãi không nữa,neutral,neutral
hai anh chị chạy ôm nhau aw tui gớt nước mắt ák mn,neutral,neutral
zing mp3 chưa ạ,neutral,neutral
quê đẹp,praise,neutral
anh đen ơi thời gian mashup anh,neutral,neutral
anh lính 2 năm sừng cao hơn núi dài hơn sông,neutral,neutral
chỉ 1 lần gập chú duy nhất luôn nghe bài ghiền luôn ạ,praise,neutral
cortisol low hear song,neutral,neutral
chú vâu,neutral,neutral
tết năm nay mở bài hợp lý,neutral,neutral
one best song understand mi home even son 15 year old love song muon di ve nha nhung không biet khi nao di ve nha được,praise,neutral
rap bơ số 1 việt nam đen vâu,neutral,neutral
mình biết 3 cặp số tan vỡ tiếc dùm,neutral,neutral
chuẩn tròn 10tr view rồi nhớ tết nhớ nhà nhớ mọi người quê mong tết ăn cơm ba mẹ,neutral,neutral
ngươi cứ nói việt nam không nhạc meme trending thế giới,neutral,neutral
không hiểu tuột top 1 luôn á tức,neutral,neutral
low cortisol trend tim em đau are chân em mỏi are đông are em 1 mik thế thôi trend bắt đầu khoảng đêm nay thật dài em mệt nhoài sương rơi đêm lạnh đầy đưa em đêm nay take me back back home đường chẳng xa đưa em ba ngã năm năm ngã ba nhà take me back back home đường chẳng xa đêm khuya are không đưa em nhà,neutral,neutral
low control,neutral,neutral
cầu nguyện tất anh em việt nam vượt đại dịch covid19 đọc tin nhắn hy vọng mọi tốt đẹp nhất gia đình,praise,neutral
bài hát cảm động,neutral,neutral
nhớ nhà rồi,neutral,neutral
yêu cơ,praise,neutral
mình,neutral,neutral
al cuz trend,neutral,neutral
anh phúc triệu like nha mn,neutral,neutral
2 chị em giang phúc thay nhau giữ top 1 luôn í giờ hòa erik mv nữa bộ 4 comeback tuyệt vời,praise,neutral
nhớ gđ,neutral,neutral
tưởng giỡn ngờ đổi thiệt,neutral,neutral
người tết mắc kẹt nước ngoài nghe bài đen thấy chạnh lòng ghêsắp thêm tết xa nhà,neutral,neutral
công nhận diễn viên diễn sâu thật bt phim diễn như oồi,neutral,neutral
t like watch mona lisa get paint,praise,neutral
cảm ơn a phúc tác phẩm âm nhạc tuyệt vời thế,praise,neutral
nhạc roblox are,neutral,neutral
home al one,neutral,neutral
honda winer hân hạnh tài trợ,neutral,neutral
ơ kìanghe rơm rớm nc mắt,neutral,neutral
quang tri,neutral,neutral
lower cortisol twin come agartha,neutral,neutral
đỉnh phúc ơi,praise,neutral
low cortisol,neutral,neutral
mv tình cảm tiếc cuối mv đức phúc đứng 1 mình đạo diễn bé đứng giữ fan mình 1 buổi họp fan chẳng hạn hơn yêu đối đức phúc tiếc 1 mv đáng xem đáng nghe tình yêu,praise,neutral
chưa bao h thấy mv ý nghĩa như,neutral,neutral
ngày 2682020 mv tròn 7 triệu lượt xem,neutral,neutral
la fan mtp sang nghe nhạc đen gâu không nhỉ,neutral,neutral
mất thôi rạo rực,neutral,neutral
cố đức phúc,neutral,neutral
xem nổi da gà rồi rưng rưng như mình không,neutral,neutral
bài hát việt ý nghĩa nhất,neutral,neutral
cảm ơn đức phúc mang 1 mv vô ý nghĩa mình thêm niền tin tình yêu tình yêu cuộc đời thật đẹp,praise,neutral
nghe chuẩn đón 202 rồi,neutral,neutral
justate hát nghe hoài không chán nghe sởn da gà rap việt nói thả hổ rừng không thấy hổ chỉ thấy taofn chim hót chim ca,neutral,neutral
đen vâu đẹp trai hát nữa,praise,neutral
112023 chúc mn may mắn,neutral,neutral
ạ,neutral,neutral
đám cưới công chúa béo hoàng tử sân cỏ đưa tui tới bài hát ý nghĩa ák đức phúc hát mấy bài hạnh phúc ghia,criticism,neutral
hi vọng tết năm nay dịch bệnh thế giới ca nhiễmcho mn ăn tết gia đình mìnhlove family,neutral,neutral
gạt bỏ mọi buồn phiền cuộc sống nhà mọi người ơi nơi 3 mẹ đợi mình trở,criticism,neutral
nghe nghe xúc động như lần đầu nghe tết năm nay không chở mẹ chợ tết như mọi năm chở ba mua mai mua cúc 2 năm rồi thấm thía cảnh dâu xa,neutral,neutral
ny ms phuc 1 mk,neutral,neutral
thuộc luôn rồi,neutral,neutral
e đưa ahihi,neutral,neutral
thằng xem chùa vãi,neutral,neutral
top 1 thịnh hành tim,neutral,neutral
fake low cortisol true low cortisol,criticism,neutral
zingmp3 ạ,neutral,neutral
2h43p ngày 30122021 tại trọ sg,neutral,neutral
video quay quận 7 pmh đúng không bên khu mỹ khánh,neutral,neutral
comet mình 50 liek nhé mình sống thật giới tính mình để yêu hơn yêu,praise,neutral
si mê 2 ông đam,praise,neutral
top 1,neutral,neutral
chiều 30 tết rồi xem không,neutral,neutral
20 tết 2025,neutral,neutral
sắp tròn 1 năm are nhanh,praise,neutral
bình yên cảm ơn anh,neutral,neutral
nợ môn nhà không,neutral,neutral
giản dị chạm tới trái tim tất mọi người chúc mừng đức phúc,neutral,neutral
anh hát em thuộc luôn,neutral,neutral
cảm giác vừa lái xe vừa nghe bài đường quê cực kỳ tuyệt vời như thế không d,praise,neutral
đúng gồi nè song ca phải 1 người hú 1 người hát hát 1 ngôn ngữ chứ bữa nghe song ca cứ hai ca sĩ hát bằng ngôn ngữ mình nói thật nghe mệt như cãi nhau í,neutral,neutral
em hỏi phải cảnh đà lạt không ạ,neutral,neutral
nhà bình yên nhất,neutral,neutral
bao nhiêu dừng để đọc hết lá thư nhỉ,neutral,neutral
phải học 10 like,neutral,neutral
suất sắc anh ơi,neutral,neutral
cứ như a đen âm thầm chất không sky đóm cày view đỉnh chất âm nhạc ngta thích nghe,praise,neutral
t,neutral,neutral
cảm ơn anh nhờ mv em trúng tủ,neutral,neutral
mv thật ý nghĩa nhạc lời ý nghĩa vừa nghe vừa nghỉ khoảng khắc bên vk mjk cảm ơn đức phúc 1 sản phẩm ý nghĩa tình yêu,praise,neutral
zing ạ,neutral,neutral
mới nghe triệu likes hé,neutral,neutral
3012 không khí tết chuẩn trở mới nhanh,neutral,neutral
top1 trend yeah,neutral,neutral
mong mau hết dịch để nhà thăm cha thăm mẹ 892021,neutral,neutral
hôm nay 20m không,neutral,neutral
chắc 1 mình mình không muốn nhà,neutral,neutral
h coi khum,neutral,neutral
kỉ niệm ngày 1tr like,neutral,neutral
thiếu trấn thành hariwon are,criticism,neutral
tiktok nghe nghiện,praise,neutral
chốn nợ nhà,neutral,neutral
đường nhà tim dẫu nắng mưa gần xa thất bát vang danh nhà luôn chờ đường nhà tim dẫu muôn trùng vật đổi dời nhà luôn nhà về nhà ya lao đời và kiếm cơm lao đời tìm cơ hội những thành thị thường lấp lánh còn đêm thành thị thường trơ trọi như mọi đứa trẻ khác lớn muốn xa hoài xa hoài nhà yên đợi đứa ngoài bước ngoài mới biết không bằng nhà nhà biết để mất trước sẵn sàng mở quà mở quà không phải võ sĩ phải giỏi đấu đá kiệt sức chỉ gắng giữ mình không xấu xa đôi bỗng thấy đồng cảm mai an tiêm bước chân sóng gió chỉ nhà mãi an yên ngoài phức tạp như rễ má dây mơ dây mơ nhà để phép mình ngây thơ mang bao náo nức xe trọn niềm thao thức xuân níu đêm ngày dòng người phố mang sắc mai hương đào tìm nơi ấm êm đường nhà tim dẫu nắng mưa gần xa thất bát vang danh nhà luôn chờ đường nhà tim dẫu muôn trùng dẫu muôn trùng vật đổi dời vật đổi dời nhà luôn nhà ngôi nhà góc vườn chó gà đám nói khó chiều thích gió trời hơn gió hoà ah ăn cơm mẹ nấu mặc áo mẹ may đưa ba chợ mua cây đào cây mai bày năm trời rã rời như máy oh nhà thấy áp lực nhẹ như bấc thổi bay thổi cái là bay ấm êm hơn bếp lửa ngọt bùi hơn lúa non nhà luôn mong chờ đứa dẫu mưa nắng không bao giờ nề hà hạnh phúc chỉ đơn giản nhà oh hạnh phúc nhà cô đơn nhà thành công nhà thất bại nhà mệt nhà mông lung nhà chênh vênh nhà không nhà không nhà nhà nhà đường nhà tim dẫu nắng mưa gần xa thất bát vang danh nhà luôn chờ đường nhà tim dẫu muôn trùng vật đổi dời nhà luôn nhà nhà thể lớn thể nhỏ thể không khang trang cha mẹ muốn sống đàng hoàng lớn người mong tương lai sáng lạng cặm cụi đời không bao giờ thấy than vãn đường nhà tim dẫu nắng mưa gần xa thất bát vang danh nhà luôn chờ đường nhà tim dẫu muôn trùng vật đổi dời nhà luôn nhà,praise,neutral
nghe xuân sang thấy lòng ứa gan,neutral,neutral
anh ạ,neutral,neutral
sắp hết năm nữa rồi mọi người ơi chỉ 85 ngày nữa tết nguyên đán rồi hy vọng dịch bệnh sớm để người dân tết vui vẻ,praise,neutral
tâm đắc nhất câu cha mẹ muốn sống đoàng hoàng,neutral,neutral
0521 em hỏi tên 2 anh nhìn quen quen em quên rồi hic,neutral,neutral
hôm tàu bật nhạc nghe hợp tâm trạng ghê,criticism,neutral
kính dior 10tr,neutral,neutral
xem đều nje,neutral,neutral
tình thương luôn thầm lặng không nghĩa không rộng lớn,praise,neutral
mv tuyệt vời mở đầu mv 1 màn múa 1 couple thật xuất sắc cô chú lớn tuổi cảnh chú chải đầu cô đầu mv mình thực sự hạnh phúc chỉ mog rằg cuối đời mình cũg như sau cảnh chú gắp đồ ăn nhìn cô cười tươi lòng mình bỗng nhiên lặg hẳn 2 anh chị bơi màn cầu hôn trog hồ bơi mình xúc độg bất chấp cô như thế nhìn cô nghẹn ngào rớm nước mắt mình cũg 1 lần nữa cảnh cô giả vờ rớt khuyên tai để chồg thấy que thử thai ôm chầm lấy cô mình mừg thay 2 anh chị thực sự khâm phục tình yêu 2 anh chị kết thúc màn xuất hiện gia đình 4 thành viên thật ý nghĩa couple yêu xa mở đầu hầu như chúg đều tưởng nhầm 2 người gần nhau vài giây sau nhữg tin nhắn chắc anh không tin nhắn em hiểu lẽ couple hầu hết tất chúg cảm giác mặc dù yêu xa khó người ơi nhưg chỉ cần tin tưởng nhau đủ sự bao dug tin tưởng khôg thể thiếu nhữg yêu xa phải chờ đợi couple gay chắc lẽ mình cũg ng trog giới mình thật sự ấn tượg nhất couple gặp mặt đầu tiên 2 cuối đầu chào nhau 2 cùg nhau hòa quyện trog cùg 1 bài nhảy đoạn 2 hát 2 câu nhảy mình thực sự thấy thụ nét chân thực nụ cười mình cảm giác yên bình mãn nguyện chỉ như đủ 2 1 lần nữa tất mọi người gia đình bộ 3 dâm bụt ha lhg cô chú anh chị đều góp phần mv trở cô đọng đầy cảm xúc cảm ơn tất mọi người chúc mừng đức phúc mag 1 bài hát tuyệt vời nữa mọi người cảm ơn,praise,neutral
chúc mừng em nhé tab 1 are,neutral,neutral
gần tết đăng bài,neutral,neutral
để anh đưa nhi ăn nha,neutral,neutral
bài nài mang tik tok,neutral,neutral
oh my god đam kiàa mọi ng,neutral,neutral
you mê bài rồi huhu,praise,neutral
mùi đam kìa,neutral,neutral
mệt khoan hả đau họng khoan hả ho khan khoan hả đợi hết bệnh rồi,neutral,neutral
biết cảnh quay không nhỉ,neutral,neutral
nhật bản 024 1612202 ngày cuối năm thật bận rộn mình cuốn guồng quay công bên mình sợ hãi nghĩ nhà gđ mình không tay mình thấy xấu hổ trở nhà cô đơn mệt mỏi chênh vênh mình tuổi 23 thật sự đơn độc cứ mải chạy tiền tài danh vọng mình quên bản thân nơi để dựa để trở mình nghĩ bố mẹ trách mình mình trở nhà hai bàn tay trắng nghe bài hát đen mình khóc nấc như đứa trẻ mình nhận bố mẹ luôn mong chờ mình chở xã hội ngoài khiến cô gái yếu đuối như mình trở gai góc không mình nhà nhà để phép mình ngây thơ,criticism,neutral
em nghĩ đức phúc bài hát đời học sinh bằng beat ạ,neutral,neutral
roi,neutral,neutral
261202 3 ngày nữa em nhà năm nay vốn dĩ dự định không ăn tết sau tết mới cuối bok vé 27 tết để đón tết gia đình năm năm ngoái bài hát hai anh đồng hành em chuyến bay tsn năm nay bật,neutral,neutral
đưa nhau trốn linh cáo nhà justate,neutral,neutral
êm,neutral,neutral
ủng hộ jack đừng quên phúc mình nhe,neutral,neutral
sky lol gi đông vl,neutral,neutral
đúng anh ơi mai valentine luôn rồi,neutral,neutral
song reali touch heart place come back motiv move forward,neutral,neutral
thêm 1 đoạn phát triển sau điệp khúc lần 2 chắc phê hơn nữa như vầy bá cháy luôn rồi,praise,neutral
chú đen ơi nghe chục lần rồi nghe gần thuộc rồi thích nhất câu hạnh phúc nhà cô đơn nhà thành công nhà thất bại nhà mệt nhà mông lung nhà chênh vênh nhà không nhà bin 7 tuổi ạ,praise,neutral
nghe bài đp xong thấy yêu ck yêu gđ yêu đời hơn,praise,neutral
nghe nổi da gà xem vdeo mún tết cảm giác lưng lưng,neutral,neutral
biết hết tất người phúc biết phúc chịu lời nói chê bai bề ngoại hình em fan anh,neutral,neutral
1 triệu like,neutral,neutral
đổi tên thành low cortisol luôn are,neutral,neutral
like nhạc cực kì,neutral,neutral
nhanh thật 2 năm rồi vật đổi dời nhà luôn nhà,praise,neutral
lịch học bù cao hơn núi dài hơn sông rộng hơn đất xanh hơn trời,neutral,neutral
cảm giác nghe bài hát nhớ tết cảm xúc ùa,neutral,neutral
vãi chưỡng đổi tên thành low cortisol thiệt luôn hả,neutral,neutral
đề thi trường luôn rồi anh đen ơi,neutral,neutral
top 1,neutral,neutral
hôm nay sinh nhật bài chúc mừng sinh nhật,neutral,neutral
đoạn tiếng anh,neutral,neutral
yeah top 3 cố gắng top 1,neutral,neutral
cá nhân lần đầu nghe thấy giọng cô lạ rồi cô ạ thích giọng cô hihi chú rap a cô chú song kiếm hợp bích ạ chúc sp cô thành công sản phẩm mới tốt tốt tốt hơn nữa ạ,praise,neutral
sắp tết rồi,neutral,neutral
lol acknowledg meme,neutral,neutral
love you den vau không,neutral,neutral
thật sự,neutral,neutral
317 đam mỹ xuất hiện,neutral,neutral
722021 26122020 âl 26 tết ngồi nghe không dịch mong giờ tuần sau 10 like,neutral,neutral
im tiktok,neutral,neutral
sản phẩm âm nhạc cuối năm nhà nhất chúc nhà năm mới tràn đầy ý nghĩa cuộc sống,neutral,neutral
hãy tự nhận xét sừng mình tao be like 112,neutral,neutral
nội dung mv tình yêu thật dung dị lời bài hát tuyệt vời cảm thấy yêu đời lạ,praise,neutral
listen song ai đưa em về vietnames countri,neutral,neutral
biết đp the voice mv mới đk,neutral,neutral
xứng đáng top 1 trend,neutral,neutral
thiss great song,praise,neutral
sun sun top 1 lai p,neutral,neutral
luôn ủng hộ e phúc hihi,neutral,neutral
nhẹ nhàng ấm áp xúc động,neutral,neutral
rare trend tiktok sound banger ful song,praise,neutral
xem xong mv khóc,neutral,neutral
453 gương mặt tấu hài,neutral,neutral
sky ủng hộ,neutral,neutral
đưa em 3 ngã 5 5 ngã 3 nhà,neutral,neutral
không thấy trấn thành hari nhỉ,neutral,neutral
cung bậc cao hơn tình yêu chính tình thương tình yêu nghiêng phía hưởng thụ tình thương nghiêng phía trách nhiệm trích bài viết tình yêu nằm tác phẩm hiểu trái tim thiền sư thích minh niệm,praise,neutral
chỉ anh đôi khó nói lời,neutral,neutral
năm mới2010 năm cũ209,neutral,neutral
tachyon dấu yêu,praise,neutral
nghe không ạ,neutral,neutral
buổi trưa tăng hơn trăm nghìn v i e w,neutral,neutral
chỉ chết mới mạnh hơn yêu học sinh sắp học trở rồi tranh thủ cày thui,praise,neutral
mình xa nhà 3 năm bố đưa không bố nữa mình chỉ nhìn cầu mong gia đình bình an nghe bài anh đen thật không kìm nước mắt,neutral,neutral
xem,neutral,neutral
bài hát siêu ý nghĩa đức phúc gia đình mình ngại nói lời yêu thương tất tình why đều thể hiện bằng hđ chỉ a đôi khó nói lời tình why a luôn thầm lặng không nghĩa không rộng lớn nghe mấy đoạn thấy ấp áp luôn,praise,neutral
come instagram t fire,praise,neutral
tết xa quê biết kiếm nơi nẻo đường đất khách muôn trùng nhỏ hẹp quê nhà 1 góc nhớ mênh mang japan 2412021,neutral,neutral
bây giờ mới biết bài hôm nay mình dành 3 tiếng để nghe liên tục ghiền,praise,neutral
truc mừng người 3 tr sub,neutral,neutral
mới,neutral,neutral
low cartisol,neutral,neutral
valentine mặc dù chưa ny bài hát mv đức phúc thật sự mình cảm thấy ấm áp xóa hết cảm giác cô đơn valentine cảm ơn đức phúc bài hát mv ý nghĩa,neutral,neutral
mọi người hãy bật tốc độ x2 để trải nghiệm tốt nhất,praise,neutral
hơn yêu v,praise,neutral
trend đầu năm nay,neutral,neutral
xoài fam kìa,neutral,neutral
thiếu cặp đôi xìn ri,criticism,neutral
mong cậu cảm nhận tình cảm mình dành cậu,neutral,neutral
nghe cuốn luôn,neutral,neutral
xin chao,neutral,neutral
bro actuali chang name titl,neutral,neutral
19 điểm danh,neutral,neutral
thank nede lower cortisol,neutral,neutral
chúc mọi người ngày valentine hạnh phúc bên người mình thương nhé 3,praise,neutral
èo nhìn bọn gay rợn người vai,neutral,neutral
mv cưng đơn giản đầy ý nghĩa chúc mừng đức phúc thêm 1 thành công nữa nha không để icon sợ tuột thành phố,neutral,neutral
gng arti chang name,neutral,neutral
1 sản phẩm tràn ngập tình yêu,praise,neutral
cảm thấy lâng lâng cảm thấy buâng khuẩn nhớ tết đón giao thừa bên khay bánh mức,neutral,neutral
tuyệt vời,praise,neutral
xem ngày như toi không xem để lấy động lực niềm tin cuộc sônhs,neutral,neutral
2020 đam mỹ ngôi hèn phụ nữ chúng ế phải,neutral,neutral
quê e lâm đồng lấy ck xa nghe bài hát như viết mình,neutral,neutral
hơn lag,neutral,neutral
25 mùa valentine nửa t nhỉ tìm bới móc t muốn như mn,neutral,neutral
t rap hơn,neutral,neutral
ngu are mấy bố cứ bắn tiếng anh để khen s t hiểu,criticism,neutral
lao đời tìm chén cơm lao đời tìm cơ hội,neutral,neutral
thế vài thằng hết tiền làbán nhà,neutral,neutral
nhanh nghe học sinh lớp 1 giờ học xog đại học are cảm giác kỉ niệm nghe bài hát nguyên,praise,neutral
nghe không ạ,neutral,neutral
nhé,neutral,neutral
cảm ơn chú đen mang sản phẩm ý nghĩa bài nhạc chú thích,praise,neutral
mv ý nghĩa 3,neutral,neutral
tiki love,praise,neutral
năm nay tết thật tuyệt vời gđ chơi bên nội ngoại nữa nha,praise,neutral
10 triệu like,neutral,neutral
xem xong muốn rớt nước mắt luôn,neutral,neutral
đường nhà tim dẫu nắng mưa gần xa thất bát vang danh nhà luôn chờ đường nhà tim dẫu muôn trùng vật đổi dời nhà luôn nhà lao vào đời mà kiếm cơm lao vào đời tìm cơ hội những thành thị thường lấp lánh còn đêm thành thị thường trơ trọi như mọi đứa trẻ khác lớn lên muốn xa hoài nhà thì vẫn ở yên đó đợi những đứa ngoài bước ngoài mới biết không ở đâu bằng ở nhà biết có gì để mất trước sẵn sàng mở quà không phải là võ sĩ nhưng mà phải giỏi đấu đá nhiều kiệt sức chỉ vì gắng giữ mình không xấu xa đôi lúc bỗng thấy đồng cảm với mai an tiêm bước chân là sóng gió chỉ có nhà mãi an yên ngoài phức tạp như rễ má và dây mơ về nhà để có lúc phép mình được ngây thơ mang bao nao nức xe trọn niềm thao thức suốt đêm ngày dòng người phố mang sắc mai hương đào tìm nơi ấm êm đường nhà tim dẫu nắng mưa gần xa thất bát vang danh nhà luôn chờ đường nhà tim dẫu muôn trùng vật đổi dời nhà luôn nhà về ngôi nhà có góc vườn nhiều chó nhiều gà đám bạn nói khó chiều và lại thích gió trời hơn gió điều hoà về ăn cơm mẹ nấu về mặc áo mẹ may về đưa ba chợ mua cây đào cây mai về bày cả năm trời làm việc nhiều rã rời như cái máy về nhà thấy áp lực nhẹ như bấc thổi cái là bay ấm êm hơn bếp lửa ngọt bùi hơn lúa non nhà vẫn luôn ở đó mong chờ những đứa dẫu mưa nắng không bao giờ nề hà hạnh phúc chỉ đơn giản là còn được về nhà hạnh phúc về nhà cô đơn về nhà thành công về nhà thất bại về nhà mệt quá về nhà mông lung về nhà chênh vênh về nhà không có việc gì vậy thì về nhà không nhà nhà nhà đường nhà tim dẫu nắng mưa gần xa thất bát vang danh nhà luôn chờ đường nhà tim dẫu muôn trùng vật đổi dời nhà luôn nhà nhà thể lớn thể nhỏ thể không khang trang cha mẹ muốn sống đàng hoàng lớn người mong tương lai xán lạn cặm cụi đời không bao giờ thấy than van đường nhà tim dẫu nắng mưa gần xa thất bát vang danh nhà luôn chờ đường nhà tim dẫu muôn trùng vật đổi dời nhà luôn nhà,praise,neutral
nghe bài cảm thấy tết sắp háo hức,neutral,neutral
thôi sinh viên ơi hóng rồi,neutral,neutral
bài nghe,neutral,neutral
crush ny bn hãy tad tên ng bn iu nhất zô nhé,neutral,neutral
cortisol reduc lot,neutral,neutral
nhà êi,neutral,neutral
bài hát mà tui thấy làm về nhà nhất luôn ớ,neutral,neutral
mv cần drama mới trending top 1 đúng không chỉ cần hạnh phúc ấm áp như thế đủ tình yêu to lớn ngưỡng mộ gửi anh phúc,praise,neutral
chưa 1 ngày nữa hơn 3tr,neutral,neutral
anh bảy nghe bài hát anh đen,neutral,neutral
bài ghê,criticism,neutral
cuối năm quân rồi cố 10 tháng nữa thôi ăn cơm mẹ nấu rồi,neutral,neutral
felt cortisol lower,neutral,neutral
nhà luôn nhà,neutral,neutral
listen make low cortisol,neutral,neutral
justate giọng nghe thấy nghiện khiếp 3,neutral,neutral
thích mv,praise,neutral
anh ơi,neutral,neutral
se tinh,neutral,neutral
lâu lâu nè chị,neutral,neutral
xem yêu nước vô hạn luôn trời,praise,neutral
vietnames ben listen song continu covid19 pandem viral social platform make search memori go back,neutral,neutral
cưới vợ đầu năm 2017 thêm 2 tình yêu nhỏ chưa bao giờ hết yêu vợ cứ ngồi nhìn vợ thẫn thờ nhìn bả toàn bả mắng thôi cảm ơn vợ luôn bên anh dù cuộc sống khó khăncảm ơn em tất cảm ơn em cảm ơn bài hát đức phúc,praise,neutral
miền nam mấy đứa nghệ sĩ người tốt không phát triển chậm hơn ngta thôi,praise,neutral
nge nge tuyệt vời cảm giác xa quê hương,praise,neutral
81k like rồi kìa kinh khủng,neutral,neutral
xem xong clip chỉ muốn phóng ngay bố mẹ,neutral,neutral
low cortisol song,neutral,neutral
nhạc đen vâu giản dị đầy ý nghĩachúc em sức khoẻ để viết ca khúc,neutral,neutral
love whe old song get note,praise,neutral
nghe chung không nè xem like nè,neutral,neutral
hết tiền nhà,neutral,neutral
bài top 1 hợp lí nhất,neutral,neutral
giờ chỉ mong st chú đen top12 trending youtube 3,neutral,neutral
không gia đình cam cam nhờ,neutral,neutral
nhân văn,neutral,neutral
vũ thị khánh huyền đưa,neutral,neutral
bài ý nghĩa đối chúc đen thành công bài hơn nữa,neutral,neutral
lai cbị thêm tết nữa rồi haiz nháp thêm 1 năm nữa rồi,neutral,neutral
chuẩn thôi mọi người chuẩn nhà thôi,neutral,neutral
huhu mv thực sự,neutral,neutral
chú vể quê mình rồi chú,neutral,neutral
nghe yêu đời hẩng,praise,neutral
bài hát ý nghĩa rồi đại dịch vừa rồi đối người xa xứ nghe bài càng cảm thấy ý nghĩa hơn,neutral,neutral
thương a,praise,neutral
hơn yêu yu,praise,neutral
coi xúc động hic,neutral,neutral
bảo vệ không dô nhà,neutral,neutral
sắp tết 2024 rồi nghe bài anh nôn nhà,neutral,neutral
bếp lửa ngữ văn trúng không ôn rồi,neutral,neutral
tết không,neutral,neutral
chuẩn nhà thôi bạnchúc mọi người năm mới vui vẻ ăn tết hạnh phúc bên gia đình,praise,neutral
sáng mình mở bài để gọi dậy dù ngái ngủ cu cậu hát mấy câu đường nhà tim bla bala,neutral,neutral
bình thường bố t người lầy nói chuyện nghiêm túc t sau xem xong mv hỏi bố bố bố hơn yêu cứ tưởng ông phá cười không trả lời hóa ông không ngần ngại suy nghĩ trả lời luôn vợ bố người bao nhiêu yêu không thể tuyệt vời bằng,praise,neutral
meme cao hơn núi dài hơn sông,neutral,neutral
e xin in4 cặp a cát tường chị hồng hạnh ạ 3,neutral,neutral
chị ơi em hỏi nhá chị góp mặc video sài gòn đẹp wowy không chị nhìn chị quen,praise,neutral
thề v 3 chục tuổi đầu đứng ngoài chợ bốc vác giúp mẹ thôi ạ không hiểu chưa biết phải mua luôn á,neutral,neutral
chúc đọc cmt luôn gái dễ thương trai dễ mến đặc biệt năm nay kiếm ng iu luôn trẻ đẹp xinh gái luôn thành công mọi khỏe mạnh hạnh phúc bên gia đình ước mn ủng hộ mình 1 sub cảm ơn,praise,neutral
sắp nhà rồi,neutral,neutral
khoc luôn troi,neutral,neutral
mv bài hát hayrất ý nghĩa 2vc mình cách xa nhau nữa vòng trái đất nghe bài 2vc nhớ nhau khóc ước khoản cách 2vc sớm bên nhau cảm ơn đức phúc,neutral,neutral
2021 nghe như mk không,neutral,neutral
không hiểu lần nghe rơi nước mắt,neutral,neutral
nhớ nhà,neutral,neutral
9 rưỡi nhà nha,neutral,neutral
năm 2024 không sắp tết rồi 3 năm rồi nghe,neutral,neutral
tik tok đưa mình nghiện bài luôn rồi,praise,neutral
haynghèo giàu sang hèn thành công thất bại nhà bố mẹ luôn dang rộng vòng tay đoan honda không biết phải chi bao nhiêu mv quảng cáo winer nhể không tiền viết nhạc,neutral,neutral
thứ 2 cuối năm 2024 nghe không ạ 30122024,neutral,neutral
mv đáng lẽ phải thêm 1 cặp bách hợp,neutral,neutral
đúng lần cách ly covid19 mới cảm thấy câu hạnh phúc nhà cảm giác mình cẫn hạnh phúc nhìu,neutral,neutral
muốn nhà công nơi xa không thể nhà không nhớ nhà đường nhà tim dẫu nắng mưa gần xa đường nhà tim dẫu muôn trùng xa,neutral,neutral
nghe bài thấy hạnh phúc tình yêu đúng đẹp ngọt ngào,praise,neutral
lyrics em hỏi anh anh yêu em không anh không biết phải nói thế để đúng cảm xúc lòng anh nhìn em anh thấy cuộc đời anh khứ tương lai hiện tại không bao giờ phai prechorus tình yêu anh luôn thầm lặng không nghĩa không rộng lớn chỉ anh đôi khó nói lời mong em hãy cảm nhận thôi chorus cao hơn núi dài hơn sông rộng hơn đất xanh hơn trời anh yêu em anh yêu em thế thôi vượt ngọn gió vượt đại dương vượt áng mây thiên đường dẫu nói bao cảm giác anh bây giờ lẽ hơn yêu verse 2 anh nhớ lần đầu tiên gặp nhau chẳng biết trước lần lần cuối anh yêu người đời anh không mơ gặp yêu nữa giờ anh em rồi em hết quãng đường đời prechorus tình yêu anh luôn thầm lặng không nghĩa không rộng lớn chỉ anh đôi khó nói lời mong em hãy cảm nhận thôi chorus cao hơn núi dài hơn sông rộng hơn đất xanh hơn trời anh yêu em anh yêu em thế thôi vượt ngọn gió vượt đại dương vượt áng mây thiên đường dẫu nói bao cảm giác anh bây giờ lẽ hơn yêu cao hơn núi dài hơn sông rộng hơn đất xanh hơn trời anh yêu em anh yêu em thế thôi vượt ngọn gió vượt đại dương vượt áng mây thiên đường dẫu nói bao cảm giác anh bây giờ lẽ hơn yêu outro cảm giác anh bây giờ lẽ hơn yêu,praise,neutral
2025 xin chào nghe hong,neutral,neutral
1 bài hát thật ý nghĩa dìa dia,neutral,neutral
thanh niên rủ ngyêu đưa nhau trốn nay hết tiền nhà,neutral,neutral
cám ơn đen giúp chúng nói cảm xúc người quân nhân xa quê mong 1 tết ấm áp trọn vẹn bên gia đình thanks đen justate,neutral,neutral
gần tết are mn ơi,neutral,neutral
nàh tài trợ grab hân hạnh tài trợ dịch vụ,neutral,neutral
bữa mv tới giờ hầu như hôm mình nghe bữa nay tới nhà rồi ngồi nghe xúc động nữa 3,neutral,neutral
thực sự ý nghĩa xem xong không biết mắt mình ươn ướt tự bao giờ hy vọng sau thật lòng mình hết quãng đời,neutral,neutral
nhà luôn nhà,neutral,neutral
cày top 1 mọi người ơi tui không muốn cây xăng cao giá,neutral,neutral
quê thôi,neutral,neutral
bài nhìn mv chả muốn hát nhìn diễn viên chả hứng,neutral,neutral
nhạc đậm chất chil luôn mình nghe nghe bài lần rồi thích,praise,neutral
cảnh đà lạt đúng kon nhà,neutral,neutral
xin tên tay nghe video mọi người,neutral,neutral
xem video chỉ thấy tiếc giang hồ,neutral,neutral
đp hát chỉ tiếc mv tự nhiên quảng cáo tiki đầu video chối,neutral,neutral
fan đức phúc,neutral,neutral
chilax fr,neutral,neutral
quá nha nha,neutral,neutral
1 triệu like rồi zui xứng đáng,neutral,neutral
chỉ thấyhay phết,neutral,neutral
càng nghe ghiền,praise,neutral
tết hai năm rồi không mặc dù cuộc sống ổn định nước đêm nằm nhớ nhà nhà nơi mình vô tư ngây thơ nhà buổi sáng thức dậy chỉ suy nghĩ ăn chơi,neutral,neutral
nha,neutral,neutral
mong mọi thứ đúng kì vọng để tết vui vẻ 3,praise,neutral
tự dưng t nhớ tới phố hà nội năm 20182019 nhớ trời,neutral,neutral
kk nghe lần thứ n,neutral,neutral
nôn tết anh đen ơi,neutral,neutral
cortisol level decreas,neutral,neutral
mọi người xem nhớ để bác phúc 1 like nha mv ý nghĩa thế,neutral,neutral
sắp tết 202 rồi chúc mọi người vượt đại dịch để tết thật an lành,neutral,neutral
mp3 ạ,neutral,neutral
tiktok mới pít bài,neutral,neutral
origin sfm south korean agn tachyon japanes song vietnames tiktok chines low cortisol best sinospher colabor ever,neutral,neutral
tết cận kề nghe nhà chú hợp lý nhất 3,neutral,neutral
nge,neutral,neutral
xem súc động tuyệt vời,praise,neutral
cực thích giai điệu mv,praise,neutral
chị khóc nghe xem hình ảnh mv tuyệt vời e ah ý nghĩ lẵng đọng,praise,neutral
thật hạnh phúc ngưỡng mộ hôn nhân đổ vỡ liệu mình thể hạnh phúc lần thứ 2 không,neutral,neutral
fa mình dislike,neutral,neutral
lần đầu nghe bài người yêu mình hát nghe 3 mong sau chúng mình nhau hết cuộc đời,praise,neutral
tuyệt vời,praise,neutral
low cortisol song crazi,neutral,neutral
không thể nói ngoài 2 chữ tuyệt vời,praise,neutral
nghe xong muốn yêu,praise,neutral
mùa dịch nhớ nhà,neutral,neutral
không chị khơỉ my anh kevin kháh nhỉ,neutral,neutral
thằng lười yêu,praise,neutral
khóc luôn,neutral,neutral
năm đầu tết xa nhà,neutral,neutral
tôimới nhà nhàwho the f are you tôiayo wtf,neutral,neutral
vừa hát vừa khóc,neutral,neutral
cảm ơn anh ạ,neutral,neutral
slow t,neutral,neutral
hạnh phúc nhà,neutral,neutral
tuyệt vời,praise,neutral
hai đứa trai lấy nhau tưởng chỉ nước ngoài,neutral,neutral
take back back home hai phong,neutral,neutral
cortisol lower hapin overdos,neutral,neutral
ô khồng thấy sếp tùng nhà mìn nhỉ,neutral,neutral
tuổi xếp tùng,neutral,neutral
rồi mình 1 hapy ending,neutral,neutral
204509m nay 204674m tăng 165k so hqua 72k,neutral,neutral
nghe n lần rồi cảm xúc như lần đầu,neutral,neutral
vâu,neutral,neutral
aint way chang name corsitol,neutral,neutral
mv sau anh mời blackpink tham gia chung ạ,criticism,neutral
nhớ nha,neutral,neutral
đường đẹp nhất đường nhà,praise,neutral
t quay tết 202,neutral,neutral
xem đen nhớ winer x anh em ạ,neutral,neutral
thấy tên giống tên mẹ mk bấm vô nghe đăg kí kênh tên kênh giống tên mẹ mk,neutral,neutral
hết 1 năm nữa rồi năm 2021 đầy nỗi buồn thời gian nhanh thật,neutral,neutral
quên nam station kìa,neutral,neutral
nhà yên đợi đứa ngoài,neutral,neutral
thích nhạc đen vâu nge bài thấm,praise,neutral
nhen,neutral,neutral
gần valentine rồi fa điểm danh,neutral,neutral
bài lạ lạ nghe càng nghe càng phê,praise,neutral
tuyệt a phúc ơi,praise,neutral
goati would proud,neutral,neutral
hey babi il take home,neutral,neutral
năm mới mong đại dịch mau kết thúc,neutral,neutral
tình iu em dành ck tương lai cao hơn núi dài hơn sông giộng hơn đất xanh hơn trời em iu ck tương lai em iu ck tương lai thế thui ú ú ù ù you,neutral,neutral
chuẩn thôi,neutral,neutral
19 phú thọ chào ace nước nhé,neutral,neutral
thank you tồn tại,neutral,neutral
lần nghe không vài lần sau cảm nhận thấy bài cảm động sâu sắc giống không,neutral,neutral
mv cảm động,neutral,neutral
hel nawh titl chang,neutral,neutral
không tìm thấy zing nhỉ,neutral,neutral
xem đoạn cặp yêu xa gặp nhau rớt nước mắt á,praise,neutral
mệt mỏi nhà,neutral,neutral
yêu cha mẹ yêu gia đình cảm ơn đen justa nhé,praise,neutral
bài thiếu rồi ba rọi béo panda thái 4 năm,criticism,neutral
listen literali lower cortisol,neutral,neutral
bắt đầu fan phúc bài hát mong cmt hơn 20 likes,neutral,neutral
zing không bào nh,neutral,neutral
mới chớp mắt mấy sắp hết năm rồi hic mong dịch bệnh nhanh chóng hếc mọi người trở nhà nhanh thật đấy,praise,neutral
hòa minzy lầy haha,neutral,neutral
nghe hồi cuối cấp 3 5 năm sau viral khắp đna quay xem ngta nói,neutral,neutral
views tăng wá,neutral,neutral
tết muốn ngặt nổi đồng tiền cứ ám cuộc sống tanghe bài khiến đồng cảm cảm ơn đen,neutral,neutral
bao giờ mới bãi cháy thân yêu,praise,neutral
nhất bài,neutral,neutral
cortisol low right,praise,neutral
không beat chuẩn ức chế thiệc,neutral,neutral
helo im india,neutral,neutral
số người nghe fb,neutral,neutral
tik tok đưa nghe bài hát như thế,neutral,neutral
listen make low cortisol,neutral,neutral
think japanes,neutral,neutral
không nghĩa không rộng lớn,neutral,neutral
a nghe jai khôngchúc anh phẫu thuật nhanh gọn lẹ rồi nhà nhe,praise,neutral
mình nghĩ đen vượt sơn tùng tuy chậm chắc,neutral,neutral
nghĩ thương a á chúc a luôn thuận lợi nhé,praise,neutral
tết lục nghe rồi xúc động cảm ơn đen,neutral,neutral
buýt nghe lần 2 tao gần khóc,neutral,neutral
đam,neutral,neutral
lowcortisol,neutral,neutral
nghe bài ấm bụng luôn á mn nổi hết da gà,neutral,neutral
thảo ngân,neutral,neutral
nghe bài cảm giác hân hoan lạ sắp tết rồi,neutral,neutral
đức phúc hát,neutral,neutral
nhà thôi mng ơi,neutral,neutral
đầu mv thấy hồ hoài anh thích rồi,praise,neutral
cảm động ạ,neutral,neutral
mình thích nhất 24,praise,neutral
mv tổng hợp,neutral,neutral
3 ngã 5 5 ngã 3,neutral,neutral
đêm nghe tuyệt vời,praise,neutral
tại nghe bài quyết định bỏ nhật việt nam,neutral,neutral
anh đưa em nha haha,neutral,neutral
10m gòi chú ơi,neutral,neutral
tui tin tình yêu lần nữa bài,praise,neutral
xem mv thích cp cát tường hồng hạnh luôn tui vô trang cá nhân xem dè cát tường người yêu mới rồi ấyhuhu,praise,neutral
năm sắp,neutral,neutral
tốp 1 thịnh hành,neutral,neutral
cài veiuw mãi không chán,neutral,neutral
chỉ mong năm nay dịch bệnh 3,neutral,neutral
anh ơi,neutral,neutral
ý nghĩa,neutral,neutral
nghe nghe không chan,neutral,neutral
nghe bài thấy thương mấy anh chị xa nhà,praise,neutral
trending vãi đái,neutral,neutral
phải công nhận mv xem mình thể khóc khóc hạnh phúc đẹp,praise,neutral
hà nội love top 1 trend come ya,praise,neutral
lao đời kiếm cơm,neutral,neutral
hết nhà,neutral,neutral
ngày cững nghe di vê nhà,neutral,neutral
tình yêu a luôn thầm lặng không nghĩa không rộng lớn,praise,neutral
reali gud 3,neutral,neutral
tạch môn nhà,neutral,neutral
mv đức phúc ý nghĩa ạ,neutral,neutral
dai tuong than thoai,neutral,neutral
2025 rồi,neutral,neutral
nghe bài thất tình không nghe buồn,neutral,neutral
tiktok giống mị không,neutral,neutral
bao giờ a hải phòng thế,neutral,neutral
nghe muốn tết đoàn viên lâu rồi mình chưa quê,neutral,neutral
nghiện bài rồi,praise,neutral
nhạc giờ tắt phố thức đèn đường hiu hắt chút mưa bay mi mắt rồi đưa em đêm nay giờ phố mấy đôi thầm nhỏ to tíu tít chạy rồi đưa em đêm nay tim em đau rồi chân em mỏi rồi đông rồi em mình thế thôi đêm nay thật dài em mệt nhoài sương rơi đêm lạnh đầy đưa em đêm nay take me back back home đường chẳng xa đưa em ba ngã năm năm ngã ba nhà take me back back home đường chẳng xa đêm khuya rồi không đưa em nhà take me back back home tia feat le thien hieu lalala lalala lalala đưa em lalala la lalala không đưa em let me take you home baby from nine to five tan ca thật mỏi mệt em biết đường tuyệt nhiên không khó lẽ sự cô đơn khiến đôi chân em mỏi oh em xa anh đưa nha đừng mình đường người không vội anh đợi dừng bao nhiêu lần đèn đỏ chỉ khiến anh vui thôi tim em đau rồi chân em mỏi rồi đông rồi em mình thế thôi đêm nay thật dài em mệt nhoài sương rơi đêm lạnh đầy đưa em đêm nay take me back back home đường chẳng xa đưa em ba ngã năm năm ngã ba nhà take me back back home đường chẳng xa đêm khuya rồi không đưa em nhà lalala lalala lalala đưa em lalala la lalala không đưa em phố ngoài nhớ em nơi biết bao lần nhạt dần chẳng đúng hẹn nơi em dừng chân oh babe đêm nay thật dài anh biết giờ em cảm thấy bước em thật mệt nhoài sương rơi đêm lạnh đầy em không để anh đưa em nhà đêm nay take me back back home đường chẳng xa đưa em ba ngã năm năm ngã ba nhà take me back back home đường chẳng xa đêm khuya rồi không đưa em nhà lalala lalala lalala đưa em lalala la lalala không đưa em,praise,neutral
tik tok 3,neutral,neutral
tks đenvâu mr cường and mr te,neutral,neutral
câu chữ luôn thấm,neutral,neutral
nghe mãi không thấy chán,neutral,neutral
sắp năm mới rồi,neutral,neutral
ráp đen không raper thể sánh bằng dễ nghe dễ hiểu cảm xúc càng nghe càng thấy ý nghĩa,neutral,neutral
pho 76 gren valey type beat,praise,neutral
sau nghe xong bài a e mong quê mình người thân gia đình em keo kiệt sống kiểu chỉ biết riêng mình e đành kh,neutral,neutral
top 1 trending rồi,neutral,neutral
nghe dần để đón tết 202 thôi,neutral,neutral
xem mv khóc ln á,neutral,neutral
blue archiv comun,neutral,neutral
10 triệu view 3,neutral,neutral
ý nghĩa,neutral,neutral
listen song cortisol level drop,neutral,neutral
random filipino vibe low cortisol atm,praise,neutral
đphúc,neutral,neutral
312 take back back home,neutral,neutral
2024 nghe vch,neutral,neutral
trân trọng cám ơn cún bảo bối erik klq ae khắc việt khắc hưng cứ sáng tác bài hit bài đấy nha,neutral,neutral
tân sinh viên mới đại học nghe bài khóc muốn nhà,neutral,neutral
nghe bài nhớ tết,neutral,neutral
bài hát,neutral,neutral
mọi người ơi vô cay anh,neutral,neutral
anh bơ ten đa,neutral,neutral
anh ơip,neutral,neutral
nghe bây giờ rồi d,neutral,neutral
mv xúc động,neutral,neutral
không bit bây tuổi ten nghe nhạc luôn á,neutral,neutral
h nghe không nhể,neutral,neutral
51 xài fam,neutral,neutral
everytim go home high cortisol activ listen song lower cortisol,neutral,neutral
6 triệu wil gắt,neutral,neutral
đáng để nghe nhé,neutral,neutral
tự nhiên coi mv xong nước mắt cứ rơi chả hiểu tại,neutral,neutral
mv thấy mấy mv khác nghe như loz,neutral,neutral
lyrics e xin,neutral,neutral
mv khó hiểu nghiện nhạc mất are,praise,neutral
i like đức phúc,neutral,neutral
hơn,neutral,neutral
056 đoạn nhất luôn,neutral,neutral
nhạc bắt tai,neutral,neutral
im thailand one favorit vietnames song acidentali find make mi home go vietnam tet holiday color citi peopl day mi old time,neutral,neutral
mv đầu tư mặt tình cảm nói chung không biết nói hơn ngoài chữ tuyệt vời ạ,praise,neutral
dễ thương,praise,neutral
hu hu hạnh phúc anh,neutral,neutral
ý kiến cá nhân bài thật sự cảm động người độc thân bươn chải mưu sinh dù cố gắng gồng mình mạnh mẽ cuộc sống bên ngoài bao nhiêu coi mv cảm xúc muốn hạnh phúc giấu sâu lòng không kìm bộc lộ ngoài an ủi phần,neutral,neutral
nghe xá nghe mãi không chán,neutral,neutral
coi cảnh lgbt thấy vui đáng yêu thật sự,praise,neutral
loke cuz low cortisol meme think song catchi,neutral,neutral
cảm xúc thực sự,neutral,neutral
qa huhu nghiên rồi,neutral,neutral
hây,neutral,neutral
mong không bỏ lỡ người đối mình hơn yêu 3,neutral,neutral
giờ a bài e nổi a ơi,neutral,neutral
304 không nhà đành mở nghe,neutral,neutral
cáithaivih,neutral,neutral
nhạc nhu c,neutral,neutral
26m hôm nay nhà,neutral,neutral
cẩu lương chất lượng cao huhuhu,neutral,neutral
tại không lời bài hát,neutral,neutral
mong mọi thứ đều ổn đề nhà,neutral,neutral
việt bắc chắc rồi,neutral,neutral
202 nghe không nhớ nhà thật,neutral,neutral
phú yên love top 1 trend come,praise,neutral
top 1 trend,neutral,neutral
fel cortisol level al time low,neutral,neutral
kiện sức chỉ gắng giữ mình không xấu xa,neutral,neutral
tik tok đưa,neutral,neutral
nghe mãi không chán 2 chú a,neutral,neutral
low cortisol gif,neutral,neutral
name low coristol,neutral,neutral
mv cảm động,neutral,neutral
nhạc đen chất nhất người việt nam,neutral,neutral
đưa soundcloud tia ơi,neutral,neutral
cortisol lower,neutral,neutral
low cortisol agn tychon danc,neutral,neutral
212 đẹp zai,praise,neutral
đường nhà tim,neutral,neutral
nghe bài ấm áp thực sự,neutral,neutral
cris devil gemer lần đầu xém mv đức phúc,neutral,neutral
cmt tích cực,neutral,neutral
foid foid go away rais cortisol anoth day,neutral,neutral
hà nội love top 1 trend come,praise,neutral
tới clip tiktok anh minh,neutral,neutral
son actualti chang titl song,neutral,neutral
không coi không khóc hết,neutral,neutral
hơn yêu wá đức phúc,praise,neutral
đẳng cấp,neutral,neutral
thật ó,neutral,neutral
xem bài thật sự nhớ nyc,neutral,neutral
dù ngày valentine ròi thích nghe cực,praise,neutral
trời ơi mình xem mv ngày đầu tiên khóc rồi nghe bài khóc thêm huhu,neutral,neutral
đám cưới duy mạnh kh,neutral,neutral
hóng tết nghe bài ghiền luôn,praise,neutral
come top1 trend,neutral,neutral
top 1 rồi mn ơi,neutral,neutral
5 năm rồi nghe cuốn như ngày,neutral,neutral
130 vĩnh phúc top 3 trend,neutral,neutral
mấy thằng thể giải thích tao tại nút dislike thế,praise,neutral
kết thúc 1 năm thất bại cảm ơn a đen an ủi nhà,neutral,neutral
tuyệt vời,praise,neutral
lẽ mùa dịch nhớ nhà chỉ mong hết dịch để quay trở nhà thật nhanh việt nam ơi cố,praise,neutral
yêu chồng thủy càng nghe càng ý nghĩa,praise,neutral
love creator unknowingli make meme go along,praise,neutral
bọn fa chắc cay,neutral,neutral
ngày cuối năm nghe bài,neutral,neutral
lý hải thanh hà lương thế thànhthúy diễm hi,neutral,neutral
người bây giờ lý trí cảm xúc người việt nam luôn cân 2,neutral,neutral
âm nhạc nhẹ nhàng dễ nghe hình ảnh tình cảm chân thật mắt đúng thời điểm xem xong muốn yêu,praise,neutral
6122021 hai tháng nữa thôi tết are năm chưa lm,neutral,neutral
hi mọi người chúc mọi người tết vui vẻ,praise,neutral
nghe rồi muốn nghe nữa chúc đức phúc ngày càng tác phẩm nhé,neutral,neutral
bài không zing,neutral,neutral
top 1 ròi hic,neutral,neutral
khóc,neutral,neutral
em hỏi anh anh yêu em không anh không biết phải nói thế để đúng cảm xúc lòng anh nhìn em anh thấy cuộc đời anh khứ tương lai hiện tại không bao giờ phai tình yêu anh luôn thầm lặng không nghĩa không rộng lớn chỉ anh đôi khó nói lời mong em hãy cảm nhận thôi cao hơn núi dài hơn sông rộng hơn đất xanh hơn trời anh yêu em anh yêu em thế thôi vượt ngọn gió vượt đại dương vượt áng mây thiên đường dẫu nói bao cảm giác anh bây giờ lẽ hơn yêu anh nhớ lần đầu tiên gặp nhau chẳng biết trước lần lần cuối anh yêu đời anh không mơ gặp yêu nữa giờ anh em rồi em hết quãng đường đời tình yêu anh luôn thầm lặng không nghĩa không rộng lớn chỉ anh đôi khó nói lời mong em hãy cảm nhận thôi cao hơn núi dài hơn sông rộng hơn đất xanh hơn trời anh yêu em anh yêu em thế thôi vượt ngọn gió vượt đại dương vượt áng mây thiên đường dẫu nói bao cảm giác anh bây giờ lẽ hơn yêu cao hơn núi dài hơn sông rộng hơn đất xanh hơn trời anh yêu em anh yêu em thế thôi vượt ngọn gió vượt đại dương vượt áng mây thiên đường dẫu nói bao cảm giác anh bây giờ lẽ hơn yêu cảm giác anh bây giờ lẽ hơn yêu,praise,neutral
mv thực sự em nghe nhạc rồi lần đầu ngồi xem mv nước mắt tự nhiên rớt luôn cảm ơn anh mv ý nghĩa thế ạ,neutral,neutral
như thường lệ gần tết mở bài cảm thấy nhẹ tênh chỉ muốn xe phóng nhà hoi haha,neutral,neutral
biết khóc nghe không thể ngừng bấm replay,neutral,neutral
mình chỉ thích nghe nhạc jack thui giống mình không,praise,neutral
bh,neutral,neutral
chúc nhà đạt 10 triệu view,neutral,neutral
ruski make copi eurovis eurovis gay vietnames boy walk rusian enchant cute gay coupl one music video,neutral,neutral
ble al nice tet,praise,neutral
hp,neutral,neutral
nhà cúp điện đêm valentine chị luôn hi vọng đên bên ems side,neutral,neutral
name,neutral,neutral
mv giản dị tiếc không les chị chuyển giới v không top 1td xứng đáng đức phúc,neutral,neutral
tik tok đưa không đưa,neutral,neutral
em thích bài ạ,praise,neutral
low cortisol song ah,neutral,neutral
sky sang ủng hộ anh đen top2 gần sếp dạo chơi bên wechoice nữa chớ,neutral,neutral
bài lofi tuyệt luôn á chị,praise,neutral
chúc đức phúc 10tr viu nhé,neutral,neutral
ae mv 10tr,neutral,neutral
khóc như tui hong,neutral,neutral
khóc,neutral,neutral
bữa nay valentine nói ct,neutral,neutral
hơn yêu hỏi chồng sau gần hai năm chung sống hơn yêu chồng bảo cắn răng chịu tính thất thường nắng mưa vợ thôi,praise,neutral
from hải phòng with love3,neutral,neutral
eo ơi giọng ngọt thật sự cao vút nữa๑˃̵ᴗ˂̵و mê đoạn 057 110 from hcm with love,praise,neutral
vừa dễ thương vừa cảm động 3,praise,neutral
thứ nhạc nhất mình nghe thề,neutral,neutral
hơn yêu tình yêu thương sự sẻ chia trách nhiệm nhau vượt muôn vàn khó khăn để hạnh phúc cuối ạ,praise,neutral
nhi ơi,neutral,neutral
không nhà để,neutral,neutral
cortisol drop drasticali,neutral,neutral
mv anh phúc ạ tiếc không cặp anh trấn thành chị hari won,neutral,neutral
bài hát tui thích nhất đức phúc trc giờ,praise,neutral
hát,neutral,neutral
hạnh phúc đơn giản nhà,neutral,neutral
anh nghèo lắmanh yêu em như nữa vô nghĩamệt mỏi,praise,neutral
xem xem cảm động rớt nước mắt bác ạ,neutral,neutral
cảm ơn đp nhé anh bài đúng 3 cảm ơn anh,neutral,neutral
nghe xin cánh tay,neutral,neutral
ý nghĩa luôn ý,neutral,neutral
tròn năm rồi tuyệt vời chú đen vâu ơi,praise,neutral
nhà,neutral,neutral
chời,neutral,neutral
chú đen ơi,neutral,neutral
tại không zing mp3 chị ơi,neutral,neutral
310 mùi đam sương sương,neutral,neutral
whenev cortisol get high listen,neutral,neutral
nè,neutral,neutral
mê giọng suy,praise,neutral
mãi yêu a,praise,neutral
trước cứ nghe bài chả xem mv nay xem thấy uôi chị quen mới nhớ chị tia trước thi sms thề thích chị bài mẹ cực luôn mặc dù thôi bỏ nói chung thích chị,praise,neutral
ước 1 lần 1k like,neutral,neutral
10 triệu view rồi 24092021,neutral,neutral
nghe bài tết càng động lực nhà1 năm rồi,neutral,neutral
tuyệt,praise,neutral
6 year late listen amaz song never late point fail return item 034,neutral,neutral
low cortisol,neutral,neutral
song viral around southeast asia damn,neutral,neutral
tuyệt vời top 1,praise,neutral
top 1 roi yeah,neutral,neutral
a ơi,neutral,neutral
mong a đen nhạc tết 2025,neutral,neutral
hải phòng,neutral,neutral
bài chú vừa đề thi thử vừa bất ngờ vừa chút phấn khíchvậy mấy thấy câu chú ý nghĩa nhường nàocmt dzui zậy thôi nghe chút lấy cảm hứng viết bài,neutral,neutral
thi học kì tạch nhà không mn,neutral,neutral
427 lầy v,neutral,neutral
top 1 trending xứng đáng ạa,neutral,neutral
không gia đình cam cam nhỉ,neutral,neutral
bài hát giọng hát phúc oimeoi,neutral,neutral
true low cortisol,neutral,neutral
giọng chị giống fany trần nè,neutral,neutral
nghệ love,praise,neutral
lời nhắn mẹ cuối mv nhanh kep thêm vài giây nữa nhỉ,praise,neutral
không tùng jack bài chắc 2 tuần top 1 rồi tiếc,neutral,neutral
fan bts thường xuyên like đăng kí cày view ủng hộ anh như gia đình hoa dâm bụt bài hát vô ý nghĩa ạ,neutral,neutral
mê nhạc đen càng trưởng thành càng thấm câu 3,praise,neutral
kwai tuấn anh tuấn anh đẽ thương,praise,neutral
mọi người cày view kh ạ,neutral,neutral
cày đen luôn,neutral,neutral
e hỏi anh,neutral,neutral
dám chê a,neutral,neutral
em vô cảm ơn đức phúc đóng góp mv chạm cảm xúc,neutral,neutral
alway hear songmi mind imagin agn tachyon instanli,neutral,neutral
ati thành fan điểm danh,neutral,neutral
wish one,neutral,neutral
đúng valentine tràn ngập yêu thương chúc mọi người valentine vui vẻ kể fa chung thuyền dí mình,praise,neutral
tụi fan jack sơn tùng ngồi cày view luồi mồn tao ngồi nghe nhạc đen nhất,neutral,neutral
ngày phải nghe mới chịu bài hát thật ý nghĩa,neutral,neutral
nghe giọng ông giống erik,neutral,neutral
tránh dịch không nhà không cảm giác buồn,neutral,neutral
nhãn hàng tiki cún bảo bối erik gọng kính erik chết mất ông đức phúc không,neutral,neutral
thương,praise,neutral
bài bh zing mp3,neutral,neutral
2021 nhà 202 mang tiền mẹ nữa 2023 phấn đấu mang dâu mẹ,neutral,neutral
biết tin crush đã có ny t vẫn đợi t không biết t đợi cái nhìn nó hạnh phúc thì t khóc vui vẻ t ghét cuộc sống thực tại thích ngta mà không thể thổ lộ sợ họ có ny biết mấy mink là của họ đúng không ngày thì vui vẻ như ngốc đêm về đau khóc có thấu mong sẽ có ngày nó thật sự tìm tới và đọc cmt này,neutral,neutral
đường nhà tim nha,neutral,neutral
nghe thật hp não lòng i love you and my family,neutral,neutral
nhạc đen vâu chỉ đỉnh,praise,neutral
nghe,neutral,neutral
lướt fb 3 tháng nữa tết nguyên đán rồi nghe zui nghe mấy bài mùa xuân ngay,neutral,neutral
mình thật ngưỡng mộ hạnh phúc mình mong 1 ngày tìm hạnh phúc thật sự mình,neutral,neutral
chạm tim,neutral,neutral
tiktok không mọi người,neutral,neutral
khắc hưng,neutral,neutral
nhanh nhanh chán,praise,neutral
nghe năm ngoái năm nay siêu ghiền 3,praise,neutral
nghe bài thấy iu cuộc sống hơn,neutral,neutral
tự nhiên mấy bữa nay hóng tết dã man,neutral,neutral
cày giữ top1 lâu lâu,neutral,neutral
mới gần tháng 10 rồi nhanh mọi người nhỉ hết năm 2021 nhanh thật 3,praise,neutral
tự nhiên muốn buôn bỏ hết để nhà,neutral,neutral
đeo tai nghe thưởng thức bài hát nhé đồng âm melody bình yên chil năm nay năm đầu tiên mình lính chưa thấy năm trôi rồi hồi đầu năm cuộc sống quân đội bình yên phải xa nhà khó cơ hội nhà tết âm lịch phải phục vụ luôn chứ không thể du xuân gia đình bè như trước thấy tủi thân dù phải cố gắng hết mình nghĩa vụ bảo vệ tổ quốc hết năm mới chúc đồng âm luôn mạnh khoẻvui tươi sắp nghĩa vụ cố gắng giữ gìn sức khoẻ để thể trải nghiệm cuộc sống quân nhân thời bình không để hối tiếc,neutral,neutral
music ear go,neutral,neutral
đức phúc anh hủ phải xao xuyến đoạn đấy biết,neutral,neutral
em dính bài lâu are bây h nổi em vui,praise,neutral
al ned love,praise,neutral
like 2 anh 1 triệu like bác ơi,neutral,neutral
view tăng vụt chỉ sau 3 ngày mvnhớ không lầm mình nghe 16 lần rồi,neutral,neutral
chào,neutral,neutral
triệu,neutral,neutral
top 1 trending rồi chúc mừng anh đức phúc ạ,neutral,neutral
vươn tầm thế giói rồi,neutral,neutral
lâu lắm are mới nổi da gà nghe,neutral,neutral
nghe thấy dễ thương cực luôn á3,praise,neutral
bài hát thật saoe không tải nhỉ,neutral,neutral
bai nay rat why nghia se la ca khuc bat hu ve thank you doi lua,neutral,neutral
không hiểu mấy thể loại nghe nhạc fre xong bấm dislike buồn thật,neutral,neutral
ạ,neutral,neutral
sắp tết are,neutral,neutral
cảm ơn nhébài hát,neutral,neutral
mv ca ý nghĩa sau cưới chắc bài list nhạc phát,neutral,neutral
tiktok chạy đâyai đưa bé không,neutral,neutral
zing chưa ạ,neutral,neutral
eo ơi t ghét gay,neutral,neutral
bài chị sinh nhà chị chị đống cô thắm làng,neutral,neutral
xuất sắc,neutral,neutral
mv cảm động nhất xem,neutral,neutral
sắp về quê ăn tết rồi mọi người êy,neutral,neutral
ý nghĩa,neutral,neutral
a đức phúc hát,neutral,neutral
xứng đáng top 1 trending,neutral,neutral
trời ơi dã man ngan mv lấy nước mắt biết bao người toẹt vời,neutral,neutral
giờ nghe khác đầu mn beat không giống đầu up mình ảo giác,neutral,neutral
2 tháng 82 triệu tết sau chắc 20m,neutral,neutral
dù vật đổi dời nhà luôn nhà,neutral,neutral
giai điệu lung linh nhẹ nhàng thoải mái nhất trở nhà,neutral,neutral
chết mất,neutral,neutral
lần nghe bài cảm thấy bồi hồi,neutral,neutral
mv giản dị ấm áp xúc động trời d,neutral,neutral
sắp năm mới rồi mọi người tới nhà chứ sức khỏe ổn không năm nay chỉ chúc mọi người đồng âm giữ gìn sức khỏe đón tết đầy đủ thành viên gia đình 3,neutral,neutral
nghe giọng chị giống han sara không ạ 3,neutral,neutral
low cortisol song,neutral,neutral
ghiền are,praise,neutral
khóc xem mv,neutral,neutral
top tiếp rồi hihi,neutral,neutral
sensei fel cortisol lower,neutral,neutral
i nghe bài không,neutral,neutral
biết info hai anh quang minh đức sang không ạ,neutral,neutral
công nhận bài hát bài đỉnh nhất ah đen tin bài hát lượng xem nhất ah vâu,praise,neutral
mv dễ thương,praise,neutral
10tr view,neutral,neutral
hứa năm sau,neutral,neutral
xa nhà tết không thể nghĩ ngôi nhà tổ ấm không 10 năm trước rồi chia buôn chính 3,neutral,neutral
nghe kb bn lần gần tết are lòng cứ nôn nao,neutral,neutral
cvcmc,neutral,neutral
xem bác phúc 1 like sắp 70k like òi,neutral,neutral
gần tết ròi ngày nghe,neutral,neutral
song remind much fun friend lone make sad whole life hope someday find love life enjoy time famili,praise,neutral
không zing,neutral,neutral
gọt đam ịt 3 năm cmnr,neutral,neutral
make speed 125x acur,neutral,neutral
chết mê bài,praise,neutral
14 xin chào em,neutral,neutral
ủa top1 không atm rồi ae,neutral,neutral
mình hỏi bài nhạc chuông đt tên v ạ,neutral,neutral
cặp đôi già thế haymuốn khóc luôn rồi hu hu hu hu,neutral,neutral
ủng hộ kênh đức phúc nha đóm,neutral,neutral
low cortisol10,neutral,neutral
lose cortisol caus,criticism,neutral
nhà số 1,neutral,neutral
nghe bài nhớ nhà,neutral,neutral
bài xĩu luôn,neutral,neutral
dù phiêu lưu trời rừng đều nhà để tìm nơi yên bình ý nghĩa thật,neutral,neutral
bài em nghe sắp tếtsắp tết nôn nóng anh ạ 3,neutral,neutral
zinh không,neutral,neutral
mv ý nghĩa ủng hộ dp hết mình,neutral,neutral
t covidcòn 30 ngày nữa tết rồi,neutral,neutral
nghe bài thấy nhớ nhà,neutral,neutral
cảm ơn anh nhìu,neutral,neutral
ae xem chưa like tặng anh đen 1 triệu like mn mình like hết rồi,neutral,neutral
tui 2024 nghe ný giống tui kh,neutral,neutral
anh te không rũ anh đen nhà rapviet,neutral,neutral
nghe bài khóc,neutral,neutral
ôm ấp lấy bao dịu dàng thuở thanh xuân rồi xoay vali để cô độc mình trưởng thành,neutral,neutral
chúc anh thành công fan cứng,neutral,neutral
oi pà péo tui,neutral,neutral
ôi nghe thấy yêu đời,praise,neutral
cortisol never ben lower,neutral,neutral
2019 đẹp thật,praise,neutral
không khởi my kelvin khánh nhờ,neutral,neutral
chị ơi cứ hợp gu mình như thế,neutral,neutral
e yêu a nè hihi,praise,neutral
2024 xem không,neutral,neutral
1 năm sắp nhanh thậtnhưng tuổi thơ mãi không quay nữa rồi,praise,neutral
lth rap tốt phết,praise,neutral
xem mv đúng 1 cảm giác thuivô hạnh phúc 3 đp ekip,neutral,neutral
năm nay tao không biết mình kiệp tết kocái loz mé,neutral,neutral
quay quay sắp tới tết rồi,neutral,neutral
nghe giộng giơng fany thế,neutral,neutral
h,neutral,neutral
view cao hơn sơn tùng rồi,neutral,neutral
nghe xong cảm giác nhớ nhà,neutral,neutral
hơn yêu như thế dạ,praise,neutral
thực sự,neutral,neutral
nút like ấn ấn mãi chắc e ấn hỏng máy are,neutral,neutral
valentine nỗi khổ,neutral,neutral
anh đen ơi em bốc hơn 10 đầu nhà ăn tết không ạ,neutral,neutral
mv ảnh hưởng tới giơi trẻ bọn nhỏ trước giờ nít biết trai gái yêu nhau tivi hai thằng trai hôn nhau nít hỏi không biết trả lời hi vọng phúc tháo mv chỉnh sửa,praise,neutral
languag,neutral,neutral
cholesterol rn,neutral,neutral
anh,neutral,neutral
hóng zing điểm danh,neutral,neutral
team dính dịch không nhà điểm danh,neutral,neutral
giọng lạ quớ chị iu,neutral,neutral
im crine chang titl,neutral,neutral
thiếu cặp đôi vàng showbit trấn thành hari won,criticism,neutral
1912 ngày 03082021 2824803 view nữa 10m,neutral,neutral
mong mv cặp đôi hari won trấn thành không,neutral,neutral
nghe êm,neutral,neutral
2 năm rồi,neutral,neutral
nhớ long an,neutral,neutral
cortisol drop lowest,neutral,neutral
1 nhạc đầy cute,neutral,neutral
thích bài ghê nghe cứ ấm áp thế,neutral,neutral
thực sự,neutral,neutral
anh vâu ơi mong anh bài hơn nữa,neutral,neutral
thật sự tớ vui ngồi bàn cậu hãy luôn hạnh phúc nhé tớ thích cậu,praise,neutral
mê bài luôn,praise,neutral
sắp tết rồi phải nghe,neutral,neutral
10 tr view are chúc mừng chú nhé,neutral,neutral
ghê á,criticism,neutral
nghe ủng hỗ đen vâu,neutral,neutral
cặp đôi yêu xa anh nam đóng mv nước mắt em lau bằng tình yêu mới mng 3,praise,neutral
nhạc den mộc mạc chân thạt 3 den,neutral,neutral
mv ý nghĩa yêu phúc ơi,praise,neutral
ế coi bùn,neutral,neutral
ng mong tới tết để nhà,neutral,neutral
mãi chất,neutral,neutral
nhớ nhà,neutral,neutral
người không tình yêu như thấy cảm động dã man cậu ạ v,neutral,neutral
đen ơi a 36t thích nhạc e gần gũi sâu sắc,praise,neutral
tết ơi tết 45 ngày nữa,neutral,neutral
không đưa vô mp3 ạ,neutral,neutral
ý nghĩa cám ơn đức phúc mag tuyệt vời khán giả,praise,neutral
hơn yêu gia đình,praise,neutral
oh god real low cortisol,neutral,neutral
công cha như núi cao hơn núi nghĩa mẹ như nước nguồn dài hơn sông,neutral,neutral
hóng 1triệu like đầu tiên anh đen,neutral,neutral
em luôn ước người yêu thương mình đúng nghĩa như 1 bài hát ý nghĩa dành tình yêu tình yêu không phân biệt thầm lặng rộng lớn,praise,neutral
mong clip đạt 1tr like,neutral,neutral
apart meme actuali god song,neutral,neutral
em mê bài luôn nè giống em không,praise,neutral
song music video beauti cri,neutral,neutral
bài đúng gê trời đúng mình tỏ tình,neutral,neutral
yêu đức phúc trời ơi,praise,neutral
cháu hâm mộ chú chú rap đặc biệt ạ cháu hk hk đại học nhớ nhà tuần bắt xe lần,neutral,neutral
mệt mỏi nhà mông lung nhà cay,neutral,neutral
thế 10m view rồi,neutral,neutral
thi thật tốt để ăn tết ngon lành gia đình nha,praise,neutral
xa nhà nghe thấy nhớ bama,neutral,neutral
gần tết nghe để động lực cố gắng hoàn thành công để nhanh nhanh nha 3,praise,neutral
danc triad,neutral,neutral
xem 1 mv âm nhạc thật sự muốn khóc ạ tuyệt vời,praise,neutral
rộng hơn đất,neutral,neutral
không đoạn âu yếm nhau 2 thằng gay lọ mv hoàn hảo,neutral,neutral
3236 hôm nay rảnh mời không nhỉ,neutral,neutral
chú hát,neutral,neutral
leo top thôi mng,neutral,neutral
thấy fb khen trời t zô,neutral,neutral
ngta hỏi sừng t dài cao hơn núi dài hơn sông rộng hơn đất xanh hơn trời,neutral,neutral
thiếu a xìn c ri nhi,criticism,neutral
phúc ơi,neutral,neutral
hơn yêu chính hạnh phúc yêu đối phương chỉ cần tym đối phương yêu hạnh phúc 2 chữ yêu hơn yêu,praise,neutral
bài hát đầy ý nghĩa,neutral,neutral
chúc mừng sản phẩm âm nhạc đặt 10m lượt xem,neutral,neutral
tại chúng mang cách giải pháp tưới hiệu quả chuyện khó cứ để em lo 0385754365,neutral,neutral
51 gia đình xoài,neutral,neutral
thích 1 bông hoa hái xuốngcòn yên bông hoa chăm sóc tưới nước nóthích chú chim nhốt lòng yêu thả tự bay lượn thích khác vọng sở hữu yêu chính thành toànđối chuyện nam nữ nói thích đại khái bàn tay mềm mại trán cao mày dài nụ cười duyên dáng mắt sáng long lanh yêu đợi thứ sau bào mòn hết thời gian nguyện ý dùi dắt nhau nhau cuối đời,praise,neutral
anh ơi bài hát anh đưa đề văn rồi,neutral,neutral
ngồi học bài mở nhạc nghe vô tình nhạc chạy tới bài nghe tự nhiên rơi nước mắt lã chã cảm xúc không thể diễn tả,neutral,neutral
increas video speed 11115 god,neutral,neutral
nhà mình nghe like,neutral,neutral
đẩy top 2 vot trở top 1 thịnh hành mọi người,neutral,neutral
mình hỏi bài hát a đen quay đẹp thế nhỉ,praise,neutral
nhạc q,neutral,neutral
hồ hoài anh lưu huong giang kết hôn 10 năm chia tay cmnr,neutral,neutral
vượt gió,neutral,neutral
em hỏi không chú trấn thành bà cô hari won ạ,neutral,neutral
đông nhiông cao thắng trường giangnhã phương sau không trấn thànhhariwon a,neutral,neutral
sắp tết cứ mở bài suốt bao năm te hát đen rap mượt không biết đồng hành bài bao nhiêu tết nữa,neutral,neutral
qá,neutral,neutral
nhà để 1 hạnh phúc,neutral,neutral
không thể thoát luôn nghiện,neutral,neutral
anh yêu em anh yêu em,praise,neutral
cortisol lower,neutral,neutral
nhanh thật năm sắp trôi rồi,praise,neutral
2 ah,neutral,neutral
hát chị gái ơi,neutral,neutral
tình yêu anh luôn thầm lặng không nghĩa không rộng lớn câu hát tui thích nhất ý nghĩa yêu đức phúc 3 3 3 top 1 trending thẳng tiến,praise,neutral
đến nay nge ngày nge 3 4 lần hôy kk,neutral,neutral
mv đà lạt,neutral,neutral
toang rồi đường nhà gian nan,neutral,neutral
bài chưa công chiếu anh đức phúc hát tặng anh duy mạnh cj quỳnh anh rồi anh đức phúc tuyệt vời luôn,praise,neutral
giọng ca chị cưng,neutral,neutral
bể nợ nhà,neutral,neutral
đôi nam mỹ dễ thương,praise,neutral
s mình tải ve zing không nhể,neutral,neutral
thế mấy má dislike chịu,neutral,neutral
nơi xa chắc nghe bài chỉ muốn,neutral,neutral
giọng chị ghê,criticism,neutral
hơn yêu yêu 1,praise,neutral
gần 10tr gòi,neutral,neutral
3132025 xin cánh tay nghe nhac,neutral,neutral
winer x xin tài trợ trương trình,neutral,neutral
finali find origin video lowcortisol với highcortisol,neutral,neutral
5tr view 1tr like chúc mừng a đen a jus,neutral,neutral
1 triệu like rui,neutral,neutral
sạo nhớ tết nhớ nhà thế,neutral,neutral
người không hề cảm nổi rap như tui phải đổ gục trước chú đen cảm ơn chú đưa rap thuộc hết tất bài chú tất đều mộc mạc lạ thường lời ý nghĩa chứ không như bài rap ca sĩ khác,neutral,neutral
mp3 không vay mng,neutral,neutral
hơn,neutral,neutral
thật hãnh diện top 1 rồi,neutral,neutral
thật sự chị nghe lần lần cảm thấy xúc động bài hát giọng hát mình 13 năm bên nhau kết hôn,neutral,neutral
quê nghệ an ạ,neutral,neutral
muốn nhà dịch không luôn,neutral,neutral
sừng như thế cao hơn núi dài hơn sông rộng hơn đất xanh hơn trời,neutral,neutral
trờicảm ơn cún bảo bối erik cơ chứ,neutral,neutral
hình như bài không zing nhạcuatui,neutral,neutral
bài viết an toàn chăngmình mong đợi hơn tia cơ,neutral,neutral
nhà thoi,neutral,neutral
cám ơn đức phúc,neutral,neutral
cặp đam mỹ không thêm cặp bách hợp nữa dễ thương đủ combo luôn,neutral,neutral
đoạn nữ video cal xong gặp ny nổi da gàxúc độngcả mv xúc động 3,neutral,neutral
hơn yêu,praise,neutral
bên hàn quốc nghe bài nỗi nhớ nhà dâng,neutral,neutral
uma low cortisol,neutral,neutral
zing a,neutral,neutral
mv cảm động,neutral,neutral
mv ý nghĩa,neutral,neutral
chúc mừng nhà 10tr view 3 tháng nữa tết are ae êy,neutral,neutral
your kid want move away hous famili fredom grow old enough youl know home heart beauti song,neutral,neutral
như tớ không coi mv khóc sụt sùi tt,neutral,neutral
anh đen ơi,neutral,neutral
umu musum tachyon fan welcom right way,praise,neutral
dù aithành công thất bạinhà,neutral,neutral
hồi xưa mình quay tóp tóp bài nè,neutral,neutral
giờ nghiện d,praise,neutral
cặp đôi lgbt nhảy đáng yêu,praise,neutral
hạnh phúckhoan nhà cô đơnkhoan nhà thành côngkhoan nhà thất bạikhoan nhà mệt quákhoan nhà mông lung khoan nhà chênh vênhkhoan nhà không khoan nhà không khoan nhà không khoan nhà khoan nhàkhoan nhà đường nhà lây covid dẫu nắng mưa gần xa,neutral,neutral
nghe nhớ gia đình chúc mọi người tết 2021 vui vẻ nha ok,praise,neutral
mặc dù xem lần lần mình dưng dưng nước mắt a ạ,neutral,neutral
26m đêm nay sun sun ơi,neutral,neutral
lấm luôn đúc phúc ơi,neutral,neutral
10 anh chị ôi,neutral,neutral
bài hát mình nghe chưa biết chán năm năm khácquá,criticism,neutral
đoán đề thi anh,neutral,neutral
sai mk tra zing không nhỉ,neutral,neutral
đỉnh 3,praise,neutral
cảm giác 1 like như,neutral,neutral
sắp tết rồu,neutral,neutral
listen songlow cortisol,neutral,neutral
bán hàng on like,neutral,neutral
vê quê vui lăm anh oi,praise,neutral
nghe bài hơn trăm lần bt tại không mang cảm hứng thú vị tuyệt phẩm 2020,praise,neutral
thôiω,neutral,neutral
đúng,neutral,neutral
bài hát dễ nghe,neutral,neutral
hạnh phúc nụ cười người thương,praise,neutral
zingmp3 không,neutral,neutral
ý nghĩa,neutral,neutral
em khóc xem chú cầu hôn,neutral,neutral
low cortisol max hard find origin,neutral,neutral
hôm trường học,neutral,neutral
bai nay de thuong,neutral,neutral
bài hát đầy ý nghĩa đen,neutral,neutral
hơn yêu nhỉ hạnh phúc đấy phúc,praise,neutral
bài hát bn hiểu hơn,neutral,neutral
hiếm cmt thực sự nghiện luôn rồi ý cảm ơn đức phúc 1 sản phẩm thật tuyệt vời ý nghĩa 3,praise,neutral
bả thật sự thêm low cortisol title,neutral,neutral
top 1 xứng đáng,neutral,neutral
trời ơi top 1 rồi kìa,neutral,neutral
vua trời đà lạt cao nguyên langbiang lấy ngựa đen đẹp nhất ngựa nâu đẹp nhất lai giống nhau ngựa trắng đẹp nhất chính ổng cưỡi vũng tàu chịu chết ngựa vằn bản thân màu trắng yếu ăn cỏ đồng bằng nắng nữa không thêm sọc đen chết ánh nắng mặt trời,praise,neutral
đường nhà tim dẫu nắng mưa gần xa thất bát vang danh nhà luôn chờ đường nhà tim dẫu muôn trùng vật đổi dời nhà luôn nhà về nhà ya lao đời và kiếm cơm lao đời tìm cơ hội những thành thị thường lấp lánh còn đêm thành thị thường trơ trọi như mọi đứa trẻ khác lớn muốn xa hoài xa hoài nhà yên đợi đứa ngoài bước ngoài mới biết không bằng nhà nhà biết để mất trước sẵn sàng mở quà mở quà không phải võ sĩ phải giỏi đấu đá kiệt sức chỉ gắng giữ mình không xấu xa đôi bỗng thấy đồng cảm mai an tiêm bước chân sóng gió chỉ nhà mãi an yên ngoài phức tạp như rễ má dây mơ dây mơ nhà để phép mình ngây thơ mang bao náo nức xe trọn niềm thao thức xuân níu đêm ngày dòng người phố mang sắc mai hương đào tìm nơi ấm êm đường nhà tim dẫu nắng mưa gần xa thất bát vang danh nhà luôn chờ đường nhà tim dẫu muôn trùng dẫu muôn trùng vật đổi dời vật đổi dời nhà luôn nhà ngôi nhà góc vườn chó gà đám nói khó chiều thích gió trời hơn gió hoà ah ăn cơm mẹ nấu mặc áo mẹ may đưa ba chợ mua cây đào cây mai bày năm trời rã rời như máy oh nhà thấy áp lực nhẹ như bấc thổi bay thổi cái là bay ấm êm hơn bếp lửa ngọt bùi hơn lúa non nhà luôn mong chờ đứa dẫu mưa nắng không bao giờ nề hà hạnh phúc chỉ đơn giản nhà oh hạnh phúc nhà cô đơn nhà thành công nhà thất bại nhà mệt nhà mông lung nhà chênh vênh nhà không nhà không nhà nhà nhà đường nhà tim dẫu nắng mưa gần xa thất bát vang danh nhà luôn chờ đường nhà tim dẫu muôn trùng vật đổi dời nhà luôn nhà nhà thể lớn thể nhỏ thể không khang trang cha mẹ muốn sống đàng hoàng lớn người mong tương lai sáng lạng cặm cụi đời không bao giờ thấy than vãn đường nhà tim dẫu nắng mưa gần xa thất bát vang danh nhà luôn chờ đường nhà tim dẫu muôn trùng vật đổi dời nhà luôn nhà,praise,neutral
an gi ma xinh the,praise,neutral
nge nhạc buồn,criticism,neutral
đỉnh nghiện luôn hic,praise,neutral
bài hát nhất tết 2020 chứ chả cày view ngày cứ 4tr luôn nèbài hát không phải để leo top 1 tháng 2 tháng 1 năm 2 năm người mở nghe,neutral,neutral
thích anh đức sang vl đz vãi đái tiếc ny,praise,neutral
ôg batenđơ quen quen,neutral,neutral
sắp 2023 are,neutral,neutral
nghe đoạn nhạc dạo bài giống bài em anh mít không,neutral,neutral
thế,neutral,neutral
saw poki bear hahahaha,neutral,neutral
đám cưới a duy mạnh a hát nè,neutral,neutral
sau ánh nắng anh dự bài thành bài hát đám cưới quốc dân,neutral,neutral
mẹ thôi,neutral,neutral
cb sang 202 rồi chưa nhà nghe nhớ nhà,neutral,neutral
cún bảo bối erik,neutral,neutral
ông ngoại e vừa mất mặc dù buồn bài nhắc e nhớ ông ngoại e luôn tim em ngôi nhà ông đợi e cảm ơn a ạ mặc dù bài cũ đối e 1 bài nhất,criticism,neutral
a yêu e a why e,praise,neutral
yêu mình không biết yêu,praise,neutral
nhờ ca khúc nhờ giọng hát tình yêu trở đẹp mộc mạc hơn bất kể thứ mong bài hát trở thành bản tình ca quốc dân,praise,neutral
true low cortisol,neutral,neutral
nhin cai thang duc phuc hat kieu dieu chay nuoc nguoi thi xau,neutral,neutral
lần đầu tiên biết nghe bài hát the one radio 182019,neutral,neutral
fan a đức phúc hết rồi,neutral,neutral
sky thích đen vâu,praise,neutral
nghe xong muốn ny,neutral,neutral
nhà luôn nhà,neutral,neutral
mv cảm xúc,neutral,neutral
nghe xong muốn yêu huhu,praise,neutral
clip ước đừng đem đồng tính không phải 1 tình yêu trọn vẹn,neutral,neutral
16t chưa từng biết đến em 17t gặp em 1 lần thi chuyên đề em nói chuyện với bạn đôi mắt em sáng và ấm áp lắm 18t cuối cấp vứt bỏ hết cả liêm sỉ để xin chữ kí của em tình cờ là bữa đó thấy tên nick face giống tên em rồi mặt dày nhắn tin nói tình cảm của bản thân em nhắn thật dài làm xúc động biết bao nhiêu sau hôm đó thỉnh thoảng lại nhắn tin em không biết sau này có hiện tại vì em mà sẽ cố gắng đỗ đh thực hiện được ước mơ như lời chúc em nhắn cảm ơn em nhé chàng trai,neutral,neutral
nghiện lần đầu,praise,neutral
thiếu quân nhà,criticism,neutral
hơn yêu,praise,neutral
justa te viết không bài thấy mê ghê,criticism,neutral
tuyệt vời ơi quảng trường bảo tàng hạ long hát,praise,neutral
bài không zing mp3 hỉ mn,neutral,neutral
phúc sắp nút vang rồi mn ơi,neutral,neutral
cj ơi 3,neutral,neutral
hơn yêu,praise,neutral
chắc chú không nhà rồi,neutral,neutral
luôn ý,neutral,neutral
tiktok t chưa thấy vid tiktok dùng bài nhờ,neutral,neutral
ý nghĩa,neutral,neutral
tuyệt vời anh hồ hoài anh,praise,neutral
top 1 trending lâu nhất,neutral,neutral
mình sắp nhà rồi hehe nhỏ nhà muốn bây giờ xa nhà rồi muốn nhà càng nhanh càng tốt lạ ghê mình chưa thi xong chưa chúc mọi người năm mới vui vẻ nha chưa nhà tâm sự tí vui hê hê mấy thằng chung phòng hết rồi chém gió vui,praise,neutral
ẽciting,neutral,neutral
song goat chang titl 7 year releas,neutral,neutral
trust guy play 125x,praise,neutral
from tiến cày with love,neutral,neutral
video toàn 3d muốn nổi da gà,neutral,neutral
im crine old song like tbh,praise,neutral
không trân thành hari won,neutral,neutral
chào 2026,neutral,neutral
nghe riết không chán luôn á trời,neutral,neutral
anh ơi,neutral,neutral
mãi giữ t o p 1 2 nha,neutral,neutral
chưa bao giờ muốn nhà như bây giờ,neutral,neutral
ấm áp,neutral,neutral
chang name,neutral,neutral
cậu nói thứ cậu mong nhất đừng mình buồn hơn yêu dù không thể bên nhau mong người mình yêu hạnh phúc,neutral,neutral
find kinda funi low cortisol song ade titl,neutral,neutral
119 xem không điểm danh,neutral,neutral
top 1,neutral,neutral
không nhà,neutral,neutral
mv tình yêu chân thành cặp đôi dù không phải người may mắn thể xác không giàu không bon chen sống hạnh phúc chính tình yêu mình mv ý nghĩa tuy chỉ thấy tội a phúc thôi hehe,neutral,neutral
nghe nghe không chan,neutral,neutral
cháu hỏi bộ quần áo giấy thứ 3 mua ạ,neutral,neutral
củng muốn,neutral,neutral
song 6 year ago,neutral,neutral
top 1 thẳng tiến,neutral,neutral
thực sự cảm động không phải khóc thôi khóc nấc luôn ý ý tưởng mv đưa người xem nhẹ nhàng bước bước đoạn cuối người xem cảm xúc thật mối tình thật sự yêu đp,neutral,neutral
4 năm rồi ưlại sắp hết năm rồinhưng mệt nhoàikhông cậu sinh viên nữa rồiphải bon chen tiếp thôi 1812025,neutral,neutral
202 rồi nghe bài tiếp để chờ tết mn ơi,neutral,neutral
khóc luôn rồi,neutral,neutral
0 understand 0 cortisol 10 vibe,praise,neutral
dạ nghe chil ạ,neutral,neutral
3 tuổi năm 2024 thực sự trăn trở khó khăn công trắc trở áp lực khủng khiếp không dám kể vài quyết định sai lầm lãnh đạo rồi cuối mình người phải sửa sai cố gắng hết sức đưa tiền kịp trước tết ngày cty tới 10 đêm mới tới nhà không biết mới ổn hơn 1 năm rồi chưa nhà năm nay vợ bầu gần 4 tháng rồi 1 thai kỳ thực sự trắc trở đầy lo lắng 2 vợ chồng hôm trước gọi nhà mẹ hỏi liệu năm nay nhà không cứ ấp úng không dám nói sợ không vợ bầu bì không ổn không dám mang quê đường xá xa xôi di chuyển nguy hiểm đúng mẹ luôn hiểu tâm tư thằng trai đời người dịp gặp nhau lo tốt vợ tết khỏe hẳn sắp xếp chơi không gấp tự nhiên nc mắt chảy thật không chủ động tự chảy thôi lớn đầu rồi dạo xúc động,criticism,neutral
2 năm rồi chẳng hiểu cứ xem mv nghe giai điệu như anh nhớ em muốn hát em nghe ngày mình yêu nhau anh chẳng nói thành lời tình cảm anh dành em để giờ rời xa nhau thấy hối hận anh chẳng biết anh yêu em nữa mong em nơi phương xa luôn hạnh phúc tình yêu anh luôn thầm lặng không nghĩa không rộng lớn chỉ anh đôi khó nói lời mong em hãy cảm nhận thôi cao hơn núi dài hơn sông rộng hơn đất xanh hơn trời anh yêu em anh yêu em thế thôi nt,praise,neutral
gần tết rồi bật bài ngóng ngày không,neutral,neutral
bài á,neutral,neutral
thấy a cao bá hưng không nè,neutral,neutral
bài này khó hát thật sự,neutral,neutral
wow 1 mv ý nghĩa tự nhiên xúc động,neutral,neutral
bài hát mãi nghe bao nhiêu không chán,neutral,neutral
thêm 2 tháng nữa nhà,neutral,neutral
hơn yêu yêu hơn,praise,neutral
lgbt điểm danh tui khóc đoạn cặp yêu xa gặp nhau rồi,praise,neutral
chuẩn quê ăn tết 202 chưa mọi người,neutral,neutral
bài không thích nhà cảnh tết chẳng vui biết di không gọi nhà chỉ sống ký ức thuở ấu thơ,neutral,neutral
thật sự coi lần thứ n luôn rồi,neutral,neutral
fan đp xếp hàng be likecao hơn cả núi dài hơn cả sông rộng hơn đất xanh như đất trời,neutral,neutral
mọi người nhớ câu rớt bông tai là có thái đó nha,neutral,neutral
nghe muốn khóc,neutral,neutral
chú minh lý sướng nhất cầu hôn không phải quỳ ngước mặt,neutral,neutral
gần 1 tháng rồi top trending đỉnh chú đen ơi,praise,neutral
nhỏ hát như gà ca sĩ,neutral,neutral
hình như chị tia ny anh hiếu phải không,neutral,neutral
bài hát love tui nhất bài hát love tui nghe,neutral,neutral
rớt top are cây atm are kì,neutral,neutral
đức phúc tuyệt vời,praise,neutral
nhac cam xuc,neutral,neutral
low cortisol song,neutral,neutral
mình thấy mv đăng 3p trước h 1 năm rồi í,neutral,neutral
hôm nay 11202 nghe ấm lòng,neutral,neutral
mệt mỏi nhà hp bây giờ nhà,neutral,neutral
tuyệt vời,praise,neutral
sắp nút vàng rồi ze,neutral,neutral
cảm ơn cúc bảo bối erik trời ơi dễ thương,praise,neutral
dễ thương cảm động thật sự,praise,neutral
chúc a ngày càng thành công hơn nữa,neutral,neutral
ủa lưu hương giang hồ hoài anh ly dị rồi,neutral,neutral
tuyệt vời thật cảm động,praise,neutral
đối riêng bản thân người niềm hạnh phúc tình yêu thương thể hiện cách riêng đối bản thân mình niềm hạnh phúc nhất hơn yêu sự chân thành quan tâm thầm lặng luôn gia đình đồng hành thấu hiểu nhau luôn lí duy nhất để bản thân nỗ lực mong ước lớn nhất cuộc đời mình nhìn thấy nụ cười luôn tươi mới môi người cuộc sống cảm ơn a đức phúc 3 gửi gắm hết tình cảm lời sâu sắc mộc mạc nhất tụi em bài hát 3,praise,neutral
yêu xa yêu gần yêu già yêu trẻ yêu người khiếm khuyết đôi hết mình ông phúc yêu cô đơn không,praise,neutral
nhà anh êi,neutral,neutral
tháng mí nữa nhà rồi nhớ quê nhớ ba mẹ,neutral,neutral
kể anh đen bài dịp tết nguyên đán ối người khóc thét đúng không bằng nhà,neutral,neutral
chichi đưa,neutral,neutral
bài hát ý nghĩa,neutral,neutral
năm nay lần đầu tiên ăn tết xa nhà mệt mỏi chỉ muốn nhà thôi,neutral,neutral
2 năm nghĩa vụkhi mong 10like,neutral,neutral
justa te nhà hát karaoke không,neutral,neutral
ngày mai nhà rồi nghe bài hai ông cứ rơi nước mắt,neutral,neutral
năm nay dịch không nhà,neutral,neutral
vui vẻ không chờ thành công không chờ tình yêu không chờ mơ ước không chờ thanh xuân không chờ tuy như vnhưng ba mẹ chính mình luôn chờ hãy nhànơi hạnh phúc,praise,neutral
phuongthao,neutral,neutral
bài hst fhât chúc đức phúcfhât fhanh công frên đường nghệ fhuâf,neutral,neutral
nghe chất giọng chị fany trần giống nhau ghe,neutral,neutral
chính chủ không tha,neutral,neutral
sắp hết 1 năm 1 năm dịch bệnh bao mất mátđau thương thầm cảm ơn trời phật tre chởbảo vệ gia đình bố mẹ mìnhcả mấy tháng kẹt dịch sài gòn tháng dịch chỉ muốn nhà ngaynhiều nhớ nhà bật khóc đêm nhìn thấy dịch bao gia đình chia lìa thôi năm nay bỏ phía sauvề nhà sớm bố mẹ thôi mong tháng cuối năm dịch hết để mn 1 tết thật ấm ápvui vẻ bắt đầu năm mới thật sự nghe tin thấy tình hình dịch ổn dấu hiệu hết như cảm giác mùa xuân mới gần rồi,praise,neutral
thầy sang minhx nè,neutral,neutral
không ý thật sự thấy bài giai điệu giống như bài chúc bé ngủ ngon,neutral,neutral
nghe bài nôn quê,neutral,neutral
song masterpiec melodi whole perfect lyric kinda remind hometown live big citi right give lot love indonesia,praise,neutral
hơn yêu thương yêu cảm xúc nhất thời chỉ thương nhau mới bên nhau nhau chia sẻ ngọt bùi,praise,neutral
mv bài hát mình thích nhất cảm giác lâng lâng hạnh phúc tận đáy lòng,praise,neutral
ê bản gốc trừ cortisol hơn bản tóp tóp,neutral,neutral
3 năm trôi không ngừng hot amazing,neutral,neutral
nhìn mặc áo cam đỏ chỗ anh đen vâu đưa mẹ chợ mua hoa quen qá không nhớ nứa biết xin link,neutral,neutral
nghe bài hát nhớ nhà nhớ bố mẹ thương bố mẹ,praise,neutral
60m 2h ngày 2142020,neutral,neutral
anh phúc ơi nghe nghe như lần đầu nghe,neutral,neutral
a đen chở chị linh trốn chở a te nhà xd,neutral,neutral
bất cứ thế giới quyền yêu yêu,praise,neutral
video đen chưa dislike,neutral,neutral
thích đoạn rap ngầu vl,praise,neutral
nghe nghiện luôn 3,praise,neutral
nghe bài hát cứ cảm xúc nâng nâng xúc động mong dịch bệnh để mọi người ăn tết trọn vẹn hơn,neutral,neutral
chở hạnh phúc bước để dẫu nơi xa luôn nhà bên cạnh hôm nay đọc báo thấy nhà trường bùi thị xuân đưa đề thi thử em 12 mình thấy ý nghĩa xúc động,neutral,neutral
daili dose lower cortisol,neutral,neutral
nhac,neutral,neutral
định không chú đen bài quyết định bok vé quảng ninh,neutral,neutral
grap goviet nhá,neutral,neutral
nghe nghe,neutral,neutral
đức phúc nhạc nghe muốn ngủ,neutral,neutral
nhanh thật khép năm cũ,praise,neutral
lướt tiktok bỗng chốc anh nhận giai điệu quen thứ âm thanh nhà bên anh mê đắm,praise,neutral
bông gấu bông cao175 nang 60 cân,neutral,neutral
huhu xem khóc luôn anh ạ cảm động hạnh phúc,neutral,neutral
lok al water peopl lol,neutral,neutral
view nhanh,praise,neutral
ý nghĩa thế bọn bảo giải không xứng đáng đúng toàn fan khăn quàng đỏ thần tượng mù quáng,neutral,neutral
hải dương muốn không,neutral,neutral
bài hát mv vừa đơn giản cảm động yêu đức phúc,praise,neutral
bài hát ý nghĩa như thế dislikebó taybài hát ý nghĩa anh đức phúc,neutral,neutral
nghe muốn nha ngay,neutral,neutral
lần ngần tết mình thích nghe bài mn ạ,praise,neutral
bài nhất năm chỉ muốn tết thật nhanh để bật cảm nhân thôi mọi người ạ,praise,neutral
like watch mona lisa paint,praise,neutral
người cày st mình nghe nhạc đen vâu,neutral,neutral
low cortisol song,neutral,neutral
thật sự cả nội dung bài hát vào nội dung mv đều ý nghĩa ạ,neutral,neutral
mẹ ơi năm nay không rồi nhớ nhà,neutral,neutral
chúc mn xem bl 1 năm 2025 thật may mắn,neutral,neutral
nhỉ,neutral,neutral
emoji để biểu lộ cảm xúc,neutral,neutral
playback speed 125,neutral,neutral
unironicali low cortisol,neutral,neutral
em nghe 749 lần rồi nè 3,neutral,neutral
nghe bài lòng xao xuyến nhớ tết,neutral,neutral
bài vãi luôn,neutral,neutral
anh ăn hát thế,neutral,neutral
t,neutral,neutral
20 ngày sắp tết rồi hóng ghê,criticism,neutral
mới gặp cô chú mv vui z,praise,neutral
nhạc đen vâu nghệ thuậtngười nghe nhạc đen vâu nghệ sĩ thật sự,neutral,neutral
back work,neutral,neutral
quay bài công chúa nương mong chị quay trở phong cách như thế,neutral,neutral
1 triệu like dìa dia,neutral,neutral
muốn nhà muốn nhà nằm giường thân quen chốn thân quen gặp người thân quen hít thở không khí mát lạnh thân quen muốn muốn vềmình tệ,neutral,neutral
hơn yêu mạng sống chúng,praise,neutral
leo top thôi mng 3,neutral,neutral
2021 xem không,neutral,neutral
ông nhà nhìn cảnh bà già nợ nần không muốn như không,neutral,neutral
bài hát like hơn tổng số người đăng ký jayte,neutral,neutral
không chiu noi huhu,neutral,neutral
kể người yêu hát nghe bài rồi 3,praise,neutral
nghe trào nước mắt nhớ gia đình nhớ nhà ơi đợi nhé vài ngày nữa thôi,neutral,neutral
bài chứ bộ,neutral,neutral
nhac chuông đt tên z,neutral,neutral
51 gia đình xoài,neutral,neutral
ý ngĩa,neutral,neutral
123 mặt nhăn xấu vl,criticism,neutral
fan đức phúc vkckgiang ca rồi,neutral,neutral
tết mua winer x không chúc anh em đam mê sớm thành công 2021 nhé,neutral,neutral
mv ý nghĩa như tới 23n dislike bó tay,neutral,neutral
sắp 2025 rồi,neutral,neutral
năm 2019 bọn mình quen nhau bắt đầu yêu tháng 32019 chúng mình yêu xa tới bây giờ mặc dù cách nhau hơn 10km anh em yêu anh nhé,praise,neutral
bùi ngọc hà anh yêu em chết anh yêu em mãi mãi không bao giờ thay đổi đừng bỏ rơi anh,praise,neutral
mv ý nghĩa,neutral,neutral
tuyệt vời a đen ơi,praise,neutral
không hiểu hai thằng gay clip như thế,neutral,neutral
agn hight coristol agn low coristol,neutral,neutral
cảm xúc nhớ nhà,neutral,neutral
bài ý nghĩa,neutral,neutral
siêu phẩm năm 2020,neutral,neutral
cs anh jack không mọi người,neutral,neutral
sắp 1 triệu like rồi,neutral,neutral
video ý nghĩa chúc mừng đức phúc,neutral,neutral
chợ winer x rước winer x đồng winer x nhà winer x sg winer x,neutral,neutral
thật sự lời thấm,neutral,neutral
công khai tất mối tình showbit,neutral,neutral
low cortisol,neutral,neutral
mv xuất sắc luôn top1,neutral,neutral
bài hát ngày 142 chúc người yêu nhau mãi hạnh phúc bên nhau xem muốn khóc ghê nhìn hạnh phúc cặp đôi như muốn tràn màn hình chạm tim người nghe khổ thân đứa cẩu độc thân nhồi đầy cẩu lương như tui,neutral,neutral
bài,neutral,neutral
mn mình xin info hodie đen tầm 039 ạ,neutral,neutral
famou 6 year 2026,neutral,neutral
thật sự bài hát tuyệt vời va đày ý nghĩa nữa likes,praise,neutral
a vâu cứ thế thôi đĩnh,neutral,neutral
056 low cortisol uma play 125 speed,neutral,neutral
mình tết nhà rồi cảm giác thông cảm mấy người xa nhà,neutral,neutral
low cortisol uma,neutral,neutral
tới cặp ông mười khó tự nhiên khóc không hiểu,neutral,neutral
mv ý nghĩa thật,neutral,neutral
2025 điểm danh,neutral,neutral
thank tiktok viet new viet music foundhonestli falen love nativ languag ive grow older thank parent speak viet fluet asian viet american,praise,neutral
high cortisol 056 low cortisol 057 mayb mani indonesian peopl,neutral,neutral
học nghe bài muốn nhà bame sv năm nhất lần đầu xa nhà chưa bh mình mong tết nhanh như thế để bame,praise,neutral
nhạc cảm động,neutral,neutral
àh,neutral,neutral
nghe ấm,neutral,neutral
xuân chỉ nghe bài thoai,neutral,neutral
siro hát cô đơn không muốn nhà đen vân hát nhà,neutral,neutral
quẩn quẩn tháng 7 rồi gần hết năm rồi nghe không,neutral,neutral
2023 coi,neutral,neutral
10 điểm không,neutral,neutral
nhung cap doi rat hanh phuc chao co gai mot nu hon va nu cuoi cua co ay ma ban yeu nhu the nhung cap doi chua thanh cong trinh duc phuc hat nha,neutral,neutral
trời ơi lần đầu tiên cuộc đời xem mv nổi da gà hết mấy chục lần ý nghĩa,neutral,neutral
chị ơi,neutral,neutral
phần mô tả ghi trân trọng cảm ơn nhãn hàng tiki cún bảo bối erik,neutral,neutral
mai 283 mình dùng bài cầu hôn ủng hộ mình 1 like động lực không from ducphuc,neutral,neutral
video ý nghĩa,neutral,neutral
giống mình không cảm giác khóe mắt cay cay đấy,neutral,neutral
sky ủng hộ top 2 không,neutral,neutral
rung động,neutral,neutral
287 nghe ạ không biết đợt tết anh đen bất ngờ nữa không ha,neutral,neutral
nhạc khúc đầu đeo tai nghe,neutral,neutral
số người xem,neutral,neutral
lyrics hơn yêu đức phúc không hỏi anh anh yêu em không anh không biết phải nói thế để đúng cảm xúc anh anh nhìn em anh thấy cuộc đời anh khứ tương lai hiện tại khôg bao giờ phai tình yêu anh luôn thầm lặng không nghĩa không rộng lớn chỉ anh đôi khó nói lời mong em hãy cảm nhận thôi cai hơn núi dài hơn sông rộng hơn đất xanh hơn trời anh yêu em anh yêu em thế thôi vượt ngọn gió vượt đại dương vượt áng mây thiên đường dẫu nói bao cảm giác anh bây giờ lẽ hơn yêu anh nhớ lần đầu tiên gặp nhau chẳng biết trước lần lần lần cuối anh yêu đời anh không mơ phải yêu nữa giờ anh em rồi em hết quãng đường đời tình yêu anh luôn thầm lặng không nghĩa không rộng lớn chỉ anh đôi khó nói lời mong em hãy cảm nhận thôi cao hơn núi dài hơn sông rộng hơn đất xanh hơn trời anh yêu em anh yêu em thế thôi vượt ngọn gió vượt đại dương vượt áng mây thiên đường dẫu nói bao cảm giác anh bây giờ lẽ hơn yêu,praise,neutral
xuất sắc chị ơi em ghiền mất tiu,praise,neutral
nhớ lần đầu nghe bài đợt covid giờ 2025 rồi,neutral,neutral
luôn nha,neutral,neutral
năm nay ngày cuối 2023 rồi pai pai năm cũ helo năm mới,neutral,neutral
cj đêm bài hát zing mp3 ak,neutral,neutral
cortisol go low,neutral,neutral
mv ý nghĩa cảm động hết sức,neutral,neutral
mùa tết qúy mão 2023 sắp mình chúc mọi người nghe bài hát chung cảm xúc sớm hoàn thành công xum họp bên gia đình mình nhé hãy nhớ dù bản thân mình thế gia đình chờ hà nội 0612202,neutral,neutral
honda nhà,neutral,neutral
ah phúc oi,neutral,neutral
quảng điện thoại,neutral,neutral
video ý nghĩa,neutral,neutral
mở bài ni đuổi khách,neutral,neutral
100 subcrib,neutral,neutral
đoạn a dắt xe chuẩn thêm khúc ôm ba mẹ lòng tạm biệt giống như để nạp năng lượng chuẩn xa hơn em không hài lòng chỗ cứ đờ đẫn dắt xe,neutral,neutral
hỏi sừng trông như thế v cao hơn núi dài hơn sông,neutral,neutral
có lẽ hơn cả tuyệt vời,neutral,neutral
nói tình yêu thương cuộc sống,praise,neutral
nhac,neutral,neutral
tuyệt e trai,praise,neutral
tui nghe hqa anh đen nhà phiên bản đời thật,neutral,neutral
không icm xoá vd are hơn yêu top 1,neutral,neutral
múp yêu ơi a yêu múp hi vọng em nghe bài thấy cmt a,praise,neutral
xin chào đen vâu,neutral,neutral
năm nay tết rầu,neutral,neutral
put low cortisol,neutral,neutral
vãi thiệt mệt nhà mệt,neutral,neutral
bài hát ý nghĩa trâu dislike không,neutral,neutral
phải nói đỉnh hạnh phúc thấy yêu gd vk ck luôn cảm ơn phúc em hát ý,praise,neutral
cảm giác bây giờ lẽ hơn yêu,praise,neutral
mẹ nghe mãi không chán,neutral,neutral
nhà thôi,neutral,neutral
nghe mấy lần thấy,neutral,neutral
ghi lời không,neutral,neutral
chất giọng đặc biệt quánghe nghiện,praise,neutral
peopl high level cortisol right dont wori guy kep ask god lean wil slowli take away anxieti,praise,neutral
nghe nhớ tết ghê,criticism,neutral
em hỏi anh anh yêu em không anh không biết phải nói thế để đúng cảm xúc lòng anh nhìn em anh thấy cuộc đời anh khứ tương lai hiện tại không bao giờ phai tình yêu anh luôn thầm lặng không nghĩa không rộng lớn chỉ anh đôi khó nói lời mong em hãy cảm nhận thôi cao hơn núi dài hơn sông rộng hơn đất xanh hơn trời anh yêu em anh yêu em thế thôi vượt ngọn gió vượt đại dương vượt áng mây thiên đường dẫu nói bao cảm giác anh bây giờ lẽ hơn yêu anh nhớ lần đầu tiên gặp nhau chẳng biết trước lần lần cuối anh yêu đời anh không mơ gặp yêu nữa giờ anh em rồi em hết quãng đường đời tình yêu anh luôn thầm lặng không nghĩa không rộng lớn chỉ anh đôi khó nói lời mong em hãy cảm nhận thôi cao hơn núi dài hơn sông rộng hơn đất xanh hơn trời anh yêu em anh yêu em thế thôi vượt ngọn gió vượt đại dương vượt áng mây thiên đường dẫu nói bao cảm giác anh bây giờ lẽ hơn yêu cao hơn núi dài hơn sông rộng hơn đất xanh hơn trời anh yêu em anh yêu em thế thôi vượt ngọn gió vượt đại dương vượt áng mây thiên đường dẫu nói bao nhiêu cảm giác anh bây giờ lẽ hơn yêu cảm giác anh bây giờ lẽ hơn yêu,praise,neutral
bài không c a why view view đều đều đúng bài hát đáng để nghe,neutral,neutral
valentine xa vợ nghe được bài khóc đêm cảm ơn được nghe bài hát,neutral,neutral
đam mỹ luôn,neutral,neutral
diễn không tốt nhạc,neutral,neutral
đức phúc đáng yêu cực kì ý,praise,neutral
nghe phát nghiện luôn ạ giai điệu bắt tai lời bài hát ý nghĩa 3,praise,neutral
sát thác thích bắp tay thế quân như chủ tướng nuốt trôi trâu chó khủng long chúa sợ sợ mất í hihi nhà giàu đứt tay tê tay bại tay bằng nhà nghèo sổ ruột,criticism,neutral
hơn 10 triệu view 12 triệu like like nhanh like nhanh,praise,neutral
thật sự phải cảm ơn đức phúc xem xong mv,neutral,neutral
hùng hậu,neutral,neutral
a biết e bài đành thôi trở e chưa bao giờ a thất vọng giọng hát lẫn cách thể hiện cố nha phúc cảm ơn khắc hưng sáng tác hưng,neutral,neutral
tổng kết mv sau 24h 3572195 viu 27n like 16n cmt top 1 trending love đphúc 3,neutral,neutral
sắp nhà rồi yeyeyeyeyeye 30 ngày nữa thôi,neutral,neutral
đức phúc sáng tác ý nghĩa sáng tác thêm bài ý nghĩa nữa như thế dành bác sĩ phải phòng chống vật lộn dịch bệnh covid 19 ngoài càng hơn,neutral,neutral
cảm ơn anh đức phúc hát bài hát như thế,neutral,neutral
itunes chưa nhà,neutral,neutral
ah yêu e cô gái đời a qphi cảm ơn em bên ah,praise,neutral
1 năm sắp trôi rồi nghe bài không nhỉ,neutral,neutral
hơn yêu thế nhợ em không biết nữa chỉ biết nhìn thấy người mình thương cảm giác lân lân hạnh phúc khó tả,praise,neutral
2024 nghe không,neutral,neutral
trân trọng cảm ơn nhãn hàng tiki cún bảo bối erik đáng yêu,praise,neutral
nghe xúc động,neutral,neutral
lowest cortisol,neutral,neutral
thích bài hát,praise,neutral
hóng,neutral,neutral
xem phần mô tả video không tui kết mô tả ông dùng tiếng việt chứ không phải như mấy mv khác toàn tiếng anh i,neutral,neutral
không nhà,neutral,neutral
ngày cày anhnghe mãi không chán,neutral,neutral
nghe 10 lần rồi thấy ạ,neutral,neutral
mong anh phúc kiếm người yêu năm nay,praise,neutral
mùa hè rồi nghe không chứ tui cày view miết,neutral,neutral
xóm em ngoanai bảo e thật thà mẹ em không thích nghe rapnhưng mẹ nói trừ a,neutral,neutral
khóc luôn á trời,neutral,neutral
k6 vô lớp 10 ôn bếp lửa í,neutral,neutral
love song,praise,neutral
057 take back back home,neutral,neutral
quà anh ơi,neutral,neutral
người dislike người không nhà,neutral,neutral
lần đầu tiên ăn tết xa nhà xa quê xa bè nghe bài gớt nước mắt,neutral,neutral
tuyệt vời chàng trai,praise,neutral
đối bài hát năm,neutral,neutral
cô đơn nhà thôi,neutral,neutral
1 triệu like,neutral,neutral
low cortisol song,neutral,neutral
2024 không,neutral,neutral
lần đầu thấy bài hát không dislike,neutral,neutral
đức phúc nghe ns bê đê mọi người ak,neutral,neutral
siêu phẩm,neutral,neutral
29122024 sắp bước năm mới rồi cảm ơn anh đen anh te bài hát mang hương vị tết mong năm nay bài hát đậm hương vị tết như nhà,neutral,neutral
đưa linh cáo trốn đưa justate nhà,neutral,neutral
hơn yêu,praise,neutral
bài mình nghe nhớ năm mới,neutral,neutral
trueli low cortisol,neutral,neutral
mang bao nao nức xe chở niềm háo hức xuân suốt đêm ngày dòng người phố mang sắc mai hương đào tìm nơi ấm êm đường nhà tim dẫu nắng mưa gần xa thất bất vang danh nhà luôn chờ đường nhà tim dẫu mua trùng vật đổi dời nhà luôn nhà,neutral,neutral
10 năm sau quay xem cmt 5like không,neutral,neutral
sắp hết 1 năm,neutral,neutral
mọi người tìm kiếm youtube gole xem để không tụt top 1 nha,neutral,neutral
vũng tàu á,neutral,neutral
213 lắm,neutral,neutral
nghe xong bài muốn tìm yêu mãi mãi,praise,neutral
bài hát đầy rẫy sự dễ thương,praise,neutral
comback god,neutral,neutral
chúc cô chú anh chị kết hôn yêu mãi luôn hạnh phúc bên ng mình yêu gia đình người độc thân chúc mọi người tìm hạnh phúc riêng mình cảm ơn mọi người đọc,praise,neutral
hơn yêu,praise,neutral
nghe muốn tết,neutral,neutral
xem xong tự dưng muốn yêu thật lâu,praise,neutral
tết rồi nhànghen mấy huynh đệ ơi,neutral,neutral
âm nhạc đen không cần wechoice nhé,neutral,neutral
không biết bao giờ hết dịch mới gặp nhau tủi thật sự muốn chạy để gặp,neutral,neutral
zị nè tik tok bay không,neutral,neutral
beter 115x speed thank later,neutral,neutral
top 1,neutral,neutral
cảm giác ấm áp không thể cảm giác khó tả chúng nhà,neutral,neutral
nghe nge không thấy chán,neutral,neutral
tik tok đưa mik ts,neutral,neutral
mới tới khúc chị ngụp bể bơi cầu hôn rưng rưng mẹ are chả hiểu nhạc khuôn mặt hạnh phúc chị minh cảm thay cảm động luôn,neutral,neutral
trời ạ tùng đen 2 người mình thích,praise,neutral
yeah top1 trend roifi 3 3 3,neutral,neutral
lower costicol right,praise,neutral
mv không xem mn,neutral,neutral
9 ngày nữa tết 202 rồi hic 1 năm covid buồn,criticism,neutral
43 ngày nữa thôi,neutral,neutral
không bik nói chỉ bik nói đẳng cấp đẳng cấp triệu like 2 bro nha,neutral,neutral
mùng 9 tết rồi nghe không,neutral,neutral
mv,neutral,neutral
057 cầm shit,neutral,neutral
nghe đê,neutral,neutral
suốt mv cặp đôi lgbt càng muốn nghe nhạc đức phúc nhìu hơn,neutral,neutral
0h40 ngày 2332020,neutral,neutral
chil phết,neutral,neutral
1m like rồi ơi chúc mừng đen,neutral,neutral
wa nghe quài không chán,neutral,neutral
1 triệu like chú đen 3,neutral,neutral
giẫu le,neutral,neutral
sắp tết rồi chúc mọi người năm mới hạnh phúc gia đình nha,neutral,neutral
nhà thôi bỏ hết ưu phiền,neutral,neutral
năm ms khởi đầu thuận lợi anh ha v 3 3,praise,neutral
mv thực sự,neutral,neutral
mong lọt top thịnh hành,neutral,neutral
bài hát haychúc anh đức phúc nhiu hơn bài nữa,neutral,neutral
mv thật ý nghĩa xúc động chúc anh luôn thành công nhé,neutral,neutral
mn đều cặp riêng đức phúc fa,neutral,neutral
nhà thôi,neutral,neutral
chúc đọc coment hạnh phúc bên gia đình cháu ngày tết lòng thương người giúp mik đăng kí kênh dùm cám ơn mọi người,praise,neutral
ló,neutral,neutral
chưa bao giờ coment like bất cứ 1 video hôm nay,neutral,neutral
nghe nhạc cứ thấy quen quen,neutral,neutral
đúng bếp lửa anh oi,neutral,neutral
giọng chị giống giọng chị fany luôn 3,neutral,neutral
anyon notic trend song go peak,neutral,neutral
song literali stick head wek,neutral,neutral
top 1,neutral,neutral
tuyệt vời,praise,neutral
gđ hoa dâm bụt,neutral,neutral
thực sự cortisol phải suy nghĩ đàn kalimba are hẹ hẹ,neutral,neutral
tương lai xán lạn mọi người ơi sai chính tả hết rồi,neutral,neutral
nhà mình gần quán cf ngày nghe mở bài,neutral,neutral
hơn yêu khứ khoảng trời tình yêu thương gia đình người thân b,praise,neutral
ny nghe xong chia tay,neutral,neutral
mọi người ơi lan tỏa mv ý nghĩa thật rộng 3 3,neutral,neutral
lô anh ạ,neutral,neutral
xa nhà như mình nghe chữ thấm tận tim gan 3 năm rồi chưa nhà ăn tết nay thêm dịch covid nữa đường nhà xa nay xa hơn,neutral,neutral
mv xúc động nữa hơn yêu,praise,neutral
không hiểu gần 10k dislike thật sự không hiểu,neutral,neutral
chưa bao giờ thấy 1 mv why nghĩa như vậy cảm ơn a đã truyền cảm hứng 1 số người,neutral,neutral
vđ,neutral,neutral
thể chỉ muốn nhà gia đình thôi cơm rau đạm bạc vui lăn lộn chẳng thật vô dụng cuối tìm nhà,praise,neutral
nghe cảm thấy cảm động đen te ơi,neutral,neutral
chán không zing,criticism,neutral
nhờ meme mới nổi đánh gậy bản quyền người kì nhỉ,neutral,neutral
hồi xa ngày nghe bài 23 lần,neutral,neutral
xem suýt khóc như không xem cảm động ngưỡng mộ thank you đẹp mình chưa tìm người mình hạnh phíc,neutral,neutral
252 cảm xúc lẫn lộn,neutral,neutral
443 ông cao thắng đông nhi bên nhau 1 năm kết hôn rưng rưng nhớ kỉ niệm tuyệt đẹp anh chị,praise,neutral
202 quay tìm màn lột xác chị hòa minzy hóng 10tr view thôi,neutral,neutral
hơn yêu hy sinh,praise,neutral
31122021 đêm rồi nghe xong bài mang tiền mẹ nhảy sang bài nước mắt rơi tết dương lịch như nửa năm rồi lần đầu tiên mình không nhà giờ tình hình dịch bệnh như công hàng đống thứ học hành trói mình may thấy bố mẹ videocal hàng ngày dù chuông điện thoại reo tầm 9h tối mình bỏ hết để nghe nhớ nhà thật sự,neutral,neutral
muộn nhất việt nam 2132026,neutral,neutral
xem mv phải nỗi da gà thật sự ý nghĩa,neutral,neutral
tuyệt phẩm ý nghĩa thanks why,praise,neutral
càng nghe càng thấm,neutral,neutral
best use fame ever,praise,neutral
sừng dài hơn núibuồn dài hơn sông,neutral,neutral
year top 1 trend nè 3,neutral,neutral
peak,neutral,neutral
bài hơn sơn tùng mtp,neutral,neutral
bài anh,neutral,neutral
2912 sắp tết rồi háo hức,neutral,neutral
năm thứ 3 chưa quê vợ,neutral,neutral
tóm chỉ thích nghe bài phúc thôi ngoài scandal chả muốn nghe,praise,neutral
chị tla xinh em mê rồi,praise,neutral
clip tui chảy nước mắt đầu cuối chứ lần đầu xem mv tràn đầy sự hạnh phúc đầu cuối trái tim rung động thế,neutral,neutral
tình cờ youtube thấy đề xuất video xem thử rồi ghiền luôn giai điệu nhẹ nhàng bắt tai lyrics dễ thuộc mới biết anh chị 1 couple luôn đấy chúc anh chị thành công sản phẩm thành công nữa nha,praise,neutral
đoạn đầu nghe giống thank you next ariana thế nhỉ,neutral,neutral
ghen tị ghê á,criticism,neutral
name low cortisol song probabl best thing ever do,neutral,neutral
bro chang song low cortisol,neutral,neutral
14 chào người ae nhé,neutral,neutral
nhac cua đo trua,neutral,neutral
muốn nhà đường nhà tim,neutral,neutral
cortisol lower ngl,neutral,neutral
phúc chỉ thiếu sự xuất hiện hạnh hạnh phúc,criticism,neutral
xúc động,neutral,neutral
lêng zingmp3 đ anh chị,neutral,neutral
gona lie music god,criticism,neutral
sắp nhà thôi chúc may mắn nhé mọi người,neutral,neutral
năm tết nghe bài nhớ nhà nhớ cô vui,praise,neutral
203401m nay 203764m tăng 363k so hqua 64k,neutral,neutral
zing mp3 chưa đen,neutral,neutral
video cảm động ý nghĩa nữa đặc biệt ngày 142 sắp tới ạ,neutral,neutral
hơn yêu chỉ gia đình thôi,praise,neutral
ý coá đam mỹ,neutral,neutral
bài hát tuyệt vời chạm trái tim cảm xúc người nghe clip đẹp tuyệt giai điệu đầy cảm xúc,praise,neutral
coi khóc,neutral,neutral
thời gian trôi nhanh mới 1 năm trôi,praise,neutral
20tr views rồi,neutral,neutral
bài hát top 2 trending tuần xứng đáng đ mọi người muốn nghe giai điệu nghe nghe nghe hoài không chán chứ không phải nặng nề cày cuốc,neutral,neutral
chúc mừng anh chị đạt 1 triệu views 3,neutral,neutral
nhạc khắc hưng đỉnh rồi,praise,neutral
cảm giác hơn yêu 3 giải thích e biết cảm giác hem,praise,neutral
nghe bài hát giống người thương anh không nói chỉ âm thầm em em giả vờ không hiểu khiến anh phải buồn tuy cách xa hai đầu đất nước cảm giác gần anh em tình cảm anh em đều cảm nhận em chờ anh chưa bao giờ thay đổi anh đừng buồn nữa nhé gửi người thương,praise,neutral
tuyệt vời,praise,neutral
cảm thấy đức phúc hát đám cưới anh duy mạnh hơn mv gốc không,neutral,neutral
dễ thương thật sự,praise,neutral
top 1 rồi yeah,neutral,neutral
excelent song what i like hehe bài hát tuyệt vời nha,praise,neutral
chuẩn hết 1 năm muốn nhà thật sự,neutral,neutral
2 h 30 2122020 24 m,neutral,neutral
nghe nhớ tết mọi ng ơi,neutral,neutral
top hight,neutral,neutral
hơn yêu thương,praise,neutral
32 coi nc mắt hiểu cảm giác chờ ng như thế,neutral,neutral
sắp tết rồi mình đài loan thêm 1 năm không quê,neutral,neutral
starbuck low cortisol,neutral,neutral
lần sắp tết phải nghe bài không,neutral,neutral
nhạc giờ tắt phố thức đèn đường hiu hắt chút mưa bay mi mắt rồi đưa em đêm nay giờ phố mấy người thầm nhỏ to tíu tít chạy giờ đưa em đêm nay tim em đau rồi chân em mỏi rồi đông rồi em mình thế thôi đêm nay thật dài em mệt nhoài sương rơi đêm lạnh đầy đưa em đêm nay take me back back home đường chẳng xa đưa em ba ngã năm năm ngã ba nhà take me back back home đường chẳng xa đêm khuya rồi không đưa em nhà la la la la la la la la la đưa em lalala x 3 không đưa em rap from 9 to 5 tan ca thật mỏi mệt em biết đường tuyệt nhiên không khó lẽ sự cô đơn khiến đôi chân em mỏi oh em xa anh đưa nhà đừng 1 mình đường người không vội anh đợi dừng bao nhiêu lần đèn đỏ chỉ khiến anh vui thôi phố ngoài nhớ em nơi biết bao lần nhạt dần chẳng đúng hẹn nơi em dừng chân oh bab,praise,neutral
sau katm gỡ teaser gần 1tr dislike tab 1 thịnh hành đức phúc,neutral,neutral
vô tìm anh nam,neutral,neutral
hóng tế,neutral,neutral
tuyệt quá anh ơi,neutral,neutral
hóng virus reaction cá nhân cảm nhận thấy bài hát lời đức phúc hát hơn nữa,neutral,neutral
cạn lời,neutral,neutral
phết,neutral,neutral
bài hát càng nghe càng thấy thấm,neutral,neutral
chưa mp3 nhạc tui hã mn,neutral,neutral
anh,neutral,neutral
thề khúc chàng trai cô gái chạy ôm t bật khóc luôn trai t chưa bao giờ t thấy t yêu chỉ mọt mồm,praise,neutral
mixigam love,praise,neutral
chuẩn dọn dẹp nhà cửa thôi mn ơi,neutral,neutral
mệt nhà mông lung nhà chênh vênh nhà không nhà không nhà nhà nhà 2025 tết sắp nhà thôi nhớ mẹ yêu mẹ,neutral,neutral
202394m nay 202590m tăng 196k so hqua 26k,neutral,neutral
cưng phúc ơi,neutral,neutral
cặp đức phúc 1 mình,neutral,neutral
tình yêu anh luôn thầm lặng,praise,neutral
em,neutral,neutral
hai anh chưa bao giờ tụi em thất vọng,neutral,neutral
âm nhạc anh nghĩ em,neutral,neutral
đen vâu is the best tiên tri,neutral,neutral
mv mình mới youtube ủng hộ vơi nhé,neutral,neutral
tốc độ 125 chờ bật thề vluon,neutral,neutral
3 năm trôi nghe thấy chil mãi yêu tia,praise,neutral
đức phúc 1 mik,neutral,neutral
nghe bài nhạc phí phương anh xong hãi phải sang rửa tai mới gọi âm nhạc,neutral,neutral
chuẩn tết 202,neutral,neutral
chúc chị nhanh nút ruby nhé,praise,neutral
ngay nàylại thích nghe bài,praise,neutral
viral,neutral,neutral
tiktok qa giốg tui không,neutral,neutral
bít anh ơi dời cậu rồi giờ bít youtube gặp a đức phúc,neutral,neutral
beat hay,praise,neutral
chúc mv lập thành thích,praise,neutral
không bao giờ thấy than van,neutral,neutral
407 công khai luôn ghê dzợ,criticism,neutral
anh phúc,neutral,neutral
ý nghĩa,neutral,neutral
không nhà,neutral,neutral
thích đen,praise,neutral
tiktok đưa mình,neutral,neutral
fc khởi my chúc mv ngày càng thành công hơn ạ,neutral,neutral
đưa zing mp3 ạ,neutral,neutral
nghe bài ấm áp nhớ nhà,neutral,neutral
phát trực tiếp mv sơn tùng comen kìa,neutral,neutral
iu chú 3,neutral,neutral
bây giờ nghe không,neutral,neutral
nghe mãi thấy nhạt,neutral,neutral
320 hai ông yêu nhau,praise,neutral
ạ,neutral,neutral
low cortisol song fire,praise,neutral
thật lời rap gần gủi,neutral,neutral
low cortisol ah,neutral,neutral
nhanh,praise,neutral
tết muốn nghe bài như,neutral,neutral
lần đầu tiên gặp nhau,neutral,neutral
touch song,neutral,neutral
hơn yêu em hỏi anh anh yêu em không anh không biết phải nói thế để đúng cảm xúc lòng anh nhìn em anh thấy cuộc đời anh khứ tương lai hiện tại không bao giờ phai tình yêu anh luôn thầm lặng không nghĩa không rộng lớn chỉ anh đôi khó nói lời mong em hãy cảm nhận thôi cao hơn núi dài hơn sông rộng hơn đất xanh hơn trời anh yêu em anh yêu em thế thôi vượt ngọn gió vượt đại dương vượt áng mây thiên đường dẫu nói bao cảm giác anh bây giờ lẽ hơn yêu anh nhớ lần đầu tiên gặp nhau chẳng biết trước lần lần cuối anh yêu người đời anh không mơ gặp yêu nữa giờ anh em rồi em hết quãng đường đời,praise,neutral
nhà tình yêu luôn đợi quay,praise,neutral
đúng hơn yêu,praise,neutral
mv anh ơi thêm anh trấn thành chị hari nữa đỉnh luôn sơn hồng phạm nguyễn anh,praise,neutral
em bản nhạc thật êm dịu nói tình cảm gia đình,neutral,neutral
tình yêu 1 thu không thê không,praise,neutral
chưa bao giờ nghe bài rap lời rap tự nhiên chân thành như lời nói thường ngày kết hợp giọng jt ấm ấm xíu mê luôn 3,praise,neutral
đưa anh top 1 mọi người ơi,neutral,neutral
mình thích yêu bài hát,praise,neutral
2021 nghe điểm danh,neutral,neutral
lgbt đức phúc đưa bài hát thể hiện sự bình đẳng,neutral,neutral
xem lần đầu rơi nước mắt như mình không,neutral,neutral
cảm giác nhà không khí tết thật sự hạnh phúc,neutral,neutral
like và cày nào m ơi,neutral,neutral
2 điểm toán tui nhà bố mẹ cút khỏi nhà,neutral,neutral
tự dưng khóc nghẹn,neutral,neutral
tuyệt,neutral,neutral
bài gần 1 tr like bài 1 tr like chưa 1tr like,neutral,neutral
văn sóng nha ae,neutral,neutral
port cortisol ind,neutral,neutral
coi clip anh nam không bartender,neutral,neutral
khóc xem mv điểm danh đuê,neutral,neutral
tại m thích t thích cần lí nữa hả mình chia tay nhá tại cậu biết buồn như thế thương cậu chắc cậu thấy phiền toái đáng ghét đáng sợ nữa đúng không không biết thấy lời tâm sự cậu cậu buồn đêm dại dột đứng trước nhà cậu nữa đêm như cậu sợ cảm xúc thật sự rối bờitôi chỉ muốn gặp cậu muốn ôm cậu bảo cậu đừng nói lời đấy nữa đừng nói xa như nữa cậu bảo cậu hết tình cảm cậu nói lời chưa bao giờ nghĩ cậu nói như sai chưa cậu thời gian người nói vội cậu biết đêm tỏ tình cậu động lực để mọi mọi thứ cậu miễn cậu vui không thể em hết mọi thứ thể cứ để tiến lo sau tất cậu nhắn t không cần ghét cậu tự hỏi cậu rồi an dễ thương tiến rồi thấy cậu nhạt dần 2 tuần trước tự nhủ không cậu vui cậu mệt mỏi nghĩ mình phải chủ động mọi thứ nói câu câu cậu muốn nghe gọi cậu bằng gái thích cậu lạnh nhạt buồn chứ tự lấy động lực để tiếp tục cậu vui không chúng vui nhỉ tập nhảy ôm cậu ngủ xem phim thấy cậu xem phim cười ngại ngùng trời ạ muốn xách cậu nhà riêng mình xài luôn dễ thương rồi buổi nghĩ tết lấy xe gặp cậu mặc chỉ nói hàng rào cậu biết không vui bây giờ động lực tiểu sử cậu i hope youl stay no mate how worst i am cậu yên tâm dù cậu đối xử tệ như thế thôi chẳng bảo giờ bỏ rơi cậu âm thầm dõi cậu đuổi cậu lần nữa chẳng bỏ cuộc mong cậu thấy lời văn tâm sự vụng chỉ muốn nói tiến thương an mãi thương an dù chăng nữa 10h12 15022020 yêu cậu lê cát hoài an,praise,neutral
xem xong rơi vài giọt nước mắt nặng nề nổi lòng đường nhà đường tim nhà ngây thơ,criticism,neutral
anh hát,neutral,neutral
bài hát nhà đen justate thể hiện tình cảm sâu sắc mái ấm gia đình dù cuộc sống khó khăn nhà luôn nơi chờ đợi mang hạnh phúc bình yên đường nhà hành trình trở trái tim nơi tìm thấy sự an yên,neutral,neutral
lâu rồi mới bài mình nghe lần thế cảm ơn anh đen te,neutral,neutral
hôm nay nghe hơn yêu bài hát chất giọng đức phúc đúng đặc biệt ấm áp,praise,neutral
anh ơi tết mở bài hợp lý luôn,neutral,neutral
high cortisol ing,neutral,neutral
ae cbi nhà ăn tết chưa nhỉ,neutral,neutral
chuẩn tết 2024 rồi mình nghe bài không thấy chán mình nhớ quê cảm ơn đen nhé,neutral,neutral
e,neutral,neutral
reali love song alway remind home im far,praise,neutral
khánh vy nghe bài,neutral,neutral
hieuvip2 kênh ủng hộ mình xem khóc lụt sg huhu xem xong mv muốn bỏ tất bố mẹ cảm ơn anh phúc mv tình cảm chúc mv hơn yêu anh sáng tác nhạc sỹ khắc hưng triệu triệu views on top trending kỷ lục nha bài đồng cảm luôn mãi iu,praise,neutral
yêu mái ấm,praise,neutral
thank you anh luôn thầm lặng,neutral,neutral
nhạc nhạc,neutral,neutral
tết phải nha thôi,neutral,neutral
yêu chú,praise,neutral
hơn cá yêu hơn yêu mấy,praise,neutral
số tui thích lượt like,praise,neutral
quớ,neutral,neutral
xe win xịn nha,neutral,neutral
bài hát ý nghĩanếu thể hãy nhàvì nơi luôn người đợi,neutral,neutral
không biết em đọc lời không anh chẳng dám gặp em nữa đời a chỉ thương mình em,neutral,neutral
nhạc mê mr đen,praise,neutral
low cortisol make want turn fotstep electr,neutral,neutral
nhận chủ nhân ca khúc không nhà đúng đen thật,neutral,neutral
love meghalaya northeast india apreci al song nice,praise,neutral
29 ròi thoi,neutral,neutral
giờ tết âm 10tr thi tuyệt vời,praise,neutral
sắp tết rồi bài mới anh luôn ủng hộ,neutral,neutral
lâu lâu bật nghe cảm động,neutral,neutral
seiun sky low cortisol imag,neutral,neutral
lần xem video rơi nước mắt xuất sắc tuyệt vời cảm ơn em,praise,neutral
a đen ơi e muốn nhà luôn bây giờ,neutral,neutral
new favorit artist,neutral,neutral
bài chảy nước mắt,neutral,neutral
mv hạnh phúc t cứ khóc mãi thôi,neutral,neutral
nhà luôn bên cạnh,neutral,neutral
c thích biểu cảm giọng hát em e mới bước cuộc thi e xin tắt hết đèn lý đáng yêunhư em mới đủ tự tin hôm nay em moi thứ sự yêu thương mạnh mẽ đẹp trai nữa chứchuc mừng em,praise,neutral
anh dự đoán đúng đề văn 9 hk1 năm nay 150,neutral,neutral
nghe nhạc ca 3 top trending 2712 thấy bài đen cảm xúc nhất cảm ác yên bình nhất thấu luôn hình ảnh nhân vật phải 1 bức ảnh chup chung đen,criticism,neutral
đắm chìm bài hát hôm tới giờ không bỏ 1s nhé càng nghe càng cuốn rhyder,neutral,neutral
tui nhỏ chưa rời xa nhà,neutral,neutral
210 giống nam per vãi,neutral,neutral
top 3 xứng đồng tiền bác gạo,neutral,neutral
cứ nghe muốn nhà chứ không chỉ nhà dịp tết,neutral,neutral
nhà gìnạqoeoidjebwnskskejenajwkeojnsnwjwj,neutral,neutral
bánh ăn không hết ms,neutral,neutral
1 siêu phẩm cực,neutral,neutral
finali find ofici low cortisol song,neutral,neutral
để tui coi alan phạm hát,neutral,neutral
a đen vâunqe bài nàynôn hè86 mãi đỉnh nha,praise,neutral
tết sắp nữa rồi,neutral,neutral
113 lịch học sau tết nhu thế,neutral,neutral
520 cặp tik,neutral,neutral
thất bại nhà,neutral,neutral
nghe nghe lai không chan,neutral,neutral
way chang titl,neutral,neutral
lyris,neutral,neutral
bài tia chơi chữ đỉnh nè,praise,neutral
bài hát ý nghĩa cảm động phát khóc luôn huhu,neutral,neutral
1 năm rồi lần nghe cảm xúc như lần đầu bài hát tuyệt vời nhất lòng,praise,neutral
cortisol low forget stre,neutral,neutral
coi xong tủi dễ sợ chả cuộc tình khắc cốt ghi tâm hết,criticism,neutral
high cortisol,neutral,neutral
thế sắp tết rồi mình chưa thật đáng trách bản thân,neutral,neutral
a ơi nghe 2 lần e thuộc luôn rồi hihi e cover kênh e chưa thuộc,neutral,neutral
ngày tháng dịch bệnh nghe bài thật sự thấm sg 17092021,neutral,neutral
eng sub pleas,neutral,neutral
rộng hơn núi đủ hiểu are,neutral,neutral
tictok,neutral,neutral
dự bài tăng view dịp tết giáp tết,neutral,neutral
nhà thoi chú đen ơi,neutral,neutral
low cortisol,neutral,neutral
cảm động,neutral,neutral
trường học sau nghỉ tết nguyên đán gói bánh trưng mang me dăn thicha ăn thi rán chia bè,neutral,neutral
low cortisol,neutral,neutral
xin lỗi anh đen x justate bỏ lỡ 1 bài hát thế nghe xong bài yêu thương gia đình nhìu hơn,praise,neutral
mv ý nghĩa thật sự xúc động xem tình cảm mọi người,neutral,neutral
quanh quẩn chuẩn tết rồi,neutral,neutral
hơn yêu thương 3,praise,neutral
dẫu nắng mưa gần xa,neutral,neutral
hơn yêu,praise,neutral
thật sự,neutral,neutral
mn ơi,neutral,neutral
xúc động cơ coi coi rơi nước mắt,neutral,neutral
lời bài hát nội dung mv ý nghĩa chúc mừng a đức phúc nghe bài a da riết giọng a ngọt ủng hộ a,neutral,neutral
anh,neutral,neutral
song hit vibe right perfect,praise,neutral
hên em vừa nhà,neutral,neutral
đỉnh thật sự 3,praise,neutral
khúc 1 03 thấy tòa nhà 81 tầng không,neutral,neutral
actuali ade think fake xd,criticism,neutral
xem mv xong suýt khóc thật tuyệt,praise,neutral
3 giây đầu thấy fel rồi nàng ơi,neutral,neutral
huhu cảm động,neutral,neutral
tiến thẳng 1m like,neutral,neutral
anh ơi,neutral,neutral
cứ mấy xị nghe phê luôn,praise,neutral
thật ý nghĩa,neutral,neutral
112 bài tập nhà tao côrona,neutral,neutral
70m rồi chúc mừng phúc nhé,neutral,neutral
cặp lgbt hạnh phúc,neutral,neutral
đoạn 2 nam nữ ôm nhau tự nhiên rơi nước mắt thật sự cảm động bài ngày đầu tiên phúc khiến người xem rơi nước mắt hạnh phúc ngọt ngào gặp phúc 1 lần sân bay ngoài e lễ phép dễ gần ủng hộ em sản phẩm sau,neutral,neutral
tiên tri thật sự đứng đợi 15 phút nhà ye ye đóng cửa anh anh nhà ye ye,neutral,neutral
mình khóc nhớ nhà huhu,neutral,neutral
ngày nghe qué,neutral,neutral
dịch thế nge nhạc anh e nhớ nhà,neutral,neutral
thật sự ý nghĩa,neutral,neutral
trễ hơn t,neutral,neutral
true mi home,neutral,neutral
nhạc chuông đt cuối vid bài mn,neutral,neutral
hơn yêu nghĩa không bao giờ thể tả sự yêu thương mình dành nửa,praise,neutral
composer hoà âm phối khí khắc hưng singer đức phúc ft nguyễn hồng ngọc thu âm mix master d1 studio,neutral,neutral
come joke song actuali peak even tho dont understand 95,neutral,neutral
noi den nghiep cua ban than cao hon ca nui dai hon ca song rong hon ca dat xanh hon ca troi,neutral,neutral
bài rât,neutral,neutral
set speed 120 perfect,praise,neutral
mới đầu nghe tưởng hansa hát cơ,neutral,neutral
317 chết tui,neutral,neutral
mv ý nghĩa sản phẩm thích nhất trước giờ ಥಥ,praise,neutral
đám cưới duy mạnh giống tui hôn,neutral,neutral
nhớ nhà qá mọi người ạ,neutral,neutral
sắp đón tết nữa rồi,neutral,neutral
6 tháng nữa tết rồi v,neutral,neutral
sắp sang tháng 82024 rồi chúc mn tháng mới bình an nghe nhạc vui vẻ nhe,praise,neutral
nghe nghe bài mãi,neutral,neutral
chỉ mong năm nay gia đình đầy đủ thành viên vui vẻ rồi,praise,neutral
sắp 2025 are,neutral,neutral
e cảm động nhất đoạn a tỏ tềnh cj khuyết tật đấy ý nghĩa vô mn ạ,neutral,neutral
đa số cover hơn gốc,neutral,neutral
biết cô gái nghe bài nhân dịp valentine anh chúc em tuổi mới thật vui vẻ hạnh phúc luôn mỉm cười nhé,praise,neutral
xin cánh tay nghiện bài,praise,neutral
nghe bai nay minh muon khoc luonhihi,neutral,neutral
còn ở với tôichắc chưa đến 10 người,neutral,neutral
bây giờ xem không ạ 3,neutral,neutral
thiếu trấn thành hari nữa,criticism,neutral
bài hát phải goị ý nghĩa anh phúc ơi,neutral,neutral
muốn thư giãn chỉ nghe nhạc chú thoi nghe luôn thắm câu,neutral,neutral
đức phúc gay vl,neutral,neutral
trường giang nhã phương,neutral,neutral
xa nhà tết không nhà hãy mình thấy cánh tay để không thấy cô đơn,neutral,neutral
chị thật sự thêm low cortisol,neutral,neutral
29 tết,neutral,neutral
năm 2021 xem không điểm danh nhề,neutral,neutral
câu bấy nhiêu thôi như nói hết tất cung bậc cảm xúc người xa nhà nghe xong vui hẳn dù mình phải học cày như trâu nơi xa xứ,praise,neutral
nhà thoi,neutral,neutral
2025 chuẩn 1 tết nữa 4 năm òi,neutral,neutral
vươn tầm thế giới,neutral,neutral
cbi bài 1tr like đen vâu không,neutral,neutral
chú ơi nghe bài tâm trạng chuẩn quê thật tuyệt,praise,neutral
đón chờ ca khúc tiếp phúc càng nghe càng thích giọng ca phúc,praise,neutral
gần 1 năm rồi á v,neutral,neutral
15 nghìn lượt dislike tết nay không nhà,neutral,neutral
232 nhớ bố mẹ mk ngày xưa,neutral,neutral
yuphom swet home thank,neutral,neutral
cứ mỗi lần chiếu tới đoạn gia đình của chị bị khuyết tật là t lại khóc có lẻ bản thân cũng mong muốn được làm mẹ,neutral,neutral
hôm nay kỷ niệm 1 năm bài hát nhà rồi thời gian trôi nhanh thật,praise,neutral
hẹn cuối năm bật nhà đen justate nghe năm nay lẽ năm đặc biệt nhất suốt hơn hai mươi năm cuộc đời mình mình tốt nghiệp rồi lao đời kiếm cơm rồi rồi càng thấm thía ý nghĩa giá trị gia đình cuộc đời không màu hồng như chúng tưởng gặp khó khăn mình nghĩ tới nhà bất kể vui buồn mông lung chênh vênh chán nản nghe thấm thấm để chiêm nghiệm chiêm nghiệm để thêm yêu thêm trân trọng gia đình không dám nhận lớn trưởng thành nhất năm nay mình đem tiền mẹ chúc nghe bài hát luôn mạnh khỏe thật thành công để nhà nhé,neutral,neutral
bài tik tok dùng nè chúc chị tia sớm nổi tiếng nha,neutral,neutral
blockifi even block wont believ hapen next clickbait ad clean experi,praise,neutral
vượt st rồi,neutral,neutral
tiki cuộc sống,neutral,neutral
không zing tar,neutral,neutral
dễ thương quáa,praise,neutral
anh ơi,neutral,neutral
team tết tây không điểm danh,neutral,neutral
nghe nhớ ngày sưa chung bà nội đầy tuổi thơ h bà nội mất rồi nghe nhớ,neutral,neutral
chúc anh thành công,neutral,neutral
bài hát chứa đầy cảm xúc tks đp,neutral,neutral
thank,neutral,neutral
cortisol level never ben low,neutral,neutral
nhất thiết kể không,neutral,neutral
như đầu,neutral,neutral
nhà mình tuyệt nhất,praise,neutral
chú ơi trường thi hát hát bài,neutral,neutral
đen ơi bài mới tết đen ơi năm ngoái nghe bài đen mình hạ quyết tâm gần bố mẹ luôn ý nơi cha mẹ nhà,neutral,neutral
tớ chơi chung,neutral,neutral
đại dịch đỉnh điểm bây giờ người chỉ muốn nhà người nhà mãi mãi không nhà không thương,praise,neutral
mấy ăn xa nghe bài nhớ nhà,neutral,neutral
chú đen chú justate,neutral,neutral
quê thôi mọi người ơi,neutral,neutral
không để tả luôn anh ơi,neutral,neutral
nghe mãi thích justa,praise,neutral
wait wtf word low cortisol titl ahahaha wtf,neutral,neutral
đức phúc 0kicm hiểu,neutral,neutral
ý nghĩa thật sự,neutral,neutral
nay chiều mùng 3 tết rồi mấy ăn tết như thế,neutral,neutral
agn tachyon low cortisol danc,neutral,neutral
hơn yêu thứ tình cảm tuyệt vời,praise,neutral
nghiền 3,neutral,neutral
giọng đen mộc mạc giọng te nhẹ nhàng ngọt ngào,neutral,neutral
mua covit cac ban va nam moi toan,neutral,neutral
bài hát đám cưới hơn yêu,praise,neutral
bài hát thật sự đỗi yên lành xem mv chỉ muốn bỏ sau tất đắm chìm hạnh phúc xem khóc hết nước mắt chả hiểu mít ướt p,neutral,neutral
chú chó cute,neutral,neutral
mẹ bọn nhà wc chặn không a tao,neutral,neutral
ba mẹ nhà để mem ơi người không nhàko người thân muốn nhà,neutral,neutral
mv í nghĩa,neutral,neutral
ánh nắng anh àh yêu không hơn yêu,praise,neutral
chỉ ngoài ms biết nhà quan trọng thế ôn thi áp lực tâm trí chỉ muốn thật nhanh nhà,praise,neutral
ý nghĩa ủng hộ đức phúc,neutral,neutral
chú xe ôm đưa em ạ,neutral,neutral
tuyệt vời,praise,neutral
nghe bài tiktok 2019 gắn kỉ niệm,neutral,neutral
nghiện zồi,praise,neutral
xem bát men yêu ngay,praise,neutral
nhạc mv đẹp ý nghĩa,praise,neutral
cuộc đua top 1 2 căng đét tui thấy bài nhất,neutral,neutral
anh chris tình yêu em dành hơn cao hơn núi dài hơn sông nhé bé iu,praise,neutral
ban đêm khó ngủ thường mở nhạc đen vâu nge dễ ngủ tuy ráp giai điệu tích cực gần gũi nge vài bài ngủ mất tiêu,neutral,neutral
mv dễ thương,praise,neutral
đầu nghe tik tok tưởng giọng fany,neutral,neutral
chị ơi up zing mp3 ạ,neutral,neutral
sắp are chú ơi,neutral,neutral
học năm 3 are nay nghe bài nay tự nhiên nhớ ba má,neutral,neutral
tui tv kìa quạc quạc,neutral,neutral
nhạc nghe,neutral,neutral
đam nữ kìa thích cực í,praise,neutral
mai valentine rồi nè mn,neutral,neutral
song fel like lower cortisol ind,praise,neutral
ca khúc nhà thật mình ơi chúc ca hát vui nha nhạc pip hôp like,praise,neutral
cặp đồng tính giống cha nhảu cầu hồi bên tới tài tử chay z10 cứu,neutral,neutral
cortisol lowest,neutral,neutral
yêu không cần phân biệt giới tính tuổi tác chỉ cần hai ng yêu nhau đủ rồi,praise,neutral
không hiểu mình cứ tua tua đoạn cặp đôi yêu xa gặp nhau,neutral,neutral
nghe có một lần bên kì tài thách đấu mà h nghiện luôn rồi không phải fan nghe xong bài này chắc gia nhập hội fandom của đức phúc quá,neutral,neutral
hơn yêu đối chính t không rõ,praise,neutral
nghe e nghe mãi không chán iu anh chị nha,neutral,neutral
thời gian trôi nhanh mới đêm 30 giao thừa nghe bây giờ chỉ vỏn vẹn 170 ngày nữa chúng đón thêm 1 đêm giao thừa hoàn toàn mới mẻnhưng mong đại dịch covid 19 mau nhanh để xem pháo hoa như mọi năm,praise,neutral
hãy phúc đẹp dễ thương ghê,praise,neutral
chất anh nuôi ơi,neutral,neutral
mình thích nhất cặp chú minh lý cô hoàng anh nhìn cô tội bệnh tật phải ngồi xe lăng 1 gia đình hpthật cảm động ngưỡng mộai ý kiến giống mình mình xin 1 like coment ạ,neutral,neutral
clip cảm động nhất đức phúc,neutral,neutral
đức phúc,neutral,neutral
true low cortisol,neutral,neutral
cảm ơn đen mới thực sự âm nhạc,neutral,neutral
top 1vui qué,neutral,neutral
ôi mai tết rồi nhà tuy bận rộn vui mình chúc mấy ăn tết vui vẻ nhé,praise,neutral
style ngew phúc ng béo s mv tòn ng béo z,criticism,neutral
lẽ hơn yêu,praise,neutral
thấm tks nhạc sỹ dp,neutral,neutral
tặng bài ngyeu chúc anh valentine vui vẻ nhé mong tình yêu chta luôn bền vững em yêu anh,praise,neutral
dự trending bài hát đám cưới,neutral,neutral
bài hát như lời dự báo trước làn sóng nhà vừa bà thành phố hcm tỉnh phía nam,neutral,neutral
a vâu ơi,neutral,neutral
cảm động,neutral,neutral
đưa trốn bằng winer1lúc bằng winer x,neutral,neutral
sky ủng hộ 3,neutral,neutral
bài cực người biết,neutral,neutral
dịch mắc kẹt sg gần 3 tháng lần nghe bài nhớ nhà,neutral,neutral
65 cần thơ chào anh em nhé,neutral,neutral
low cortisol ah song,neutral,neutral
trời ơi bài nghe lâu rồi mãi mê vibe why như lần đầu nghe không nghĩ hot trở nhờ meme low cortisol but anyway true low cortisol mãi đỉnh ạ,praise,neutral
tihi coperation tuyet voi hóng sp mới,neutral,neutral
ông nam kênh quyênnam station nek 158,neutral,neutral
bắt taichúc 2 e ngày càng thành công,neutral,neutral
19ngàn disliked nhỉ,neutral,neutral
2024 nghe không,neutral,neutral
bài ngô trúc linh đúng vibe luôn,neutral,neutral
mê bài chưa zing không tải nghe,praise,neutral
chuẩn nhà ăn tết thôi,neutral,neutral
thật sự,neutral,neutral
bắt vịt chuyên thế anh,neutral,neutral
justate,neutral,neutral
1 triệu like,neutral,neutral
hơn yêu chia tay,praise,neutral
hóng mp3,neutral,neutral
không hiểu z người không thích,neutral,neutral
mùng 1,neutral,neutral
anh nhớ em ngk 6536,neutral,neutral
nghiện bài hong v,praise,neutral
love song much,praise,neutral
cortisol get high,neutral,neutral
mấy cháu sky cố mà cày thằng tùng nhá ngày bị đen bật đến sớm thôi,neutral,neutral
bai nay lam toi cam dong nghe bai nay mac du da nghe rat nhiu lan xem video ma cam dong,neutral,neutral
sori cant listen normal speed,neutral,neutral
lần nghe muốn nhà chỉ muốn bé như hồi tuổi thơ thôi không cần lo nghĩ hồi chỉ biết sáng học chiều chăn trâu ngày mùa phụ mẹ đồng mùa gặt học trưa dắt xe đạp đường đầy rơm rạ muốn buông xuôi trước mẹ sau chỉ thể mạnh mẽ chứ không thể yếu đuối đúng nhà luôn nhà,neutral,neutral
không ý nha bài ý tưởng mv why chang put it al on me ed sheran,neutral,neutral
nghe lần 1 thấy rồi nghe lần đầu nổi da gà đoạn cuối chứ 425,neutral,neutral
tải zing mp3,neutral,neutral
thành trend luôn ồi,neutral,neutral
thích dp hát bài hát khắc hưng hợp,praise,neutral
420 phải ghi ế 24 năm,neutral,neutral
mv cực kì ý nghĩa huhu lần đầu tui xem 1 mv cực kì mỹ mãn tình yêu như,praise,neutral
tua 125 không tua ik,neutral,neutral
6 yr ago get viral,neutral,neutral
ý nghĩa,neutral,neutral
mồm thằng lạo dừa oke,neutral,neutral
lâu lâu c mới nhạc nhớ c ghê,criticism,neutral
ừm,neutral,neutral
đéo biết ông đen rap giọng nam biết lí chính không,neutral,neutral
sắp đón 1 năm 202 nữa rồi năm dịch bệnh mất mát đau thương mong năm 202 đem tốt đẹp dành tất mọi người chúng mong dịch bệnh giảm bớt để mọi hoạt động mn yên ổn trở đón năm mới an lành nhé 3,praise,neutral
đức út,neutral,neutral
hơn yêu anh tín ngưỡng 3 em buông bỏ tín ngưỡng sau 4 năm để mọi thứ như chưa tồn tại chúng rồi thứ chẳng chúng cạnh nhau tạm biệt chàng trai tuổi 15 16 17 em 3,praise,neutral
sơn tùng mtp love,praise,neutral
chân thực bình dị,neutral,neutral
cảm ơn chú nha mv nghe bếp lửa thế trúng tủ hk1 lớp 9 môn văn are,neutral,neutral
nhìn chị tia gần giống chị quỳnh my sói hai người xinh dễ sợ 3,neutral,neutral
tết năm ca sĩ việt mik củg bài hát tết ý nghĩa nghe phê chữ ê mún quê lập tức,neutral,neutral
không để nói,neutral,neutral
ngoài sản phẩm tiki kênh cung cấp sách uy tín không thời gian mọi người ủng hộ tiki nhé,neutral,neutral
e thường hỏi anh anh yêu em không anh tặng em bài hát em hiểu trái tim anh thuộc em rồi hianh em nhớ yêu anh,praise,neutral
mv không nhà cam nhà đậu z,neutral,neutral
2021 nghe không,neutral,neutral
42 mặt phải cười giới thiệu đôi yêu nhau mình ế chổng vó,praise,neutral
chị sn nhiêu nhỉ,neutral,neutral
chúc mọi người tết 2024 vui vẻ hạnh phúc,praise,neutral
nhạc đen vâu thực tế nghe bắt tai bắt trọn tâm tư nội tâm người nghe góc khuất nhìn thấy như bài dù thấy bại khó khăn nhà nhỏ không khang trang luôn nơi duy nhất luôn chờ đón tacho cảm giác yên bình nhất,neutral,neutral
chăng nữa cứ mẹ mọi sự khó khăn bế tắc đều tiêu tan,neutral,neutral
top 1 trending lần nữa ᗒᗩᗕ,neutral,neutral
thích câu mông lung nhà,praise,neutral
se youth dead,neutral,neutral
đoạn đầu thế,neutral,neutral
không zingmp3,neutral,neutral
anh ơi không bách,neutral,neutral
chúc mv đức phúc luôn thành công,neutral,neutral
nhớ nhà mn ơi,neutral,neutral
mv thứ 19 vpop đạt 1tr like,neutral,neutral
alreadi fel cortisol lower,neutral,neutral
cao hơn núidài hơn sôngrộng hơn đấtxanh hơn trời dep nhất câu này3,neutral,neutral
càng nghe càng thấy,neutral,neutral
chúc anh chị thành công lần đầu em nghe nhạc ac ok,neutral,neutral
smile al op dont give damn law system anymor,praise,neutral
khuyên thật nợ nần đừng về nhà,neutral,neutral
lê thiện hiếu,neutral,neutral
mv kicm top 1 luôn,neutral,neutral
20,neutral,neutral
anh yêu ơi,praise,neutral
đêm nghe mong hết ngày để sớm nhà,neutral,neutral
tất để tới khúc 519 nhìn 2 ổng cute trời,neutral,neutral
giọng justa te thế,neutral,neutral
top 1,neutral,neutral
song therapi import,neutral,neutral
hơn yêu tây ban nha,praise,neutral
nhạc view cao không phải cày,neutral,neutral
tình yêu tính nhân văn,praise,neutral
thích tia bài mẹ không hiểu hồi không clip nha tia thích cặp đôi 2,praise,neutral
put 125x speed,neutral,neutral
không đừng nhà,neutral,neutral
tình cờ nghe spotify,neutral,neutral
ước bài zing mp3,neutral,neutral
bài hát ý nghĩa,neutral,neutral
5102024 trường 1 tháng tâm trạng hướng nhà ăn tết v,neutral,neutral
2024 xem điểm đanh,neutral,neutral
huhu xem video khóc luôn í nhất đôi yêu xa gặp nhau huhu mình yêu xa lệch nhau 6 tiếng nhớ a mong sớm gặp nhau hơn yêu,praise,neutral
like thailand version ice spice,praise,neutral
tuyệt vời đức phúc càng ngày càng đỉnh 40 triệu rồi,praise,neutral
mình châu âu phần lan nhà mình vũng tàu cám ơn,neutral,neutral
nhà thôi,neutral,neutral
lần nghe nhạc chú đen vâu cảm xúc ùa vềcảm ơn chú,neutral,neutral
thấm câu chữ,neutral,neutral
mọi người nhà bố mẹ mình chưa,neutral,neutral
top 3 top 1 lòng mọi người,neutral,neutral
top 1 trending mọi người ơi,neutral,neutral
top 1 top 2 tranh nhau gắt top 3 mới đỉnh nhất,praise,neutral
cortisol lower rapidli,neutral,neutral
3 tuần nữa quê ăn sắp tết rồi,neutral,neutral
think song releas 12 wek ago,neutral,neutral
coment ful english vietnames song,neutral,neutral
low cortisol,neutral,neutral
xem xong mình khóc luôn rồi mọi người ơi vừa thấy hạnh phúc vừa thấy xót xa,neutral,neutral
ê má đổi thật,neutral,neutral
nghe bài cảm thấy ấm lòng,neutral,neutral
chào chú,neutral,neutral
chú cháu mượn xe chơi tết,neutral,neutral
nhanh,praise,neutral
ngồi nghe bài nì tháng 7 mún nhàa,neutral,neutral
nghe bài mãi không thấy chán,neutral,neutral
nghe giọng ông te nghiện vl huhu,praise,neutral
tik tok đưa mjk hih,neutral,neutral
ước người đưa em 5like,neutral,neutral
nhà sang nhật 12 chặng đường dịch không thể gặp cha lần cuối đường nhà xa cha ơi tha lỗi,neutral,neutral
bài thực sự ý nghĩa,neutral,neutral
lower cortisol,neutral,neutral
anh giang chị phương luôn,neutral,neutral
nhạc,neutral,neutral
mv anh đen quay ạ,neutral,neutral
true low cortisol,neutral,neutral
xem thương hoàng anh,praise,neutral
10 mấy gần 20 năm sống đời chưa 1 mối tình vắt vai coi mv không biết cảm động tủi thân khóc nữa,neutral,neutral
mới nghe tiktok youtube xe ngay lm,neutral,neutral
hôm nay nghe bài khóc thương bà nghệ an chạy xe máy quê tận 140km thương dân mình,praise,neutral
mong năm 2021 thật may mắn an lành hạnh phúc,neutral,neutral
người ngành mình hỏi quảng cáo pr thế ạ,neutral,neutral
thật sự anh phúc ạcảm ơn anh,neutral,neutral
giong hat bu het phuc,neutral,neutral
202 nghe bài nghiện như mình không nhỉ,praise,neutral
phúc ánh mắt tình cảm người thật sâu sắc,neutral,neutral
lẽ hơn yêu chúng sẵn sàng để bên nhau trọn đời,praise,neutral
1tr like rồi a ơi,neutral,neutral
nhớ,neutral,neutral
nhà buồn,criticism,neutral
mượn bài hát anh viết yêu mai mkl tao biết mày,praise,neutral
giọng cj dễ thương,praise,neutral
20m,neutral,neutral
nghe không,neutral,neutral
050 rơm rớm nước mắt đoạn,neutral,neutral
fan nhà xoài thối không,neutral,neutral
sáng trưa chiều tối quán xá mở,neutral,neutral
tiktok bay,neutral,neutral
vấn nghe,neutral,neutral
ghét lgbt,criticism,neutral
hai trai yêu nhau,praise,neutral
không hiểu nhạc mới dạo thấy xúc động khắc hưng sáng tác bài giọng đức phúc thật sự đỉnh video nội dung tuyệt vời,praise,neutral
hah kinh dị,neutral,neutral
mặt bà hoà,neutral,neutral
hát như bím đàn bà chẳng đặc biệt,neutral,neutral
đag nghe không ạ,neutral,neutral
tui phải công nhận khắc hưng tài giỏisáng tác bài hit bài,neutral,neutral
hóng giây phút 453 như tui không iu hòa chúc mừng đức phúc nha,neutral,neutral
không,neutral,neutral
cortisol listen song,neutral,neutral
giọng hát mv hoàn hảo,neutral,neutral
đp,neutral,neutral
không biết anh phúc nghĩ hơn yêu nhỉ,neutral,neutral
instantli cortisol level flat line,neutral,neutral
hcm,neutral,neutral
ghê luôn á,criticism,neutral
2025 xem nghiện,praise,neutral
giọng justate nghe cuốn xong nhạc bắt tai kết hợp anh đen rap thôi rồi,neutral,neutral
năm 2023 nghe nhẹ nhàng chil bài hát thật tuyệt,praise,neutral
mv giành top 1 ùi,neutral,neutral
10 tháng chưa nhà,neutral,neutral
nghe không nè,neutral,neutral
tình yêu thật tuyệt vời mang sức mạnh tuyệt đối,praise,neutral
ý nghĩa,neutral,neutral
yêu anh hơn yêu,praise,neutral
yêu khó để nói hết bằng lời yêu khiến người thay đổi suy nghĩ thay đổi cuộc sống mk thế yêu chẳng bao giờ nói chỉ thể hiện,praise,neutral
2024 khum nèk,neutral,neutral
am nhạc nói cảm xúc bài hát nghe 1 lần muốn nghe nhìu lần nữa,neutral,neutral
tuyệt vời giai điệu lời nhạc mv không chê đức phúc ơi,praise,neutral
khắc hưng,neutral,neutral
nghe nôn tết muốn nhà,neutral,neutral
92tr view,neutral,neutral
phần hát just ok phần ráp đen miễn chê,neutral,neutral
ah chính thức rơi nước mắt luôn,neutral,neutral
tuyệt đỉnh,praise,neutral
anh em nhớ cày nhégần trăm triệu lượt xem rồi,neutral,neutral
xem clip rơi nước mắt như không thêm lời bài hát đỉnh nữa,neutral,neutral
cặp tú vân yêu nhau 10 năm tháng tới kết hôn hehe,praise,neutral
cao hơn núi dài hơn sông rộng hơn đất xanh hơn trời anh yêu em anh yêu em thế thui,praise,neutral
hết tiền nhà vk bỏ nhà ck bỏ nhà year year,neutral,neutral
tia ơi không mp3 mik tìm hoài không thấy,neutral,neutral
low cortisol,neutral,neutral
chữ thôi,neutral,neutral
bài sớm muộn ghép nhạc đám cưới xem,neutral,neutral
mọi người ơi mình hỏi nãy bên quán chè mở bài mình không biết mình nhớ hát hướng gió trời ngờ,neutral,neutral
tsao nhìu ng dislike,neutral,neutral
đuổi khách nhà,neutral,neutral
mới 1tr sắp giờ 3tr rồi kinh,neutral,neutral
chỉ thể,neutral,neutral
lần đầu tiên mới cảm giác xa mong nhà,neutral,neutral
lần đầu nghe anh hiếu rap chất ha,neutral,neutral
đoạn cao hơn núi dài hơn sông tuyệt thật cảm giác nghe 1 bài đoạn nhạc thế,praise,neutral
ý nghĩa cảm ơn đức phúc ekip 3,neutral,neutral
ý nghiaz,neutral,neutral
bài hát tuyệt vời nhờ mình thấy yêu đời hơn buồn,praise,neutral
lời bài hát cảm động thật,neutral,neutral
chil,neutral,neutral
thích bài hát luôn,praise,neutral
anh,neutral,neutral
sắp hết năm rồi thật buồn dịch bệnh,criticism,neutral
nghe mãi không chán luôn,neutral,neutral
thật sự 3,neutral,neutral
tình cảm mình không thể nói chỉ mong cảm nhận đừng chấp nhận để kết thúc tình cảm đầu cứ luôn nghĩ,neutral,neutral
whose se name actuali chang low cortisol,neutral,neutral
vietnames languag evolv terminolog chang sinc leav mv help understand song artist s mesag beter pleasantli surpris inclus show publicli mainstream supos wel do artist product vietnam mater besid al remind u simpl honest long last love doesnt ned big public showi flashi propos sem flode scren around project unrealist expect,praise,neutral
thấy hơn yêu,praise,neutral
triệu like,neutral,neutral
nghe xong nho que huong va muon ve nha song,neutral,neutral
nhac,neutral,neutral
trời xanh mây trắng nhìn anh biết cuộc đời em,neutral,neutral
nhạc lâu rồi nghe,neutral,neutral
mother low cortisol,neutral,neutral
nhà nhà,neutral,neutral
mùi winer d,neutral,neutral
vieynames vpop song get popular,neutral,neutral
517 lính bắn tỉa ngatarget lock,neutral,neutral
nhạc 6 năm mới hot,neutral,neutral
mv thật ý nghĩa,neutral,neutral
thôi không nghe nữa không chắc lau nước mắt mãt hết hộp napkin,neutral,neutral
bài hát giai điệu lời càng vô ý nghĩa kịch bản đơn giản đậm đàcoi mv gia đình hạnh phúc rưng rưng nước mắt luôn tổng thể mv tuyệt vời quay tới gia đình chị hòa nhìn bả lướt muốn cười xỉu bả,praise,neutral
yêu thương 3,praise,neutral
toi muon xin so dien thoai cua duc phuc,neutral,neutral
đen vâu,neutral,neutral
hôm mới xem bài hát đám cưới duy mạnh quỳnh anhhnay thấy mv chính thứcmới ngày 4 triệu lượt xemkhủng,neutral,neutral
tuyệt vời,praise,neutral
phuongdzai,neutral,neutral
bài hát ý nghĩa,neutral,neutral
4m đêm nay i mn v,neutral,neutral
mấy năm đầu tiên năm mới nhanh kinh gần tới nhà rồi mới thấy wow its ben awhile,praise,neutral
em nhớ ngày hôm anh ngồi phân tích em ý nghĩa 3 hơn yêu giờ xa rồi,praise,neutral
sắp tết are,neutral,neutral
mình ơi,neutral,neutral
quê nghe bài khỏi chê,neutral,neutral
không phải fan 2 cặp đôi khởi mykelvin khánh công vinhthuỷ tiên nữa mv đẹp my khánh không cần rầm rộ showbiz biết are nhau vinh tiên bên nhau lâu are như ngày đầu yêu,neutral,neutral
chị ơi dễ thương,praise,neutral
nghe lần nghiện,praise,neutral
ạ khóc nghe bài,neutral,neutral
chuẩn tết rồi,neutral,neutral
dễ thương,praise,neutral
yêu nhạc chị quas,praise,neutral
mấy tuần nay mv mình vấn thấy hợp lý ý nghĩa nhất mv nhạc xem hehe không fai sức ảnh hưởng sơn tùng lớn mv top 1 tuần are,neutral,neutral
cún bảo bối erik,neutral,neutral
mình fan bên úc điểm danh ủng hộ tia lê thiện hiếu thật,neutral,neutral
hóng,neutral,neutral
1 ngày cầy bao view đen rồi,neutral,neutral
tết nhà không,neutral,neutral
gota punch wal fel manli,neutral,neutral
lính nhà hẹn nhà tết sau,neutral,neutral
không ngầu bằng dân chơi xóm,neutral,neutral
bài ấm áp ạ,neutral,neutral
anh vâu bộ râu đẹp cực,neutral,neutral
xem xong rồi lặng thầm khóc sương sương,neutral,neutral
ôi đề văn bọn e bếp lửa anh ơi,neutral,neutral
giọng hát ấm áp vang sáng bay bổng cảm xúc ngập tràn hạnh phúc,neutral,neutral
bài chắc bố mày cần đen êh,neutral,neutral
đăng beat chị tia i luv you,neutral,neutral
em hỏi anh anh yêu em không anh không biết phải nói thế để đúng cảm xúc anh anh nhìn em anh thấy cuộc đời em khứ tương lai hiện tại không bao giờ phai tình yêu anh luôn thầm lặng không nghĩa không rộng lớn chỉ anh đôi khó nói lời mong em hãy cảm nhận thôi cao hơn núi dài hơn sông rộng hơn đất xanh hơn trời anh yêu em anh yêu em thế thôi vượt ngọn gió vượt đại dương vượt áng mây thiên đường dẫu nói bao nhiêu cảm giác anh bây giờ lẽ hơn yêu verse 2 lời 2 bài hát anh nhớ lần đầu tiên gặp nhau chẳng biết trước lần lần cuối anh yêu đời anh không mơ gặp yêu nữa giờ anh em rồi em hết quãng đường đời tình yêu anh luôn thầm lặng không nghĩa không rộng lớn chỉ anh đôi khó nói lời mong em hãy cảm nhận thôi cao hơn núi dài hơn sông rộng hơn đất xanh hơn trời anh yêu em anh yêu em thế thôi vượt ngọn gió vượt đại dương vượt áng mây thiên đường dẫu nói bao nhiêu cảm giác anh bây giờ lẽ hơn yêu cao hơn núi dài hơn sông rộng hơn đất xanh hơn trời anh yêu em anh yêu em thế thôi vượt ngọn gió vượt đại dương vượt áng mây thiên đường dẫu nói bao nhiêu cảm giác anh bây giờ lẽ hơn yêu,praise,neutral
ý tưởng,neutral,neutral
chị trang lou nữa kìa,neutral,neutral
low cortisol,neutral,neutral
nhạc 6 năm rồi,neutral,neutral
2 thằng đàn ông,neutral,neutral
hình bìa gia đình đầu tiên bên tay trái á mọi người chị ngồi xe lăn á chồng chị ôm 1 người phụ nữ mặc đầm màu xanh lá nữa mn gái lớn chị em chị hoàng oanh,praise,neutral
nhanh sắp tết nguyên đán rồi,praise,neutral
hát,neutral,neutral
nhà mang tiền mẹ,neutral,neutral
lưu hương giang hồ hoài anh bên nhau anh chị bên nhau thật lâu nha,neutral,neutral
nhạc dạo đầu tiên giống nhạc bài gia như mình bao dung hồ ngọc hà ghê,criticism,neutral
đường nhà quằng,neutral,neutral
ạ,neutral,neutral
mình phải dừng video để đọc xong lá thư mẹ viết anh đen,neutral,neutral
trước đay không thích em ngân ngân thô cứng e khắc phục mềm mại hơn ngân phải nhẹ nhang thanh thoát mới e thật sự giỏi biết khắc phục khuyết điểm ngoại hinh lẫn giọng hát,praise,neutral
đóm chúc mv đen t o p sớm nhé,neutral,neutral
low cortisol uma,neutral,neutral
trước anh đp mũm mĩm mv người mũm mĩm đúng o,neutral,neutral
không biết anh dùng son môi không nhỉ mn,neutral,neutral
313 đọc dòng cuối ấm lòng ạ,neutral,neutral
đẩy top nèk mọi người ơi top mới xứng chớ,neutral,neutral
bài hát ý nghĩa sâu lắng dễ nghe thấm đậm tình yêu chân thành lãng mạng nữa hạnh phúc chỉ thế thôi,praise,neutral
vợ chồng trường giang nhã phương sai sai phảimv,neutral,neutral
tới đám cưới hát bài vợ,neutral,neutral
đường nhà tim nhà tất niên vui vẻ nha,praise,neutral
xa quê rơi nước m,neutral,neutral
ý nghiaz,neutral,neutral
nghe muốn yêu ghê anh phúc ạ,neutral,neutral
1 video ý nghĩ nhất tao xem,neutral,neutral
đức phúc sinh để hát bài dành đám cưới bài hát ý nghĩa,neutral,neutral
bruh low cortisol meme loke song hour,neutral,neutral
siêu phẩm đóng 1 thập niên,neutral,neutral
ý nghĩa,neutral,neutral
bài hát dễ nghe thật không xập xình chói tai như mấy bài khác,neutral,neutral
f nhạc giờ tắt phố thức g7 đèn đường hiu hắt chút c mưa bay mi mắt rồi am đưa em đêm nay 2 f giờ phố mấy g7 đôi thầm nhỏ to tíu tít c chạy rồi am đưa em đêm nay tđk f tim em đau rồi dm chân em mỏi rồi g đông rồi am em mình thế thôi f đêm nay thật dài g7 em mệt nhoài c sương rơi đêm lạnh đầy am đưa em đêm nay đk take me f back back home đường dm chẳng xa đưa em g ba ngã năm am năm ngã ba nhà take me f back back home đường g7 chẳng xa đêm khuya rồi c không am đưa em nhà la la f la la la dm la la la g la đưa em am la la f la la la g7 la la la c la không đưa em am rap f from 9 to 5 tan ca thật dm mỏi mệt em biết đường g tuyệt nhiên không khó lẽ sự cô c đơn khiến đôi chân em mỏi oh f em xa anh đưa nha g7 đừng 1 mình đường người c không vội anh đợi dừng am bao nhiêu lần đèn đỏ chỉ khiến anh vui thôi tđk f tim em đau rồi dm chân em mỏi rồi g đông rồi am em mình thế thôi f đêm nay thật dài g7 em mệt nhoài c sương rơi đêm lạnh đầy am đưa em đêm nay đk take me f back back home đường dm chẳng xa đưa em g ba ngã năm am năm ngã ba nhà take me f back back home đường g7 chẳng xa đêm khuya rồi c không am đưa em nhà la la f la la la dm la la la g la đưa em am la la f la la la g7 la la la c la không đưa em am f phố ngoài nhớ em dm nơi biết bao lần g nhạt am dần f đêm nay thật dài g7 em mệt nhoài c sương rơi đêm lạnh đầy am đưa em đêm nay đk take me f back back home đường dm chẳng xa đưa em g ba ngã năm am năm ngã ba nhà take me f back back home đường g7 chẳng xa đêm khuya rồi c không am đưa em nhà la la f la la la dm la la la g la đưa em am la la f la la la g7 la la la c la không đưa em am,praise,neutral
lâu rồi mới nghe cảm giác ấm áp hạnh phúc như lần đầu,neutral,neutral
ui dễ sợ,criticism,neutral
không hình khởi my kelvin khánh,neutral,neutral
tuyệt vời,praise,neutral
tao thề tao khóc khóc họng hát đức phúc hòa cảnh cô chú lớn tuổi nhất cô chú dù vợ m khuyết tật luôn bên cạnh nhau 15 năm lâu lâu thật lâu nữa,praise,neutral
tự nhiên xem mv niềm tin tình yêu hơn,praise,neutral
la lá nghe cảm giác yêu đời luôn,praise,neutral
dù không bằng quay trở nhà gia đình,neutral,neutral
mv tuyệt vờichúc mừng a đức phúcchúc a bài hit hơn nữa,praise,neutral
bác giữ top a nha,neutral,neutral
chỉ đỉnh,praise,neutral
mv diễn thật gây xúc cảm người xem lời bài hát phần ca sĩ đức phúc tuyệt vời,praise,neutral
không biết bao ytb 10k sub coment mv nhỉ,neutral,neutral
bài trời đất luôn,neutral,neutral
gần tết nghe mãi đỉnh,praise,neutral
from jack with love chúc mv đạt 1m like ạ,neutral,neutral
ade low cortisol song,neutral,neutral
giành quán quân giọng hát việt mùa 3 người nói đức phúc giành quán quân lượng fan mỹ tâm không xứng đáng năm tháng mình nghĩ chứng minh thành công sai chúc ngày càng thành công hơn nữa,neutral,neutral
hear put speed 125 speed,neutral,neutral
tao đưa nè,neutral,neutral
năm ngoái e tiếc tiền lo không đón tết năm nay hứa đón tết gia đình đùng mẹ e mất fo gia đình nghèo e chỉ mãi kiếm tiền quên ba mẹ đợi nhà e đau khổ tột mẹ mất nhà càng thêm nợ nần e không biết tết năm nay không tết kiếm thêm 1 để tết không nữa e hoang mang,neutral,neutral
mong anh sáng tác tác phẩm hơn em mong anh đừng giống huyr kết hợp katm,neutral,neutral
quên lóc cóc khoẻ nơi đội quân nhí nhố vui vãi,praise,neutral
aint way chang titl,neutral,neutral
ấm lòng bác ạ nôn tết,neutral,neutral
mv ý nghĩa muốn nghe cover kênh mình nhé,neutral,neutral
luôn ạ 3,neutral,neutral
chị tia nép đẹp càng nhìn càng muốn nhìn,praise,neutral
mv thực sự ý nghĩa ạ 3,neutral,neutral
đỉnh đứt bài vị nhà mới,praise,neutral
đỉnh thực sự,praise,neutral
bài càng nghe càng í,neutral,neutral
nhà tuyệt nhất,praise,neutral
chang speed 125x match low cortisol meme xd,neutral,neutral
a đôi khó nói lời mong e hãy cảm nhận thôi,neutral,neutral
2025 điểm danh,neutral,neutral
siêu luôn ạ,neutral,neutral
hẹn ae ơi,neutral,neutral
2025 rồi nghe không,neutral,neutral
1 triệu like rồi chú đen ơi,neutral,neutral
nghe bài hát rồi khóc dịch không thể nhà,neutral,neutral
3172021 thấy mọi người đoàn nhớ nhà muốn tại xe cũ không biết không,neutral,neutral
mong mình tìm ng bên nhau trải sóng gió tới vài chục năm nữa bên nhau,neutral,neutral
xúc động thật sự,neutral,neutral
bik video crop bao nhiêu không ạ,neutral,neutral
lần đầu tiên nghe phúc hát cách mấy tháng phúc chọn đội chị mỹ tâm hi mới ghép hình ảnh nổi tiếng bây giờ em nghe e hát hơn,neutral,neutral
2025 nghe không,neutral,neutral
rô vẩu oi,neutral,neutral
nhạc như loz,neutral,neutral
nhạc 1 màu dislike,neutral,neutral
202 nghe ý nghĩa nhờ bài nhạc cứ thích lv giúp 3 mẹ nấu ăn dùm mẹ t sợ vợ,neutral,neutral
ý nghĩa anh đen ơi,neutral,neutral
nhà mk bắc giang ngày năm ngoái mk đag miên nam lâm đồng cuối năm ngoái mk bay hà nội are nhà gia đình mk đón mk mn bảo tết phải ô bà chứ nhỡ sau không gặp ô bà nữa hối hận không kịp,neutral,neutral
méo hiểu teaser thằng đánh đàn top đượcmn ghét cứ kệ đừng cmt dislike rới top nhé,criticism,neutral
lần nghe đều nhìn lịch rồi hỏi mới nhà chú đen ơi,neutral,neutral
kênh mình hơn cả ăn nhé,neutral,neutral
mình cứ ngỡ a xìn hari c,neutral,neutral
hơn why cần cần nhau đúng không nhà,neutral,neutral
đen rap nge cuốn phiêu vãi,neutral,neutral
anh đen vâu em hâm nể anh tôn trọng anh anh cố,neutral,neutral
tui nhà càng thêm áp lực mệt mỏi lo lắng thế,neutral,neutral
không kiềm nước mắt chúc mừng thành công chú,neutral,neutral
nghe lòng thấy nôn nao vừa nghe vừa xem cmt,neutral,neutral
thất bại nhà vâu,neutral,neutral
sky ủng hộ đen thích cách đen tôn trọng sơn tùng không giống,praise,neutral
sắp 1 triệu like are,neutral,neutral
vl đề xuất không quên cmnr,neutral,neutral
gia đình xoài fam,neutral,neutral
wechoice việt nam vote đen vâu mọi người,neutral,neutral
mv thật xuất sắc hạnh phúc đôi chỉ đơn giản chọn đúng người để trao gửi yêu thương mình hết chặng đường,praise,neutral
beauti voic beauti song like everyth song love song much,praise,neutral
mong mọi người mãi mãi hạnh phúc bên nhau,neutral,neutral
khóc,neutral,neutral
bt cặp đen đoạn cuối mua không ạ,neutral,neutral
giờ nghe khum,neutral,neutral
cortisol finali gren window,neutral,neutral
bài hát ý nghĩa anh đen vâu ơi,neutral,neutral
30 tết rồi nhà hết chưa mọi người,neutral,neutral
tự nhiên nghe xong muốn khóc,neutral,neutral
112202 sinh viên áp lực học tập nhớ ba mẹ nhớ gia đình nhớ cơm canh nóng nghe bài rưng rưng,neutral,neutral
giờ mới biết mặt đức phúc tác phẩm đành thôi,neutral,neutral
không chỉ bài hát,neutral,neutral
thích nhất anh đen thương hiệu winer x,praise,neutral
bà ơi,neutral,neutral
low cortisol,neutral,neutral
đừng báo nợ tốt are,praise,neutral
mới 3tr lượt view,neutral,neutral
hic,neutral,neutral
vãi ke giống tui mở mv nghe thấy mv quảng cáo chợ tốt hơn không,praise,neutral
beat riêng không anh đen,neutral,neutral
trời đặc biệt đoạn 0 57 đoạn 1 34 đăng ký like luôn,neutral,neutral
vài tháng nữa mv tròn 5 năm rồi cảm giác thấy nhanh rata chậm khó tả nhớ kí ức khứ,praise,neutral
hẹn bình đinh 5 năm nữa ăn tết,neutral,neutral
xúc động anh,neutral,neutral
nghe bài thêm động lực ghê,criticism,neutral
khóc xem mv mạn ngọc hơn yêu sự hi sinh nhau hiểu nhau chúc thế giới đều hành phúc luôn yêu yêu,praise,neutral
nhạc sĩ trẻ khắc hưng giỏi mv tuyệt vời bài hát bay cao bài sẻ nhạc cưới tuyệt vời nhất,praise,neutral
anh hai anh ba nhà mẹ kêu,neutral,neutral
6nam tr t cg như,neutral,neutral
hơn yêu đối mình yêu nhau răng lông đầu bạc,praise,neutral
1 triệu like thẳng tiến,neutral,neutral
nhạc giờ tắt,neutral,neutral
a đức phúc ơi a thể lm 1mv bách hợp không a,neutral,neutral
thật ý nghĩa ạ,neutral,neutral
bài hát người ghét người vô gia cư nhà,criticism,neutral
hơn yêu sự thấu cảm,praise,neutral
tất dép,neutral,neutral
cảm động,neutral,neutral
đức phúc hoàng thùy linh chung 1 mv chắc chắn 1 cực phẩm,neutral,neutral
love type song vpop x pop,praise,neutral
30122023 nghetết gần rồi,neutral,neutral
nhớ nhà nhớ mom dady sister brother,neutral,neutral
ông nam kìa,neutral,neutral
phết chứ,neutral,neutral
rap như đen người tuổi nghe thấy ý nghĩa,neutral,neutral
bắt đền bác phúc xem mv lần thứ vài chục rồi rớt nước mắt cảm động,neutral,neutral
bài hát luôn,neutral,neutral
compos covid 2019 absolut low cortisol,neutral,neutral
sắp 2024 are nhanh,praise,neutral
dù nghe bao nhiêu lần nữa cũng không chán cảm ơn chú đen đã cống hiến những tác phẩm âm nhạc tuyệt vời như thế 3,neutral,neutral
trời ơi nghe nhớ buổi trải nghiệm chơi trời ngồi xe nghe bài xúc động rơi nước mắt luôn ý nhớ hồi quánhớ hồi học sinh trời,neutral,neutral
bài hát hơn chạm trái tim người nghe nước mắt lưng tròng hi vọng sẻ gặp chân ái đời mình 3,neutral,neutral
gần 10tr lượt xem video,neutral,neutral
ôi bài ngày xưa e thích nổi tiếng nhờ meme low cortisol,praise,neutral
tuấn anh đống ê nhỏ lớp trưởng trúc anh,neutral,neutral
lời bài hát nghe hapy xúc động chụt ngẹn lòng man mác,neutral,neutral
zing không ạ,neutral,neutral
tết năm nay không nhà ăn tết rồi cấm trại hết luôn,neutral,neutral
nghe cảm động bài hát ỹ nghĩa,neutral,neutral
mong mv sớm 2m like,neutral,neutral
ca khúc người rồi xa đầu tỏ tình cô bằng ca khúc ánh nắng anh 2 năm bên nhau cô ánh nắng demo nghĩ nghe thuộc thật nhanh để hát cô nghe giờ hết rồi phải công nhận ca khúc,praise,neutral
bài hát đấy,neutral,neutral
tình đẹp tình lỡ,praise,neutral
lgbt dần ủng hộ mv nhạc gần sự công nhận mọi người đối sự cố gắng cộng đồng lgbt thật sự hạnh phúc,neutral,neutral
bấm like video giơ tay coi,neutral,neutral
ló,neutral,neutral
low cortisol,neutral,neutral
em cay nhieu lam,neutral,neutral
khúc rap cực,neutral,neutral
17 ngày nữa nhà rồi,neutral,neutral
nỗi hết da gà,neutral,neutral
bài dễ thương phúc cứ hát lòng người vây yêu thế,praise,neutral
mình khóc xem video,neutral,neutral
hi im rizki indonesia boyfriend vietnames live japan reali love song wil great put english subtitl song wish al best carer,praise,neutral
sg 3 năm rồi chưa gần tết rồi nghe bài chịu nỗi đen,neutral,neutral
lần nghe bài thấy muốn khóc hiểu tâm trạng người nghe,neutral,neutral
nghe bài hát ngồi chuyến xe nhà,neutral,neutral
dịch bệnh thế mong hết dịch để tất chúng đều nhà,neutral,neutral
em fan tùng âm nhạc anh tuyệt vời 2 ng bài hát chạm trái tim em,praise,neutral
nhạc chú dạo hy vọng chú bài chuyến phượt lần phượt chỉ mở nhạc chú để nghe kh á,neutral,neutral
thiếu cặp đôi đẹp lung linh xìnri,neutral,neutral
đúng dịp valentine gần xem cuối xúc động ghê cảm ơn em đức phúc,criticism,neutral
dù người giới người cần sự chăm sóc yêu thương nhau chúng cần tình yêu để quan tâm dù giới,praise,neutral
chỉ nhà nơi bình yên,neutral,neutral
chưa bao giờ coment bất cứ mv hôm nay phá lệ mv đức phúc ơi,neutral,neutral
đỉnh chóp 3,praise,neutral
hơn yêu cao hơn núi dài hơn sông rộng hơn đất xanh hơn trời,praise,neutral
a gần 10tr view roy,neutral,neutral
chó giống chó nhà t vl,neutral,neutral
1 bài hát tận 6 năm trước đào hô biến thành 1 meme cực vô tri yeah không biết tạo meme thật,neutral,neutral
người nói lấy chồng lâu chán mình cảm giác đối chồng sau 10 hơn yêu cảm ơn bài hát,neutral,neutral
vpop thích hai anh kết hợp bài thật tuyệt,praise,neutral
nghe bài không,neutral,neutral
2019 30 tết,neutral,neutral
bài nhạc năm bài nhạc trước thời đại,neutral,neutral
rìi nọ chúc mừng chịi,neutral,neutral
sắp tết rồi mở nghe dần vừa,neutral,neutral
gần 202 rồi năm thật nhanh thời gian trôi nhanh,praise,neutral
gần tới tết rồi anh ơi đường nhà phần 2 anhmong chờ ạ,neutral,neutral
low cortisol,neutral,neutral
thích anh chị sing my song,praise,neutral
mv lượng like bằng lượng dislike cua kicm v,neutral,neutral
hơn năm rồi giờ nghe bài hai anh cảm xúc bồi hồi như ban đầu cảm giác ấm áp đỗi chân thật khó tả,neutral,neutral
tuần trc nghe bài 7 lần tuần sau trở thành meme nổi tiếng,neutral,neutral
lấy top 1 phúc mọi người,neutral,neutral
2 3 tuần nx tới tết 2025 are,neutral,neutral
quá anh ơi,neutral,neutral
time tet den god luck al bro,praise,neutral
chợt nghĩ phải mv dành ông hoàn chê cơm không nhỉ v,neutral,neutral
s không tải zing mp3 v,neutral,neutral
em xa nhà nửa vòng trái đất bh muốn nhà ăn tết,neutral,neutral
low cortisol song chang cuz easier understand english,neutral,neutral
vl khuyến khích yêu đồng tính,praise,neutral
nghe nghe lần thích,praise,neutral
titok,neutral,neutral
sắp 50tr view are,neutral,neutral
giờ mới xemmv,neutral,neutral
justate nghe thật ấm áp,neutral,neutral
cứ nghe bài mình khóc cảm động mình ao ước 1 tình yêu đẹp như,praise,neutral
mp3 chưa ạk,neutral,neutral
nhac,neutral,neutral
mixigam love,praise,neutral
thấy bài bình thường nổi dữ,neutral,neutral
khoan hãy nha,neutral,neutral
bài vãi nghe mãi kh chán,criticism,neutral
lắng đọng thực sự cảm thấy vui cặp đôi hạnh phúc bên nhau ngược cảm thấy buồn bản thân sau bao lần đổ vỡ chưa tìm nửa đúng nghĩa mình,neutral,neutral
nghe rơi nước mắt luôn ạ nhớ nhà da diết,neutral,neutral
chúc mừng 1m likes,neutral,neutral
chi co xa nha moi biet cam giac xa nha nho gd nho bo menhung luc muon ve ma không ve bo me,neutral,neutral
valentine nghe bài buồn mấy thấy hp chúc nhữg đag iu 1 mùa valentine thật hp nhữg đag cô đơn ngoài tìm 1 nửa mìh,criticism,neutral
bài hát hayý nghĩatrêb tuyệt vời,praise,neutral
cảm động mốt quê em rap bài xóm,neutral,neutral
2021 nghe bài không,neutral,neutral
nghe ấm áp,neutral,neutral
leo top thôi mng,neutral,neutral
chang titl,neutral,neutral
t kep cortisol low hold pop tour,neutral,neutral
cứ tết nghe chỉ mong gia đình xum họp,neutral,neutral
trai đẹp yêu nhau hết rồi,praise,neutral
không thay đổi xíu nữa bài 1 triệu like ứng nghiệm tiên tri đen vâu year year,neutral,neutral
cám ơn anh sáng tác bài,neutral,neutral
nhà tránh corona nghe bài phúc oi bài nghe mãi không chán,neutral,neutral
hơn yêu chung thủy chăng,praise,neutral
đg cây anh,neutral,neutral
yêu bài giống mình không,praise,neutral
chúc mừng chú 1tr like,neutral,neutral
chạy 20km để nhà đón tết gđ sau năm vất vả nghe bài mới cản nhận cảm giác sa quê,neutral,neutral
thích nhạc đen đơn giản chạm tâm hồn thấy mình cần phải sống tử tế dù cuộc sống cám dỗ phải thật mạnh mẽ dù phải đối mặt khó khăn em chỉ muốn nói lời cảm ơn anh đen ekip nỗ lực không ngừng để tạo sản phậm tuyệt vời như âm nhạc anh không chỉ để nghe để ngẫm lời bài hát hướng giá trị nhân văn cao đẹp giáo dục đạo đức người,praise,neutral
bài hát,neutral,neutral
mua winer yêu winer thấy mv,praise,neutral
tiktok điểm danh,neutral,neutral
đường nhà tim dẫu nắng mưa gần xa thất bát vang danh nhà luôn chờ đường nhà tim dẫu muôn trùng vật đổi dời nhà luôn nhà lao vào đời mà kiếm cơm lao vào đời tìm cơ hội những thành thị thường lấp lánh còn đêm thành thị thường trơ trọi như mọi đứa trẻ khác lớn lên muốn xa hoài nhà thì vẫn ở yên đó đợi những đứa ngoài bước ngoài mới biết không ở đâu bằng ở nhà biết có gì để mất trước sẵn sàng mở quà không phải là võ sĩ nhưng mà phải giỏi đấu đá nhiều kiệt sức chỉ vì gắng giữ mình không xấu xa đôi lúc bỗng thấy đồng cảm với mai an tiêm bước chân là sóng gió chỉ có nhà mãi an yên ngoài phức tạp như rễ má và dây mơ về nhà để có lúc phép mình được ngây thơ mang bao nao nức xe trọn niềm thao thức suốt đêm ngày dòng người phố mang sắc mai hương đào tìm nơi ấm êm đường nhà tim dẫu nắng mưa gần xa thất bát vang danh nhà luôn chờ đường nhà tim dẫu muôn trùng vật đổi dời nhà luôn nhà về ngôi nhà có góc vườn nhiều chó nhiều gà đám bạn nói khó chiều và lại thích gió trời hơn gió điều hoà về ăn cơm mẹ nấu về mặc áo mẹ may về đưa ba chợ mua cây đào cây mai về bày cả năm trời làm việc nhiều rã rời như cái máy về nhà thấy áp lực nhẹ như bấc thổi cái là bay ấm êm hơn bếp lửa ngọt bùi hơn lúa non nhà vẫn luôn ở đó mong chờ những đứa dẫu mưa nắng không bao giờ nề hà hạnh phúc chỉ đơn giản là còn được về nhà hạnh phúc về nhà cô đơn về nhà thành công về nhà thất bại về nhà mệt quá về nhà mông lung về nhà chênh vênh về nhà không có việc gì vậy thì về nhà không nhà nhà nhà đường nhà tim dẫu nắng mưa gần xa thất bát vang danh nhà luôn chờ đường nhà tim dẫu muôn trùng vật đổi dời nhà luôn nhà nhà thể lớn thể nhỏ thể không khang trang cha mẹ muốn sống đàng hoàng lớn người mong tương lai xán lạn cặm cụi đời không bao giờ thấy than van đường nhà tim dẫu nắng mưa gần xa thất bát vang danh nhà luôn chờ đường nhà tim dẫu muôn trùng vật đổi dời nhà luôn nhà,praise,neutral
2024 nghe nơi xa nghe bài nhớ nhà,neutral,neutral
ng mong sớm,neutral,neutral
cung nhịp sống bài hát chắc chắc lan tỏa nổi hơn anh nắng anh luôn coi tin tui,neutral,neutral
nghe cảm thấy xúc động vô,neutral,neutral
10 n thanh niên fa dislike v,neutral,neutral
mk hôm ngủ p nghe ms ngủ,neutral,neutral
bài hát ý nghĩa,neutral,neutral
ạ,neutral,neutral
xứng đáng top 1 trening ạ 3 chúc mọi người luôn hp bên gđ người mk yêu thương em tự chúc bản thân tìm đúng người đúng thời điểm mãi hp bên người mk yêu thương 3,praise,neutral
đông nhi ông cao thắng dễ thương,praise,neutral
hôm trước trát bánh kem nhau xong nay bơ luôn,neutral,neutral
biết cách liên lạc chị ngồi xe lăn mv không ạ,neutral,neutral
đom đóm sky chửi nhau xem đẳng cấp hơn riêng t thấy mv ăn đức 2 mv,neutral,neutral
cortisol,neutral,neutral
hà lan 2 năm rưỡi are chx nhà không,neutral,neutral
perfect peopl high cortisol 1010,praise,neutral
tinh yêu chân thành,praise,neutral
lyric nhạc giờ tắt phố thức đèn đường hiu hắt chút mưa bay mi mắt rồi đưa em đêm nay giờ phố mấy người thầm nhỏ to tíu tít chạy giờ đưa em đêm nay tim em đau rồi chân em mỏi rồi đông rồi em mình thế thôi đêm nay thật dài em mệt nhoài sương rơi đêm lạnh đầy đưa em đêm nay take me back back home đường chẳng xa đưa em ba ngã năm năm ngã ba nhà take me back back home đường chẳng xa đêm khuya rồi không đưa em nhà la la la la la la la la la đưa em lalala x 3 không đưa em rap from 9 to 5 tan ca thật mỏi mệt em biết đường tuyệt nhiên không khó lẽ sự cô đơn khiến đôi chân em mỏi oh em xa anh đưa nha đừng 1 mình đường người không vội anh đợi dừng bao nhiêu lần đèn đỏ chỉ khiến anh vui thôi phố ngoài nhớ em nơi biết bao lần nhạt dần chẳng đúng hẹn nơi em dừng chân oh bab,praise,neutral
học trò cj mt không fải dạng vừa nha yêu đp,neutral,neutral
nghe nghe cảm thấy xúc động không nhẹ,neutral,neutral
4m 13h30 1332020,neutral,neutral
không hỉu luôn 1 mv ý nghĩa như v mak nhìu đứa vô cảm mak dislike không trái tim thui not nghe mượn nghe,neutral,neutral
chị em lấy bài bài văn,neutral,neutral
thấy bài hát thấy tết,neutral,neutral
lấy top 1 cây atm liền ae,neutral,neutral
tình yêu không bao giờ rào cản tuổi tác hoàn cảnh giới tính hai trái tim chỉ đơn giản cảm xúc nhau luôn nhớ nhung nhau muốn bên nhau thôi 3 chẳng phải cao sang phú quý mới gọi yêu 3,praise,neutral
việt nam philipines người philipines nhảy bài hát bài hát nổi tiếng,neutral,neutral
nghe bài rơi nước mắt,neutral,neutral
sắp tới tết chil rồi,neutral,neutral
thế,neutral,neutral
sắp 1 triệu like rồi chú đen ơi sky yêu chú hi,praise,neutral
ah peak col fel cortisol get low,neutral,neutral
bài hát mình nghĩ bố mẹ mình bên nhau 21 năm 3 cô gái ngọt ngào mức sến sẩm dù vô hạnh phúc mình không biết đối hơn yêu như thế đối mình chỉ gói gọn 2 chữ gia đình,neutral,neutral
giờ mới biết anh thắng cuội gay,neutral,neutral
hơn yêu,praise,neutral
sao laij coa 2 tk due kja,neutral,neutral
202 nghe không nè,neutral,neutral
hi vọng mình tìm tình yêu như thế,praise,neutral
đám cưới duy mạnh đưa,neutral,neutral
top1 nha mn muốn hơn yêu top1,praise,neutral
bình luận không bt bao nhiu bl không 3like mặc dù tự mình like are buồn,neutral,neutral
mai ngày 11202 nghe ấm áp,neutral,neutral
tui coi tui khóc như đứa nít luôn á tròi,neutral,neutral
sừng bn như thế cao hơn núi dài hơn sông rộng hơn đất xanh hơn trời,neutral,neutral
nhạc sĩ sáng tác gốc yên bái,neutral,neutral
hơn yêu video for god,praise,neutral
tuyệt vời,praise,neutral
nhớ nhà m1 2024,neutral,neutral
mixigam love 3,praise,neutral
ủa bài nhạc dislike,neutral,neutral
come crayz tv cat meme,neutral,neutral
anh hát nội dung thật ấm áp cảm giác yêu gia đình hơn,praise,neutral
6 năm are á giờ mới nổi,neutral,neutral
anh ơi,neutral,neutral
mv đẹp thật tuyệt vời,praise,neutral
sắp 1m sub ròi,neutral,neutral
mong em gáimạnh khỏe để nhà chung tết mọi người nghe khóc miết thôi,neutral,neutral
lời bài hát ý nghĩa idol,neutral,neutral
23 tuổi cô gái vừa tốt nghiệp đại học cảm thấy mình không hợp môi trường văn phòng ngày 8 tiếng quyết định rẽ sang hướng khác cha mẹ muốn sống đàng hoàng ba mẹ luôn ủng hộ dù như thế áp lực nghĩ lẽ tết mình không nghe bài hát 2 anh em quyết định đặt vé dù thế phải gạt bỏ áp lực gạt bỏ bộn bề tiền bạc mất thể kiếm thời gian cạnh ba mẹ không,praise,neutral
leo top thôi mng,neutral,neutral
oải mv xem cảm động nc mắt rưng rưng,neutral,neutral
hơn yêu v yêu hơn mn hơn yêu,praise,neutral
im philipin love song low cortisol,praise,neutral
nghe thấy tết tết tết đoàn viên sum vầy ấm áp đầy đủ đen vâu như thường lệ thấm ý nghĩa thêm giọng just just on the mic nữa kết hợp tuyệt vời luôn,praise,neutral
tết dương nghỉ hà nội nốt hôm nay nghe xong bài quyết định nhà trước mai tiếp,neutral,neutral
chuẩn đón năm mới 202,neutral,neutral
khánh xin dừng cuộc chơi nha bà,neutral,neutral
bài mất,neutral,neutral
top,neutral,neutral
lần đầu thấy bài hát đúng ck mình,neutral,neutral
hóng tết,neutral,neutral
thiệt,neutral,neutral
hơn yêu chỉ thương,praise,neutral
3 tháng nữa bước sang 202 rồi nghe nữa không nhỉ,neutral,neutral
nay vô tình nghe thấy đúng tròn 1 năm bài v,neutral,neutral
t,neutral,neutral
nghe cảm nhận,neutral,neutral
hóng năm nay mv đón năm mới,neutral,neutral
nhớ nhà d,neutral,neutral
thủy,neutral,neutral
wow wow day la 1 nhung mv ma tran day why nghia den nhu vay xin cam on duc phuc va nhung ng dong gop mv nay kinh chuc cac ban nhieu hanh phuc va vui ve love,praise,neutral
anh yêu em cám ơn em dành thanh xuân bên anh,praise,neutral
gần 10m view rồi đồng âm ơi cày view giống tui điểm danh,neutral,neutral
cảm ơn,neutral,neutral
ý tưởng video,neutral,neutral
tết không nge nhạc a buồn,neutral,neutral
nghe xog bài muốn tết nhanh để nhà,praise,neutral
công nhận bài không,neutral,neutral
nghe bài hôm nay nhà vui,praise,neutral
chờ ngày quê chồng chứ ng sg không nơi để tết,neutral,neutral
lần đầu rap đen,neutral,neutral
yêu tule mình nhớ em biết không,praise,neutral
thật may mắn năm đầu tiên mình đón tết nhà sau 3 năm du học cảm thấy thật sự may mắn luôn í năm 2020 sắp hết rồi sau bao nhiêu chuyện xảy không tuyệt nhất nhà chúc mọi người đón tết đoàn viên hạnh phúc đời an yên xa phải bảo vệ mình thật tốt nhé sớm nhà nha wish you guys al the best,praise,neutral
low cortisol gng,neutral,neutral
giọng hát te bài hát tuyệt ca giai điệu mình ngày bé lấy chồng rồi bây h gần 40 năm chưa bao h trải cảm giác phải xa nhà ng hướng nội yêu gia đình nghe thấy xúc động vô cảm ơn 2 tác giả bài hát tuyệt vời,praise,neutral
phúclyrics em hỏi anh anh yêu em không anh không biết phải nói thế để đúng cảm xúc anh anh nhìn em anh thấy cuộc đời em khứ tương lai hiện tại không bao giờ phai tình yêu anh luôn thầm lặng không nghĩa không rộng lớn chỉ anh đôi khó nói lời mong em hãy cảm nhận thôi cao hơn núi dài hơn sông rộng hơn đất xanh hơn trời anh yêu em anh yêu em thế thôi vượt ngọn gió vượt đại dương vượt áng mây thiên đường dẫu nói bao nhiêu cảm giác anh bây giờ lẽ hơn yêu verse 2 lời 2 bài hát anh nhớ lần đầu tiên gặp nhau chẳng biết trước lần lần cuối anh yêu đời anh không mơ gặp yêu nữa giờ anh em rồi em hết quãng đường đời tình yêu anh luôn thầm lặng không nghĩa không rộng lớn chỉ anh đôi khó nói lời mong em hãy cảm nhận thôi cao hơn núi dài hơn sông rộng hơn đất xanh hơn trời anh yêu em anh yêu em thế thôi vượt ngọn gió vượt đại dương vượt áng mây thiên đường dẫu nói bao nhiêu cảm giác anh bây giờ lẽ hơn yêu cao hơn núi dài hơn sông rộng hơn đất xanh hơn trời anh yêu em anh yêu em thế thôi vượt ngọn gió vượt đại dương vượt áng mây thiên đường dẫu nói bao nhiêu cảm giác anh bây giờ lẽ hơn yêu,praise,neutral
muốn top 1 trening tim,neutral,neutral
low cortisol ah song,neutral,neutral
rồi nhà không vỡ nợ,neutral,neutral
cpi năm 26 are nghe không 2125 nghe,neutral,neutral
mình sống bên nhật nhiễm covid19 thật sự nghe bài nhớ nhà nhớ việt nam kinh khủng cách li mình 1 chỗ chẳng ngoài youtube nghe bài rồi nhớ cảnh nhà dịp tết bố mẹ rồi giai điệu mình ấm lòng khung cảnh mình bớt cô đơn sắp tết rồi chẳng thể nhiễm bệnh rồi mắc kẹt bên chán nản bất lực kinh khủng thực sự ghen tị việt nam thoải mái chơi thoải mái thứ mình thích sắp đoàn tụ đón tết bên gia đình mình bên giờ sợ cứ bảo nhật tốt nhật văn minh chống dịch thua việt nam mình dài nhớ tết việt nam,neutral,neutral
chuẩn tết thứ 8 xa nhà,neutral,neutral
vừa xem vừa khóc không t trai,neutral,neutral
sừng thế 0113,neutral,neutral
hơn yêu siêu iu ak,praise,neutral
thiếu cặp trấn thành hariwon lâm vỹ dạ hứa minh đạt tiến luật thu trang nữa không nhỉ,criticism,neutral
thực sự không thể ngờ nổi nhờ cách,neutral,neutral
gần 4 năm xa nhà are,neutral,neutral
bài nghe ba mươi lần rồi nghe ngủ thoải mái nghe thấy ghiền,praise,neutral
ý nghĩa 3,neutral,neutral
muốn ăn tết rồi đấy,neutral,neutral
nhóc,neutral,neutral
056 corti,neutral,neutral
triệu like,neutral,neutral
video thật xúc động 3,neutral,neutral
bài hát thực sự xúc động,neutral,neutral
honda việt nam hân hạnh tài trợ xe máy mv,neutral,neutral
low cortisol,neutral,neutral
ý nghĩa a ơi e khóc are nè,neutral,neutral
khổ thân thằng hát fa,neutral,neutral
bác quả beat bài chuẩn không ạ,neutral,neutral
lâu không gặp,neutral,neutral
nghe mãi không chán ạ nghe 2020 2021 ạ,neutral,neutral
giờ nghe 3,neutral,neutral
bài hát mv thực sự ý nghĩa chs tự nhiên cay cay mũi đoạn trường giang nhã phương chứ thực sự cảm động,neutral,neutral
hôm nay sinh nhật 1 năm bài dù 1 năm rồi không bao h dead,neutral,neutral
em muốn lái chị,neutral,neutral
nhà,neutral,neutral
thầy sang thầy minhx kidy crew nx nè,neutral,neutral
baroibeo love 3,praise,neutral
1 năm rồi xem,neutral,neutral
mv không đề cập cắm sừng nhỉ,neutral,neutral
em hỏi anh anh yêu em không anh không biết phải nói thế để đúng cảm xúc anh anh nhìn em anh thấy cuộc đời em khứ tương lai hiện tại không bao giờ phai tình yêu anh luôn thầm lặng không nghĩa không rộng lớn chỉ anh đôi khó nói lời mong em hãy cảm nhận thôi cao hơn núi dài hơn sông rộng hơn đất xanh hơn trời anh yêu em anh yêu em thế thôi vượt ngọn gió vượt đại dương vượt áng mây thiên đường dẫu nói bao nhiêu cảm giác anh bây giờ lẽ hơn yêu anh nhớ lần đầu tiên gặp nhau chẳng biết trước lần lần cuối anh yêu đời anh không mơ gặp yêu nữa giờ anh em rồi em hết quãng đường đời tình yêu anh luôn thầm lặng không nghĩa không rộng lớn chỉ anh đôi khó nói lời mong em hãy cảm nhận thôi cao hơn núi dài hơn sông rộng hơn đất xanh hơn trời anh yêu em anh yêu em thế thôi vượt ngọn gió vượt đại dương vượt áng mây thiên đường dẫu nói bao nhiêu cảm giác anh bây giờ lẽ hơn yêu cao hơn núi dài hơn sông rộng hơn đất xanh hơn trời anh yêu em anh yêu em thế thôi vượt ngọn gió vượt đại dương vượt áng mây thiên đường dẫu nói bao nhiêu cảm giác anh bây giờ lẽ hơn yêu,praise,neutral
nghe xong bài mình nhà sau gần 10 năm xa quê,neutral,neutral
gần tết nghe bài nhớ nhà kinh khủng,neutral,neutral
34 lạnh người,neutral,neutral
low cortisol,neutral,neutral
tự nhiên em nhớ nhà nhớ khoảng thời gian tết rồi bật bài nhạc nghe giờ nhớ nhà chỉ mở bài để ăn mày chút ký ức trước giờ em không biết thế mới gọi nhà nhà thực sự như thế nữa,neutral,neutral
lấy top 1 rồi mn ơi,neutral,neutral
để nha,neutral,neutral
cực mấy khổ mấy đáng sau khổ cực niềm hạnh phúc vô tận ăn tết gia đình3,neutral,neutral
tết ăn tết sài gòn,neutral,neutral
nghe như kặc,neutral,neutral
mấy sup chị tia 100,neutral,neutral
lớn thế cô số 0,praise,neutral
mình người yêu mình yêu nhau hơn 5 năm rồi công 2 phải chấp nhận yêu xa tính giờ gần 3 năm 2 đất nước 2 khung giờ khác nhau buồn vui giận hờn thời gian chia tay sau mọi chuyện bọn mình nắm tay nhau trai mình không kìm nước mắt nhất đoạn 2 anh chị yêu xa gặp nhau nhìn người nghĩ mình không biết bọn mình mới gặp nhau như cảm ơn 1 mv ý nghĩa nhớ yêu em,praise,neutral
tiktok đưa,neutral,neutral
người không thể nhà anh ạ nhà mình nhà chồng dù ba mẹ chồng chồng yêu thương không bằng nhà mình bằng nơi mình đón hai mấy tết bằng ba mẹ ruột thịt yêu công chúa nhỏ vô kiện,praise,neutral
mê đp thật ý xúc cảmkhó nói lời,praise,neutral
like để động lực cày view ạh,neutral,neutral
tui mới tìm hiểu geminitối nhớ nữ thí sính thắng ca sĩ quốc thiên chương trình the winer is tên hải châuvà muốn biết giờ cô giọng hát như thế tìm đâyhi vọng ngày hội ngộ quốc thiên để trở ký ức,neutral,neutral
low cortisol,neutral,neutral
để yêu không khó để hết cuộc đời mới không dễ,praise,neutral
khắc hưng bài hit bài nhỉ đúng tài năng,neutral,neutral
tuyệt vời,praise,neutral
hơn yêu,praise,neutral
low crotisol wit uma,neutral,neutral
mong 1 trieu w 2 idol tui,neutral,neutral
45 cảm xúc bà hòa,neutral,neutral
nhà thôi em bảo bé vô tình cuốn vòng xoáy kim tiền như 3,neutral,neutral
nghe ngang the nhi,neutral,neutral
lần xem mv nhạc vừa nội dung nổi da gà giống không,neutral,neutral
chú đen ơi thi toàn 3 4đ kiểu ạ,neutral,neutral
ngày giáp tết vợ việt nam mình công phải nơi quê người đất khách ngồi mình căn hộ trống vắng nghe nhạc đen nước mắt rơi không,neutral,neutral
nhạc giờ tắc phố phức đèn đường hiu hắt chúc mưa bay mí mắt rồi đưa em đêm nay giờ phố mấy đôi thầm nhỏ to tín tín chạy rồi đưa em đêm nay tim em rồitдt chân em mỏi rồi đông rồi em 1 mik thế thui đêm nay thật dài em mệt nhoài sương rơi đêm lạnh đầy đưa em đêm nay tabe mẹ back back home đường chẳng xa đêm khuya rồi không đưa em nhà,neutral,neutral
w song soth sound truli make cortisol low,neutral,neutral
đoná đề văn,neutral,neutral
tik tok,neutral,neutral
xem mv đen đoán đề vănôi em tủ văn luôn,neutral,neutral
nhìn chị tia giống chị na tra tik tok trung quốc douyin ghê luôn á nha nhìn sương sương giống ạ,criticism,neutral
kiếp ng việt nam dù bao nhiêu kiếp ng việt nam tự hào việt nam,neutral,neutral
nghe hoài thấy,neutral,neutral
thích kết hợp hai người ghê nghe quài vẩn không chán,neutral,neutral
thích bản live đám cưới duy mạnh hơn đỉnh,praise,neutral
nghe tâm trạng,neutral,neutral
ôi cảm xúc muốn khóc rồi cảm ơn đức phúc,neutral,neutral
bài hát lm trend low cortisol tới mức tác giả phải đổi tên nhạc low cortisol song bruh,neutral,neutral
anh ơi,neutral,neutral
dễ thương,praise,neutral
tiki showbiz chưa nhỉ,neutral,neutral
top 1 huhu,neutral,neutral
người vô gia cư,neutral,neutral
317 uh gei không ý kì thị mị gei,neutral,neutral
2k3 đoán đề văn năm nay nè,neutral,neutral
mới gần năm rồi mong năm 2021 mọi thứ tốt đẹp hơn đối chúng,praise,neutral
nghe thấy,neutral,neutral
low cortisol,neutral,neutral
bài đê,neutral,neutral
năm nay chưa nhạc tết anh trai,neutral,neutral
anh đức phúc ơi,neutral,neutral
mọi người nhớ like nhé,neutral,neutral
quan đếm cá nhân tớ hơn yêu tình thương hơn chính tình yêu mình dành đối phương tình thương tình thương chúng suốt cuộc đời bài đức phúc liều thuốc để cặp đôi nhìn tuyệt vời tình yêu i love hơn yêu đức phúc,praise,neutral
bài hát anh hát đám cưới duy mạnh,neutral,neutral
qúa,neutral,neutral
winer chạy chán anh ơi,criticism,neutral
muốn nhà quánhưng bản thân thật vô dụngcon nợ gia đình nghàn lời xin lỗi,neutral,neutral
coi xong thấy yêu đời hơn,praise,neutral
mv ý nghĩa siêu mãi ủng hộ anh,neutral,neutral
3 năm rồi nghe,neutral,neutral
nghe hoài không thấy chắn tuyệt vời,praise,neutral
ah khắc hưng best sáng tác,neutral,neutral
alan dẫn,neutral,neutral
câu chuyện đúng câu chuyện bản thân,neutral,neutral
bài hát điện thoại kêu cuối bài tên v mn,neutral,neutral
li al ồm ộp oszly,neutral,neutral
hơn yêu đức phúc,praise,neutral
nghe ấm lòng,neutral,neutral
đứng cất bước nhà nơi cha mẹ dang tay chờ đón để ôm lòng dù thế tốt xấu lo lắng yêu thương cách vô kiện chỉ thể cha mẹ,praise,neutral
45 ngày nữa sum vầy nhà rồi mong năm 2021 cuộc sống mọi người bình thường như năm trước trừ năm 2020 mong ca khúc đạt 10tr view chúc mọi người năm mới an lành hạnh phúc tết 2021,neutral,neutral
sắp tết rồi a đen ơi,neutral,neutral
nhà nơi mệt thể thích nhà luôn,praise,neutral
em xin link nhạc tik tok ạ,neutral,neutral
hơn yêu tình thương người đồng hành nhau suốt đoạn đường dài tình yêu bất chấp mọi điểm khác biệt người sẵn sàng nhau suốt cuộc đời tình yêu bỏ mọi khoảng cách thời gian lẫn không gian miễn hai trái tim luôn hướng nhau tình cảm vốn người soi mói bền vững nhau vượt mọi sóng gió,praise,neutral
nhớ bố mẹ nuôi,neutral,neutral
50 triệu lượt xem thăng tiến sunsun,neutral,neutral
không mở cửa nhà,neutral,neutral
nhạc khúc 403 bài mọi người,neutral,neutral
cố nha phải dự top 2từ ctcht,neutral,neutral
ngày 25 1 2021 ngồi nghe,neutral,neutral
agn low cortisol,neutral,neutral
nghe,neutral,neutral
e,neutral,neutral
mấy câu đầu giống giống bài hát á,neutral,neutral
đức phúc hát thông minh,neutral,neutral
ơi,neutral,neutral
em canada nhớ gđ sắp tết are,neutral,neutral
nhau đón 202 nha 3,neutral,neutral
hải dương không không,neutral,neutral
lần đầu tiên em xem 1 mv ca nhạc bật khóc,neutral,neutral
ạ,neutral,neutral
sky vô nghe ủng hộ,neutral,neutral
ế xem mv tủi vãi luôn á,neutral,neutral
×125 speed chibi agn tachyon danc,neutral,neutral
bố mẹ đức phúc,neutral,neutral
chuẩn 2025 rồi xem điểm danh,neutral,neutral
cách hát đức phúc luôn hài lòng tất mn,neutral,neutral
biết hơn yêu chỉ mình,praise,neutral
ôi ý nghĩa thật sự xem thôi cảm thấy hạnh phúc rồi,neutral,neutral
nghe chục lần không chán,neutral,neutral
cao hơn núi dài hơn sông rộng hơn đất hơn trời lịch học bù virus corona,neutral,neutral
ý nghĩa thực sự năm vừa rồi toàn đám cưới,neutral,neutral
nghe giọng ông te phê thật gặp ngay đen nữa khóc luôn tết tính nghe xong ngay luôn không,praise,neutral
fel cortisol lower,neutral,neutral
đêm đêm cắm tái nghe cảm xúc,neutral,neutral
hơn 50 ngày nữa thôi ae sẵn sàng quê chưa,neutral,neutral
video ý nghĩa xem muốn khóc,neutral,neutral
nhạc 6 năm trc h nổi tr luôn,neutral,neutral
nghe mãi không chán chú ơi 3,neutral,neutral
mong chờ tết để nhà 3,neutral,neutral
câu chữ gutchop anh,neutral,neutral
ủa bữa mình thấy báo viết anh chị hồ hoài anh ly hôn are nhỉ,neutral,neutral
nghe không 2305 nhớ em,neutral,neutral
nhà vui nhất,praise,neutral
take backback home,neutral,neutral
đầu xuân kính chúc mọi nhà giàu sang sung túc thuận hòa an vui hạnh phúc muôn người dồi dào sức khỏe tươi cười năm3,praise,neutral
nhanh thiệt chớ h t nghe 8 9 lần chứ nhiêu,praise,neutral
oi nhớ vietnam nhớ nhà haiz,neutral,neutral
cảm thấy yêu cuộc sống hơn,praise,neutral
2023 nghe nhỉ,neutral,neutral
chênh vênh nhà không nhà không nhà,neutral,neutral
nhah thôi chúng sắp nhà rồi,neutral,neutral
không zing huhu,neutral,neutral
chưa 1,neutral,neutral
182021 để nhà covid ơi tha việt nam,neutral,neutral
nghe hóng quê,neutral,neutral
hơn yêu,praise,neutral
chỉ 5 ngày nữa tết dương lịch 35 ngày nữa tết âm lịch rồi mọi người ơi 3,neutral,neutral
không hiểu 11k dislike ý,neutral,neutral
nghiện bài,praise,neutral
phong cách giọng điệu bn năm a như ngày đầu mãi iu nhạc đen,neutral,neutral
xem xong khóc luôn,neutral,neutral
nghe mãi không chán đức phúc tuyệt,praise,neutral
nghe xong mong tết,neutral,neutral
lần nghe khóc,neutral,neutral
cứ dịp đông tết đều quay nghe bài ấm áp vô,neutral,neutral
hơn yêu bên nhau trọn đời,praise,neutral
cortisol al time low hear,neutral,neutral
mình vừa nghe ngày đầu tiên are nghe hơn yêu phải nói cảm động khóc sụt sùi luôn ạ nội dung hình ảnh đều tràn đầy sự yêu thương cặp đôi,praise,neutral
nhé đen,neutral,neutral
thank make meme know song god hiden gem,neutral,neutral
t xem top thịnh hành đài loan,neutral,neutral
xem xen kẽ top 1 top 2 mn ơi,neutral,neutral
hôk mời xinri a phúc,neutral,neutral
ôi mẹ ơi xem mv xúc động vãi,neutral,neutral
ôi bài hát vladivostok,neutral,neutral
anh cạo râu nhờ,neutral,neutral
đoạn cuối không thấy chị trang anh độ from mixi with,neutral,neutral
thiếu rồi phúc ơi khúc em thiếu phúc,criticism,neutral
8am 3pm high cortisol 4pm 2am low cortisol,neutral,neutral
chú huy khánh nữa,neutral,neutral
agnes tachyon,neutral,neutral
zing không,neutral,neutral
2025 nghe không,neutral,neutral
mình nghe bài hát tầm 20 lần ngày 05052020 thôi lẽ muộn bài hát mắt gần 3 tháng rồi hôm nay 1052020 mình mới xem video cảm giác đầu tiên như ngập tràn hạnh phúc tình yêu tình thân video chia sẻ mình xin chúc tất mọi người đều an yên hạnh phúc cảm ơn phúc ca khúc ý nghĩa,praise,neutral
thật sự đời người không hạnh phúc hơn gia đình người đời yêu thương mình gia tài lớn lao rồi không biết tới chừng mình cưới,praise,neutral
hóng top 1 tab thịnh hành,neutral,neutral
top1 mng ơi,neutral,neutral
ngồi mik nơi xa anh hàng nghìn cây sốnhớ anh yêu anh,praise,neutral
duy mạnh,neutral,neutral
cặp đam mỹ kìa,neutral,neutral
đường nhà tim,neutral,neutral
bài ấm áp thực sự cô giáo iu mình thích bài,praise,neutral
song play cortisol sudenli low,neutral,neutral
sắp tết rồi chào năm mơi,neutral,neutral
thành erik ak ah,neutral,neutral
siêu cấp dể thương xem cảm động thật sự,praise,neutral
chúc mừng nhà 10 triệu view chúc chú đen sức khoẻ,neutral,neutral
lần nghe bài thấy tiếc nuối kỉ niệm nhớ bố mẹ 1 mái ấm tồn tại,neutral,neutral
gia đình hoa giâm bụt quay xem,neutral,neutral
cách ly f0 hôm nay nhà 3,neutral,neutral
mình thể thấy bản thân mv xa nhà xe ba má mua nhà lôi chùi rửa ba má thấy mới chạy tốt,praise,neutral
nghe nghiện luôn rồi,praise,neutral
phụ đề cún bảo bối erik đúng ae phải rõ ràng,neutral,neutral
zo trang mình nghe cover thử mấy ông cảm ơn 3,neutral,neutral
cực kì cực kì ý nghĩa nhưg tiếc nhất đôi lưu hương giang hồ hoài anh,neutral,neutral
ủng hộ mấy a giai đẹp nhau để tăng cơ hội tán gái đứa xấu trai như tui,neutral,neutral
duc phuc moi thay ao a,neutral,neutral
ngày trước mik nhìn hương giang bình an bây giờ phương nga bình an,neutral,neutral
jarvi low cortisol,neutral,neutral
ý nghĩa thực sự,neutral,neutral
sắp rồi anh em chúc anh thành công nhé mong anh mv tết,neutral,neutral
nghe không,neutral,neutral
sau dịch chắc người quê chúc mừng nhà 10tr view chúc mọi người thật sức khỏe,neutral,neutral
cảm động ghê,criticism,neutral
chang titl low cortisol song,neutral,neutral
em hỏi anh anh yêu em không anh không biết phải nói thế để đúng cảm xúc lòng anh nhìn em anh thấy cuộc đời anh khứ tương lai hiện tại không bao giờ phai tình yêu anh luôn thầm lặng không nghĩa không rộng lớn chỉ anh đôi khó nói lời mong em hãy cảm nhận thôi cao hơn núi dài hơn sông rộng hơn đất xanh hơn trời anh yêu em anh yêu em thế thôi vượt ngọn gió vượt đại dương vượt áng mây thiên đường dẫu nói bao cảm giác anh bây giờ lẽ hơn yêu anh nhớ lần đầu tiên gặp nhau chẳng biết trước lần lần cuối anh yêu đời anh không mơ gặp yêu nữa giờ anh em rồi em hết quãng đường đời tình yêu anh luôn thầm lặng không nghĩa không rộng lớn chỉ anh đôi khó nói lời mong em hãy cảm nhận thôi cao hơn núi dài hơn sông rộng hơn đất xanh hơn trời anh yêu em anh yêu em thế thôi vượt ngọn gió vượt đại dương vượt áng mây thiên đường dẫu nói bao cảm giác anh bây giờ lẽ hơn yêu cao hơn núi dài hơn sông rộng hơn đất xanh hơn trời anh yêu em anh yêu em thế thôi vượt ngọn gió vượt đại dương vượt áng mây thiên đường dẫu nói bao nhiêu cảm giác anh bây giờ lẽ hơn yêu cảm giác anh bây giờ lẽ hơn yêu,praise,neutral
2021năm không bao giờ quên kỉ niệm,neutral,neutral
206 đam mĩ chắc luôn,neutral,neutral
nghe hayliên tưởng ngiu mh mình kh ny,neutral,neutral
anh ơi,neutral,neutral
ngày youtube mở nge,neutral,neutral
vãi,neutral,neutral
low cortisol ah song,neutral,neutral
low cortisol song,neutral,neutral
love yêu,praise,neutral
057 đoạn dễ thw xĩu,neutral,neutral
low cortisol,neutral,neutral
wtf 2 tap thịnh hành,neutral,neutral
mặt dù là cần jackson vẫn cày view,neutral,neutral
stumbl gem,neutral,neutral
like nha hihi,neutral,neutral
vừa nghe nước mắt cứ tuôn,neutral,neutral
nhà,neutral,neutral
lgbt nữa cơ hm iu đức phúc ik mất,neutral,neutral
anh hot vl top 1,neutral,neutral
giai điệu vui tươi ạ,praise,neutral
dịch bệnh mới thấy nhà thật ý nghĩamong hết dịch để,neutral,neutral
mong thể hát bài rap ý nghĩa hơn nữa,neutral,neutral
thích váa 3,praise,neutral
9122021 đếm ngược 53 ngày tết,neutral,neutral
cháu chúc chú đạt 5 triệu lượt đăng kí,neutral,neutral
finali cortisol low,neutral,neutral
yêu,praise,neutral
nghe muốn khóc giải,neutral,neutral
nôn tết chú đen ơi,neutral,neutral
top1,neutral,neutral
mv đáng yêu ấm áp from eri with luv,praise,neutral
mình nghe nhạc việtnhưng 1 lần vô tình nghe bài hát nàymình thu hút ca cảm độngchúc đức phúc thành công hơn nữa nhé,neutral,neutral
low cortisol song,neutral,neutral
codonqua love,praise,neutral
song low cortisol tachyon tachyon low cortisol song,neutral,neutral
low cortisol,neutral,neutral
anh bài càng ngày càng,neutral,neutral
tại 1k dislike nhỉ,neutral,neutral
thấy bài xứng đáng top 1 hơn bài mới st,neutral,neutral
nghe nhớ nhà tt,neutral,neutral
hơn 2 tháng nữa tết cứ lần mình nghe bài lướt đọc comen đồng âm sống mũi mình cay cay cảm giác khó để diễn tả phần thấy háo hức phần thấy buồn vui hội tụ người thân bè buồn đồng âm tha phương cầu thực nơi đất khách quê người không nhà đón tết dù nữa đồng âm ơi cố tất tương lai chúng sau thôi ráng mọi người ông trời không bao giờ đùa giỡn chúng,criticism,neutral
120 đêm nghe nhạc đen cảm giác khác hẳn so mọi lần lần đầu tiên thích nhạc đen âm nhạc phải nghe ca sĩ hát mới hiểu mới cảm đen tốt sau chil xong kiểu rap đơn giản nhất đen mình ngẫm chữ yêu đen yêu luôn tiếng việt chil cách anh chơi chữ tu láy láy lạimột kiểu rap đầy tri thức đáng học nghe nhạc đen khôn đấy cảm ơn anh,praise,neutral
em yêu anhmình nhau vượt hết mọi sóng gió nhé anh biết khó đónhưng rồi mình vượt hết mình nhau thay đổi nhé anh 041,praise,neutral
kinh khủng,neutral,neutral
đời không để bắt nạt mình nhà im lặng nghe bài ca nhà người tần số n lầnngày ngàytừ bé lớn rồi mọi sự thể chửi thành văn ba mẹ suy kinh tế không ổn định vmà thiết nghĩ gđ giả như hồi tấm bé lạ sinh chuyện tiêu cực khác thế chỉ muốn hoài hoài dù nhớ nhà muốn,neutral,neutral
không biết giống mình không càng xem càng thấy nhìn cặp đôi cảm thấy hạnh phúc lây nhìn càng ngưỡng mộ cha mẹ mình hơn hạnh phúc không xa hạnh phúc luôn quanh,neutral,neutral
đới tết are lmj chx ạ chuẩn pháo hoa five lận ắhapy new year nha,neutral,neutral
đẳng cấp đen ơi,neutral,neutral
nhẹ nhàng,neutral,neutral
động lực zề quê,neutral,neutral
y1 nhớ nhà chưa,neutral,neutral
1h 13h40 7765 v,neutral,neutral
yêu bố mẹ yêu gia đình 2412021,praise,neutral
mv tuyệt vời không phải câu chuyện cổ tích tô vẽ câu chuyện đời thường thực,praise,neutral
xem trễ 2 ngày thuộc lời bài hát fan anh phúc 1 like nhé,neutral,neutral
anh nhà để trốn tiki,neutral,neutral
bản nhạc gây thương nhớ nhất nghegiọng hát mang người nghe sự viên mãn hạnh phúcchúc tất mọi người mạnh khỏekhông côrôna like nhé,praise,neutral
oh chang titl wow,neutral,neutral
tụt t2 roif buồn,criticism,neutral
ngày nghe để chil nhớ tết,neutral,neutral
a ơilên nhacuatui ạ,neutral,neutral
nghe muon ve nha,neutral,neutral
nghe nổi da gà,neutral,neutral
đung thẳng trái tim đẹp nhất dù chỉ đơn giản nhấtmv không đầu tư hoành tráng chất giọng ấm truyền cảm xúc phúc biến sự đơn giản nhẹ nhàng mv thành siêu phẩm khắc sâu trái tim người xem nghe phúc hátkhông quên lời giai điệu tuyệt vời thẳng trái tim người nghe hít maker khắc hưng,praise,neutral
dịch nhà không không,neutral,neutral
yêu phượt như mình không,praise,neutral
mong 10 tr lượt,neutral,neutral
nghe bài muốn khóc,neutral,neutral
fel reali low cortisol guy,neutral,neutral
ngọt ngập răng ê hết rồi,neutral,neutral
luôn á nghe nghiền luôn,neutral,neutral
tết gần rồi hà nội dịch anh đen ạ cô đơn,neutral,neutral
nghe xong nhớ nhà ghê,criticism,neutral
t đồ gia dụng cao cấp inochi thiết kế sản xuất dây truyền nhật bản khuyến mãi lớn 15 30 chỉ shope ngày hôm nay,praise,neutral
hơn yêu thương,praise,neutral
love song philipin,praise,neutral
cảm giác nhớ nhung khoảnh khắc cuộc sống,neutral,neutral
cortisol song finali find youlow,neutral,neutral
chúc đọc coment 1 đạt thành công 2 hạnh phúc triền miên 3 đều xinh gái đẹp trai 4 sớm ny 5 đặc biệt không nhiễm virus corona kênh mình ủng hộ mình nha,praise,neutral
đen vâu tiên tri đề thi đấy,neutral,neutral
video ý nghĩa nhất xem,neutral,neutral
nhà mình gần cách sg hơn 10km nhà hơn hihi,neutral,neutral
anh vau oi anh co ngyeu chua,neutral,neutral
cứ nghiện bài í,praise,neutral
453 ôi bà hòa ngang cứ mắc cười thế,neutral,neutral
bài dã man nghe nghe hoài không chán,neutral,neutral
chú ơi,neutral,neutral
sắp vượt sơn tùng rồi mấy đồng âm relay ghê thế,criticism,neutral
hai thằng bê de,neutral,neutral
nghe bài em nhớ mùi vị tết mình lâu rồi em không thăm ngoại không biết lý em nhớ nhà rồi,neutral,neutral
nghe buồn 1năm chưa lm thêm 1 tuổi nữa thời gian chải thật nhanh chỉ muốn quay nít vô lo vô nghĩ chủ nhật 2812021 239,neutral,neutral
hơn yêu yêu em,praise,neutral
em thích nhạc chị luôn tiếc người nghe hm buồn,neutral,neutral
rap đen tea thẳng tim không lòng vòng như hải phòng,neutral,neutral
nghe bài nhớ tết ghê á,criticism,neutral
thích nhất khúc ng ck lụm que thử thai cảm giác tuyệt vời không thể tả,praise,neutral
sắp tết rồi mn ơi,neutral,neutral
phải quay đường làng đất sét không nhỉ hôm thấy ekip quay phải,neutral,neutral
tận 13k dislike nhỉ,neutral,neutral
mình hát bài đức phúc tặng vợ mình sâu khấu đám cưới cô thích hạnh phúc cảm ơn tác giả khắc hưng sáng tác 1 bài hát ý nghĩa,praise,neutral
chỉ 1câu anh hỏi hoài hỏi mới yêutới cưới tới conhỏi tận 9 năm câu em yêu anh không giờ mới biết hơn yêu em e rời xa anh rồi,praise,neutral
sắp tết rồi ae lâm đồng roi,neutral,neutral
xem nghẹn lòng,neutral,neutral
vũ hán love 3,praise,neutral
bằng jack,neutral,neutral
mv ý nghĩa,neutral,neutral
thiếu khẩu trang pơ phệch,criticism,neutral
sắp tết rồi,neutral,neutral
aa a đen đt ơi nghe chỉ muốn xách vali lao nhà thôi,neutral,neutral
cuộc sống công tương lai gia đình phải xa nhà tha hương đất khách quê dù buồn dù nhớ phải mím môi nở nụ cười cố gắng,criticism,neutral
bài hát nội dung mv hình như giống mv you are mine hỉ,neutral,neutral
nghe ấm lòng,neutral,neutral
23 tuổi nhà mẹ bệnh tâm thần ba mất bụng mẹ chưa kịp nhìn ba chưa biết hình hài ba như thế dù nữa lớn sự nâng đỡ yêu thương bà ngoại người dì luôn cảm thấy tự hào quen cuộc sống hiện tại nghe ca khúc xong cảm thấy yêu đời hơn động lực phấn đấu phía trước cám ơn anh trai sản phẩm tuyệt vời,praise,neutral
chú ơi 3,neutral,neutral
hơn yêu nổi tiếng rồi,praise,neutral
dễ thương qá chừng,praise,neutral
đức phúc bài chất bài nấy,neutral,neutral
ôi tiếc top 2 rồi mọi người fan đức phúc xem idol ạ,neutral,neutral
love song,praise,neutral
bao lâu rồi nhỉ hình như 4 năm rồi chưa quê phải nghe c hát khóc nhớ nhà nhớ quê nhất định năm nay quê,neutral,neutral
nhà x2,neutral,neutral
yêu ghê,neutral,neutral
nghe nhớ nhà roi nuoc mắt nhớ bô mẹ,neutral,neutral
anh đen,neutral,neutral
col song make chil,neutral,neutral
tc,neutral,neutral
nghe chục lần không thấy chán chào phan đức phúc,neutral,neutral
trốn nợ không nhà,neutral,neutral
rap xong nhà không bằng nhàchúc mn tết nhà,neutral,neutral
cảm động p ơi,neutral,neutral
kicm gỡ video rồi,neutral,neutral
tết không muốn nhà nghe bài nhạc cảm thấy nhớ nhà,neutral,neutral
bài hát lòng người hát xúc cảm,neutral,neutral
không nhà,neutral,neutral
sơn hồng phạm nữa kìa thích cặp cực luôn ý,praise,neutral
sắp tết,neutral,neutral
đám cưới duy mạnh quỳnh anh rồi chuyển sang xem mv không giọng hát đức phúc nghe nhẹ nhàng đong đầy cảm xúc,neutral,neutral
1 sự kết hợp hoàn hảo đen justa tecảm ơn honda,neutral,neutral
nhac nghe giống ánh nắng anh nhỉ,neutral,neutral
thấy nhìu cặp lgbt thật hp bên nhau vui lây mong như,praise,neutral
mới nghe thấy rồi anh te cất tiếng hát mọi thứ trở tuyệt vời nhà luôn nhà,praise,neutral
không biết phải thả bao nhiêu tim mv ý nghĩa mới vừa hơn yêu,neutral,neutral
ask parent listen sinc vietnames love tôi thích âm nhạc,praise,neutral
nghe nhà nhà nhà nước mắt trực trào,neutral,neutral
video xem,neutral,neutral
nghe bài chỉ muốn quay nhà ngay,neutral,neutral
khóc thút thít luôn á,neutral,neutral
bài khúc rap tốt như nhắc nhở khúc hát như thế,praise,neutral
khóc,neutral,neutral
nghe a ak luôn ủng hộ anh,neutral,neutral
121202 nghe,neutral,neutral
mình muốn vềchỉ cầu mong thế giới hết dịch nhanh thật nhanhmọi thứ trở bình thường thôi,praise,neutral
hôm nay ngày chủ nhật cuối năm 2020 27122020 vô tình nghe bài aw,neutral,neutral
e kím zing hong thấy,neutral,neutral
cảm xúc hơn yêu,praise,neutral
low cortisol,neutral,neutral
24h,neutral,neutral
tối nghe anh đen rap nghe thiệt sự,neutral,neutral
ðen one import artist opinion war break man bring peac world,criticism,neutral
giọng thi,neutral,neutral
chờ thêm 1 triệu like thôi,neutral,neutral
2 năm rồi không không biết năm nay dịch không buồn,neutral,neutral
nghe hơn 10 lần rồi,neutral,neutral
sản phẩm hai anh đều ý nghĩa sâu sắc,neutral,neutral
cortisol level ben low sinc start listen song daili,neutral,neutral
xem mv mình cảm thấy thật sự ấm áp cuộc sống ý nghĩa mình phải biết yêu thương người thân yêu mình mv mang tính nhân văn mình khóc xem mv lời bài hát,praise,neutral
trốn linh cáo nhà anh jut bà đen,neutral,neutral
em chọn không nhà dalat để giữ gia đình người thân mình bình yên thời gian em trải thời gian tết hải phòng nơi em thấy yêu thương kết nối vùng đất mọi người bắc nam riêng em lang thang mình bắc chọn hải phòng để em nghe nghe ca khúc anh lòng bình an ấm áp lạ nhà tim em cảm nhận vui vẻ hạnh phúc lời nhạc nền bài hát giúp em vui hơn bài hát như người đồng hành em em cảm ơn anh chị tạo bài hát đóng góp clip em chúc anh chị đón tết vui vẻ hạnh phúc nha,praise,neutral
giá như bài 1 triệu like nhỉ v,neutral,neutral
nhạc em chil nhạc loang loang như vòng tròn nước a thích phong cách,praise,neutral
đáng nước mắt ghê,criticism,neutral
ui ạa mv ý nghĩa nữa,neutral,neutral
để bánh trưng kiểu tới chỗ không lá,neutral,neutral
nghe lòng bồi hồi,neutral,neutral
ý nghĩa anh ơi đôi thích xem xong muốn ny luôn,praise,neutral
22 tớ nhà rồi mn ạ,neutral,neutral
mv ngta hạnh phúc như không hiểu mình khóc trờiquá cảm động mong sau thank you như,neutral,neutral
anh đức phúc ơi,neutral,neutral
bản nhạc vang lần đầu tiên mình lớp 12 h tốt nghiệp đại học lần nghe muốn nhà ba mẹ ba chờ sắp ba rồi,praise,neutral
low cortisol song updat 6 yr old song fit new meme mad work,neutral,neutral
doi nhat la that that tinh that chi la that,neutral,neutral
ối 16 ngày nữa chở quê rồi,neutral,neutral
fan winer điểm danh,neutral,neutral
sắp kết thúc năm 2021 hóng năm 202 ấm êm hạnh phúc,neutral,neutral
hem thiếu bách hợp nha,criticism,neutral
nghe thấy khoé mắt cay cay,neutral,neutral
mong chú đem bài hát tết nữa,neutral,neutral
đứng chờ 15 phút xong bảo trễ không người trễ thôi kệ mịa đời,neutral,neutral
càng nghe càng nghiệnngay 014 31122020 ngày cuối năm 2020 chúc đọc may mắn bình ancó sức khoẻchúc xa quê hương sức khoẻ để sớm nhà đặc biệthãy đối xử nhẹ nhàng nhau nha chúc mừng năm mới,neutral,neutral
đúng bài hát ý nghĩa xem xem hoài không chán đượcđầy sự tình yêu cảm độngcứ xem muốn khóc hãy trân trọng mình hạnh phúc,praise,neutral
430 nhìn tg np cười cười không,neutral,neutral
hơn yêu,praise,neutral
elit bal knowledg damn make day swet,neutral,neutral
năm nay ăn thêm tết nữa rồi không bt mn chăm nghe bài nữa không 3,neutral,neutral
càng xem càng mê mv tuyệt vèo,praise,neutral
chưa 1 lần 2 like,neutral,neutral
diabol ade low cortisol,neutral,neutral
kỉ niệmbài hát gắn bó 3 tháng cty,neutral,neutral
toàn bl 2 3 phút,neutral,neutral
thiếu nợ nhà trốn nợ nhà,criticism,neutral
radio cô đơn đưa mình tới,neutral,neutral
ah cortisol level low,neutral,neutral
6 cuộc sống chỉ thật sự ý nghĩa trọn vẹn biết giữ gìn nuôi dưỡng ước mơ biết ghi nhận biết tin lời hứa,neutral,neutral
hơn yeu 3,neutral,neutral
make low cortisol,neutral,neutral
từ sáng đến chiều nghe liên tục nó vãi luôn á mngui,neutral,neutral
low cortisol,neutral,neutral
grap đưa chị chứ,neutral,neutral
bài hát ru nhà đêm,neutral,neutral
xem clip thật ý nghĩa xúc động mình khóc khóc ba mẹ mình không hạnh phúc như mình mong 1 ngày ổn 1 gd thật hp,neutral,neutral
30 2 ông,neutral,neutral
fact even chang titl 3,neutral,neutral
nghe nghe nôn tết qá,neutral,neutral
chị ơi 3,neutral,neutral
bầu trời hạnh phúc gọi gọn mv triệu like anh phúc,neutral,neutral
lets go nhà thôi nhớ gđ nhìu ngoài đường nhìn gđ hạnh phúc bên nhau nhìn chính mình càng tủi thân,neutral,neutral
qthua qlai,neutral,neutral
coi coi mấy lần khóc,neutral,neutral
cortisol get low listen,neutral,neutral
em bên anh để hiểu tình yêu thứ tồn tại thế gian tính toán ngoài,praise,neutral
hóng anh đen giám khảo rap việt mùa sau,neutral,neutral
make cortisol low,neutral,neutral
lập vài tài khoản để đăng ký giúp phúc nha mn,neutral,neutral
nghe muốn quê nhớ nhà,neutral,neutral
leo top thôi mng,neutral,neutral
cao hơn núi dài hơn sông qúa rộng hơn đất a ơi xanh hơn trời,neutral,neutral
gút chớp,neutral,neutral
trend around world,neutral,neutral
210 nụ cười tỏa nắng,neutral,neutral
bài,neutral,neutral
đấy,neutral,neutral
mọi người giúp phúc lấy nút vàng,neutral,neutral
sau 5 năm đưa nhau trốn chán chú quyết định nhà,criticism,neutral
2 năm rồi chưa nhà vừa nghe nước mắt tự dưng rơi bài hát người xa nhà nghe xúc động,neutral,neutral
anh đen anh justate bảo nhà rồi giờ covid anh em mông lung biết không,neutral,neutral
ok a đen giữ kín tim tết,neutral,neutral
mv ý nghĩa,neutral,neutral
mấy năm rồi nhỉ,neutral,neutral
cứ tết cày view anh 3 tháng trước tết kaka,neutral,neutral
vượt ngọn gióvượt đại dương,neutral,neutral
tháy nhạc video ý nghĩa dó tay,neutral,neutral
ủa thêm low cortisol song hồi mình không biết,neutral,neutral
mê nhạc qus,praise,neutral
ý nghĩa a,neutral,neutral
0440 ối dồi ôi dth,neutral,neutral
vừa xem 10 phút view tăng hơn 1 triệu mới xem 8 phút view hơn 10 triệu hai ngươi xem hơn yêu đức phúc,praise,neutral
1tr like cố,neutral,neutral
nhà lầ nơi yêu thương,praise,neutral
đón giao thừa thoi ae oi,neutral,neutral
thank cortisol get lower love song,praise,neutral
nhà ông già bảo,neutral,neutral
tuyệt đen vâu ơi,praise,neutral
chưa 2020 gọi 5 năm trước hoài niệm thật toàn kỉ niệm tuyệt đẹp,praise,neutral
lần đầu nghe 2042020,neutral,neutral
top 1 trending,neutral,neutral
biết bao người cô giang cô lạnh lùng gọi grab,neutral,neutral
ngày cuối 2020 chúc mọi người 1 tết vui vẻ hp bên gia đình,praise,neutral
mong em hãy cảm nhận thôi,neutral,neutral
mv đầy ý nghĩa,neutral,neutral
tết thứ 2 nhật lần nghe bài rơm rớm nước mắt cảm ơn đen vâu ft justate 3 3 nhớ nhà,neutral,neutral
listen shit high cortisol go 10,neutral,neutral
hòa minzy cưng xỉu,neutral,neutral
để sped 125 điên,neutral,neutral
js jujutsu shenanigans,neutral,neutral
from mtp love đức phúc,neutral,neutral
bài hát hy vọng top thịnh hành,neutral,neutral
không hiểu nghe bài nầy long thấy a,neutral,neutral
nhớ kỷ niệm cũ,neutral,neutral
nghe muốn cưới,neutral,neutral
ơi,neutral,neutral
dịch bệnh đường nhà chưa lâu chưa bao giờ xa cảm ơn bài hát,neutral,neutral
nge bài hát tình yêu bài hát ý nghĩa em nghe,praise,neutral
reali lower cortisol wow,neutral,neutral
rap thế mới đẳng cấp chứ mấy ông nội rap dis thô tục chả,neutral,neutral
sun sun cưng rồi tar,neutral,neutral
năm nay nghe đỉnh,praise,neutral
thích đen hơn,praise,neutral
ngày nghe,neutral,neutral
mv thật sự ý nghĩa ý kiến riêng em ạ,neutral,neutral
ngày đều nghe sau tan,neutral,neutral
fan jack chúc anh đạt thật thành công càng mn yêu quý ạ mv ạ3,praise,neutral
tik tok chạy,neutral,neutral
mn e hỏi không ạ quen nyc cực thân mình 1 chx vô tồi tệ tớ vô cảm thấy áy náy thân mình thw thk đấy tớ nhảy tớ ng thứ 3 s tớ làn khóc rõ ràng tớ thích cậu trc cô xuất hiện cơ tớ s thật sự khó xử tớ không mún mất ng thân,criticism,neutral
tuyệt,praise,neutral
nhớ nhà nhớ mẹ dù cách nhà 35h chạy xe sg học nghe bài hát nhớ mẹ cảm ơn anh đen em luôn thích ca khúc anh,praise,neutral
vl cặp tg rụng răng hết luôn buồn cười tht,criticism,neutral
tik tok nè mn,neutral,neutral
ngồi xe bus học nghe bài nhớ quê thực sự cố sắp tết sắp bố mẹ rồi,neutral,neutral
xem xong cô đơn không muốn nhà huhuhuhuhuhuhu,neutral,neutral
h nghe không h nghe chil phết,neutral,neutral
bây giờ nghe 562021,neutral,neutral
năm nhà nghe bài hơn 90 ngày tới tết nghe dần vừa,neutral,neutral
hình như đức phúc đổi áo khúc đầu,neutral,neutral
chúc sắp thi học kỳ 1 1 đạt 8910 điểm 2 đạt học sinh giỏi lớp 3 gặp giám thị hiền lành 4 đỗ đại học,praise,neutral
ngày mai thôi 142 rồi ngày lễ tình nhânnghe bài hát mình nhớ câu chuyện cặp vợ chồng yêu nhau hai chỉ bàn tay trắnghọ lấy nhau bất chấp lời thầy phán không hợp tuổi bên nhau hai khó hạnh phúc cuối ông trời mụn khóc đau khổ tuyệt vọng bé mắc bệnh hiếm pompe đứng dậy nắm tay để đồng hành đường chiến đấu bệnh tậtdù số ngày viện hơn nhà dù ng vợ phải hi sinh công để nhà chăm sóc dù ng chồng phải ngày lẫn đêm để trang trải cuộc sống dù bé nay 4 tuổi chưa thể chưa biết nói tương lai bé mù mịt bên nhau động viên nhau sẻ chia nhaucó lẽ mới hơn yêu chúc anh chị luôn hạnh phúc bên nhau,praise,neutral
hóng anh vâu bài hát chắc bố mày cần ạ,neutral,neutral
ultr tui cứ tướng bài tháng 10 202 are không ngờ tháng 7 2019 are,neutral,neutral
readi come,neutral,neutral
bên nhau 4 năm kết hôn dòng sửa yêu nhau 4 năm kết hôn,praise,neutral
đường nhà tim dẫu nắng mưa gần xa thất bát vang danh nhà luôn chờ ah đường nhà tim yeah justate dẫu muôn trùng đen vâu vật đổi dời yeah nhà luôn nhà nhà ya lao đời kiếm cơm lao đời tìm cơ hội thành thị thường lấp lánh đêm thành thị thường trơ trọi như mọi đứa trẻ khác lớn muốn xa hoài xa hoài nhà yên đợi đứa ngoài bước ngoài mới biết không bằng nhà nhà biết để mất trước sẵn sàng mở quà mở quà không phải võ sĩ phải giỏi đấu đá yeah kiệt sức chỉ gắng giữ mình không xấu xa ah đôi bỗng thấy đồng cảm mai an tiêm yeah bước chân sóng gió chỉ nhà mãi an yên ngoài phức tạp như rễ má dây mơ dây mơ nhà để phép mình ngây thơ mang bao nao nức xe chở niềm háo hức xuân suốt đêm ngày dòng người phố mang sắc mai hương đào tìm nơi ấm êm đường nhà tim dẫu nắng mưa gần xa thất bát vang danh nhà luôn chờ đường nhà tim dẫu muôn trùng muôn trùng vật đổi dời vật đổi dời nhà luôn nhà ya ya ngôi nhà góc vườn chó gà đám nói khó chiều thích gió trời hơn gió hoà ah ăn cơm mẹ nấu nấu mặc áo mẹ may may đưa ba chợ mua cây đào cây mai bày yeah năm trời rã rời như máy ah nhà thấy áp lực nhẹ như bấc thổi bay bay ấm êm hơn bếp lửa yeah ngọt bùi hơn lúa non yeah nhà luôn mong chờ đứa dẫu mưa nắng không bao giờ nề hà hạnh phúc chỉ đơn giản nhà ah hạnh phúc nhà cô đơn nhà thành công nhà thất bại nhà mệt nhà mông lung nhà chênh vênh nhà không nhà ah không nhà nhà nhà yeah đường nhà tim dẫu nắng mưa gần xa thất bát vang danh nhà luôn chờ đường nhà tim dẫu muôn trùng vật đổi dời ya nhà luôn nhà ya ya nhà thể lớn thể nhỏ thể không khang trang cha mẹ muốn sống đàng hoàng lớn người mong tương xán lạn cặm cùi đời không bao giờ thấy than van đường nhà tim dẫu nắng mưa gần xa thất bát vang danh nhà luôn chờ đường nhà tim dẫu muôn trùng vật đổi dời nhà luôn nhà,praise,neutral
cortisol low fel like im float,praise,neutral
chị hát nổi luôn tik tok luôn,neutral,neutral
shit dont even understand languag shit go hard,neutral,neutral
mới 2 năm rồi,neutral,neutral
nhớ nhà nhớ mọi người quê nhớ ba mẹ nhớ bữa cơm mong tết mọi thứ thuận lợi để thể quê ăn tết cách trọn vẹn nhất,praise,neutral
bài hát sâu sắc,neutral,neutral
mình nhậtnhớ nước hàn vl,neutral,neutral
tết 2026 đạt 20 triệu,neutral,neutral
tr,neutral,neutral
nghe bài đều nhớ nhà nhất xa,neutral,neutral
mình thích bài vl cảm giác thể replay ngày không biết chán nghe siêu nhớ 34 năm trước huhu,praise,neutral
low cortisol song,neutral,neutral
tik tok,neutral,neutral
cảm xúc luôn,neutral,neutral
lần xem mv lần đầu xúc động,neutral,neutral
hơn yêu,praise,neutral
trở top 1 mn ơi,neutral,neutral
có quê không,neutral,neutral
đức phúc độc thân,neutral,neutral
hưng yên cương,neutral,neutral
đức phúc hát xấu trai,criticism,neutral
em mong anh chị bài giống nhu nghe,neutral,neutral
vật đổi dời nhà luôn nhà,neutral,neutral
hết dịch để nhà sg16921,neutral,neutral
bài hát năm tuổi,neutral,neutral
cortisol lower,neutral,neutral
nhà đạt 1 triệu like rồi chừng 1 triệu like mới đạt 1 triệu like,neutral,neutral
a a a bách hợp kìa,neutral,neutral
tới tết nx rồi nhah thật,neutral,neutral
yêu,praise,neutral
nhìn thích cặp nhã phươngtrường giang ghê á,criticism,neutral
nhạc chú đen vâu ạ,neutral,neutral
mong sau mình tình yêu như,praise,neutral
53 gần 1 tháng top 37 trending nha,neutral,neutral
mv ý nghĩa,neutral,neutral
nghe bài nhớ nhà cảm ơn 2 a,neutral,neutral
tối cổ h ms xem không,neutral,neutral
lâu nghe 9tr view rồi 10tr,neutral,neutral
nhìn thế ỗng nói bố ỗng hút thuốc,neutral,neutral
nha t 83 nhat chieu tay ho ha noi em truong viet hoang,neutral,neutral
thắc mắc tại để bánh chưng như không rớt,neutral,neutral
thank lower cortisol,neutral,neutral
30 tết quay,neutral,neutral
nghe chắc phải vài trăm lần rồi,neutral,neutral
hòa cute nhìn buồn cười không chịu luôn,criticism,neutral
cá nhân mình nội dung bài hát ý nghĩa dòng nhạc khó để lòng người năm tháng chỉ ca sĩ hát nghe chấp nhận chứ thính giả khó lòng hát không như bolero khó lòng người mình thấy bản hit chưa phù hợp đại đa số người dân việt nam,neutral,neutral
fan jack điểm danh,neutral,neutral
bài không zing mp3 anh ơi,neutral,neutral
bài anh hát đám cưới duy mạnh quỳnh anh nècảm động qué,neutral,neutral
mv nhạc tội nhìn người gấu mình ngồi nhà đớp cẩu lương haiz,criticism,neutral
xem chương trình đức phúc gọi điện xin kính erik đúng kinh hợp đp ghia,neutral,neutral
1 nghiện bài tia,praise,neutral
mv 1 triệu like rồi không biết mình bao nhiêu like,neutral,neutral
nhạc đen vâu muôn năm,neutral,neutral
thấy reaction mẹ mít khóc tr xem thử ngờ khóc luôn mv cảm động,neutral,neutral
tết liền khum 6102024,neutral,neutral
xem 360 độ soi ms thấy nghệ sĩ đình đám quý đp như luôn,neutral,neutral
nghe muốn khóc,neutral,neutral
ồ,neutral,neutral
thành nhạc fhonk rồi,neutral,neutral
nghe lần 1 bài top 3 top 12 chưa nghe đ nghe bh,neutral,neutral
mình coi khóc luôn,neutral,neutral
s mp3 không ak,neutral,neutral
chúc chị thành công bài hát,neutral,neutral
em nghe nghe lạikhóc như 1 thằng nít em không muốn trưởng thành đâu25 tuổi đầu rồingồi 1 mình khóc bù lu bù loa như 1 đứa nítnhớ nhà,neutral,neutral
mv dễ thương,praise,neutral
không biết đen vâu âm nhạc chất lượng,neutral,neutral
cực thích mv luôn nhạc nữa 3,praise,neutral
em nghĩ hơn yêu thương yêu dễ thương không dễ thương thương ưu điểm khuyết điểm đối phương thương hết cuộc đời thương phúc hưởng hoạ hoạ chia người thương cảm thấy thể bộc lộ hết bản thân đối phương thương đối phương trở thành gia đình nhau hết cuộc đời lẽ yêu không nữa thương vô tận người yêu người thương không chúc mọi người đều tìm người thương đời mình,praise,neutral
142 mv cẩu lương đập mặt,neutral,neutral
nhạc,neutral,neutral
chúc xem video 2025 zui zẻ,neutral,neutral
14 tháng 1 năm 2020 nghe,neutral,neutral
quê mình nước trời nha,neutral,neutral
tia xinh thế,praise,neutral
tấu hài vaiz,neutral,neutral
agn tachyon bring,neutral,neutral
chúng hiện tại nhà bác đen nhờ,neutral,neutral
mv a e xúc động luôn bài hát a nứa,neutral,neutral
zingmp3 không chị,neutral,neutral
put al ed sheran vibe,praise,neutral
nhà nhà nhà,neutral,neutral
không zingmp3,neutral,neutral
nghe không chán,neutral,neutral
top 1 thịnh hành luôn mn ơi,neutral,neutral
cortisol lower,neutral,neutral
nghe lần đầu chị ri chia sẻ cảm thấy hm nghe lần 2 nghiện luôn,praise,neutral
tết gần phải mở bài thật sự bài xứng đáng biểu tượng mới tết việt,neutral,neutral
173 top 1 trending rồi,neutral,neutral
mẹ không chê tên mẹ đặt tại thương bà,neutral,neutral
nghe,neutral,neutral
lời bh cực thêm mv max cảm động hi vọng nèo,neutral,neutral
em nghe ca khúc mình cảm thấy nhớ anh như chúng nói nhau thứ nhau vẽ tương la rồi em tin ngày anh suy nghỉ chúng bước tiếp nhé anh em không mong hơn chỉ chúng hiểu nhau nắm tay anh hết cuối cuộc đời thôi như thế,neutral,neutral
mn xem mv đức phúc để top1,neutral,neutral
vl luôn s không top trending v,neutral,neutral
bảo vệ không nhà,neutral,neutral
ba mẹ anh đen thật hả anh,neutral,neutral
bó tay không nghe thể loại đọc kiểu,neutral,neutral
cảm động anh,neutral,neutral
giọng hát sexy lôi cuốn cảm ơn em,neutral,neutral
vl,neutral,neutral
mv xuất sắc,neutral,neutral
fact she put low cortisol titl cute,neutral,neutral
xúc động muốn khóc ghê,criticism,neutral
tình yêu không chỉ thank you traigái thank you đối gia đình,praise,neutral
cứ nghe muốn mẹ,neutral,neutral
e thích cách phiêu you uơ a bài bài yêu nhau mong a tiếp tục phát huy,praise,neutral
năm nhà 2 lần tết hè nhà nhất,neutral,neutral
nhớ nhà ngoại,neutral,neutral
top,neutral,neutral
trai đẹp yêu nhau hết rồi ngược cẩu,praise,neutral
bộ đội năm nay ăn tết xa nhà,neutral,neutral
đổi tên mới ghê,criticism,neutral
năm tới tết nghe,neutral,neutral
bài ins ạ,neutral,neutral
yêu xa mệt trân trọng thời gian bên nhau hơn,praise,neutral
sắp hết 1 năm,neutral,neutral
nhức nách luôn,neutral,neutral
lower cortisol level,neutral,neutral
mẹ em chưa bao giờ thích rap bài đầu tiên mẹ em khen suốt ngày bảo em bật,praise,neutral
ca khúc ý nghĩa 3,neutral,neutral
thích nhất đen sơn tùng quân ap,praise,neutral
lấy top 1 mọi người ơi,neutral,neutral
bài hát thật ý nghĩa,neutral,neutral
nhà thui thèm cơm mẹ nấu rồi,neutral,neutral
hì mn cpi tết rồi,neutral,neutral
để cmt hi vọng năm 202 10 like 2021 cố ơi,neutral,neutral
hơn yêu lẽ thương,praise,neutral
giọng phúc ơi chúc em ngày càng bản hit nha,neutral,neutral
chào anh,neutral,neutral
valentina bật bài,neutral,neutral
thêm tết nữa không nhà ngày đặt mục tiêu năm ăn tết lần 3 tết trôi rồi,neutral,neutral
đỉnh nhạc việt ơi,praise,neutral
ny hỏi đưa em tuiem không chân,neutral,neutral
chó cực kì giống chú eít luôn,neutral,neutral
1 thôi,neutral,neutral
người việt nam thích người lào không người lào thích người việt nhà nhé,praise,neutral
2 vợ chồng giận nhau 3 ngày nay rồi chưa bao giờ 2 vãi giận lâu thế sợ xen gd nhỏ mình sợ cảm giác bỏ rơi lần nữa nghe bài thấy hp mình sợ buồn thêm,criticism,neutral
3 cặp đôi mv,neutral,neutral
trai đẹp bên nhau hết rồi mình chưa biết yêu,praise,neutral
anh đen,neutral,neutral
nghiện nha tia ơi,praise,neutral
al time low cortisol,neutral,neutral
fan đức phúc điểm danh nek,neutral,neutral
nhớ quê,neutral,neutral
vãi tia ơi mấy năm are nghe thấy ý,neutral,neutral
danc w friend schol rn,praise,neutral
đỉnh,praise,neutral
cún bảo bối erik mấy ông,neutral,neutral
high cortisol,neutral,neutral
anh yêu em không,praise,neutral
nghe không ạ chứ mình em cô đơn ạ,neutral,neutral
thick hai đôi đam mỹ,neutral,neutral
xứng đáng bài hát nhất 2020 lời đều chạm trái tim bất kỳ người xa quê,neutral,neutral
thời tới cản hk kịp chú đen ơi,neutral,neutral
hẹn 2026 thành công hơn,neutral,neutral
yêu chú đen quáa,praise,neutral
ບໍ່ວ່າຈະຟັງຈັກເທື່ອກໍມັກໃນເນື້ອຫາເລະmvເພງເຮັດໃຫ້ຂ້ອຍນ້ຳຕາຊຶມ,neutral,neutral
khóc,neutral,neutral
thật sự cảm động muốn khóc xem mv tuyệt vời,praise,neutral
vãi nghe hơn trăm lần không,neutral,neutral
cảm động,neutral,neutral
3k4 đứa dislike tai trâu,neutral,neutral
anh hát,neutral,neutral
xuất sắc ý nghĩa,neutral,neutral
omhagod origin ben long year song,neutral,neutral
bài ý nghĩa thích hợp để chàng trai hát để tỏ tình ngày lễ tình nhân,praise,neutral
low cortisol,neutral,neutral
nhạc tia chil,neutral,neutral
thích nhạc tia cực luôn tia cứ nhạc mình thích nha ủng hộ tia hết mình,praise,neutral
không chuyên môn không nói âm nhạc thực sự nghe ấm lòng bồi hồi mv thật sự thật sự ý nghĩa mang thông điệp khó tả bằng lời chỉ thể cảm nhận tiềm thức người,neutral,neutral
begin sucrib chanel,neutral,neutral
năm 2025 nghe không,neutral,neutral
xem bao nhiêu lần không nhớ lần xem nước mắt rơi cảm động mv,neutral,neutral
mới 3 ng xem,neutral,neutral
zai 35 tuổi thích bài ý bảo mẹ mở bài vui vui thỉnh thoảng muốn nghe ý bảo mẹ mở đường nhà,praise,neutral
e tự,neutral,neutral
4 năm rồi nghe nôn nao,neutral,neutral
lần đầu chú 1 củ l i không e,neutral,neutral
trời trời phong cách ăn mặc anh đỉnh,praise,neutral
dù cậu xấu như thế ik nữa chỉ cần tấm lòng cậu chân thật hiền hòa vui vẻ dễ mến luôn tươi cười mãi người như ngày nhé cậu chỉ cần cậu đọc hiểu đối hơn yêu nũa,praise,neutral
hơn,neutral,neutral
hạnh phúc nhà cô đơn nhà,neutral,neutral
vừa nghe tùng vừa nghe đen để không rớt t o p 2,neutral,neutral
mình bản cover nhé mn nghe mình nhận xet,neutral,neutral
năm 2020 1 năm buồn mất mát người nghệ sĩ thực sự yêu quý sau nỗi buồn năm 2020 1 năm đầy thành công luôn vui cười luôn yêu đời xúc động hàng loạt bài nhạc mắt đặc biệt năm nay chúng 1 bài tết nghe hoài không bao h chán 3,praise,neutral
nghe thấy hạnh phúc,neutral,neutral
tròn 1 năm bài hát anh vâu anh te chúc 2 anh thêm bài nx nhé,neutral,neutral
love song indonesia,praise,neutral
xem nước mắt chảy cảm thấy hạnh phúc xem mv thanks đức phúc ca khúc ý nghĩa,neutral,neutral
dù fa 23 năm xem mv cảm động khóc như nít luôn ý,neutral,neutral
nghe đeo tai nghe are hãy nghe,neutral,neutral
xem shark tank youtube shear ti a chúc tia thành công đam mê âm nhạc dòng nhạc riêng mình,praise,neutral
cảm ơn đức phúc bài hát ý nghĩa giúp mình thêm niềm tin real love hai năm trước mình nghe bài hát vừa mắt thời điểm sau chia tay người yêu mình khóc ngày hôm nay nghe mình khóc xúc động hạnh phúc mình thực sự tìm anh chúc tất mọi người đều tìm nửa thuộc mình luôn hạnh phúc an yên bên cạnh người mình yêu thương như chính nhân vật mv 3,praise,neutral
xa mẹ buồn đọng mắt ba chỉ nhắc mệt cứ nhà,criticism,neutral
sea alway make god song,neutral,neutral
3,neutral,neutral
sunsun yêu đức phúc lẽ hơn yêu,praise,neutral
ngày trước nói hơn yêu mình nam lớp giờ mọi thứ quan trọng nhất mình gia đình sự yêu thương cao hơn núi dài hơn sông mình hy vọng thể yêu hơn yêu 1 khác ngoài gia đình nữa,praise,neutral
thật sự thích giọng chị mong tài năng chị mọi người biết hơn tương lai thể cuộc thi chẳng hạn hope so,praise,neutral
video đen luôn mộc mạc đơn giản thấm,neutral,neutral
nghe bình yên,neutral,neutral
bài này em nghe mà em nghiện luôn á sẽ tiếp tục cày view anh,neutral,neutral
đen vâu đưa em trốn đưa justate nhà,neutral,neutral
2023 quay nghe không khí tết,neutral,neutral
mấy xa hát nữa bài khóc chắc luôn chúc mấy nhà,neutral,neutral
hãy yêu đừng sợ,neutral,neutral
hát không bằng justin bieber,neutral,neutral
chào 2025,neutral,neutral
năm nay covid em không quê em quê bình dương bình dương covid,neutral,neutral
top 14 music hàn quốc,neutral,neutral
vô vô ấm vô ý nghĩa,neutral,neutral
cảm giác bình yên,neutral,neutral
chợt nhận bài càng nghe càng thấy ý nghĩa,neutral,neutral
yêu hin béo,neutral,neutral
nhà không phải nơi bình yên để,neutral,neutral
vòng xoáy st jack chú đen sống khỏe tuyệt vời,praise,neutral
anh vượt qa đại dương bằng niềm tin nhé em hãy chờ vân vân,neutral,neutral
em ơi,neutral,neutral
nghe thì không đã thích,neutral,neutral
không chiêu trò đức phúc nổi trội,neutral,neutral
cảm xúc dân trào mv thếbiết ơn đức phúc nhá,neutral,neutral
cháu khóc rồi chú ạ cháu mới 13 tuổi thôi rung động đầu tiên,neutral,neutral
hải phòng a ơi,neutral,neutral
bài cực luôn ước người biết tới hơn,neutral,neutral
gần 1m like are,neutral,neutral
1 năm quay coi cj thả tim không không tui giận cj ó nha,neutral,neutral
nghe hình như mùi đam mỹ,neutral,neutral
đen x te đỉnh đỉnh,praise,neutral
phúc hát,neutral,neutral
chúc mn năm mới 2021 vui vẻ hạnh phúc gặp may mắn luôn trở ngôi nhà thân yêu,praise,neutral
202 7 ngày nữa rồi 3,neutral,neutral
nghe không,neutral,neutral
luôn,neutral,neutral
315 đam mỹ ạ,neutral,neutral
cám ơn anh mỹ đen pokie bear đứa mình bài hát,neutral,neutral
bài nghe hợp không khí bây giờ ghê,neutral,neutral
nghiện,praise,neutral
bài như dislike chỉ mấy bố fa thất tình thôi,neutral,neutral
bài tuyệt thật giai điệu nhẹ nhàng sâu lắng ý nghĩa,praise,neutral
thấy bản thu đám cưới duy mạnh hợp hơn câu chuyện bản gốc like,neutral,neutral
hí anhquá đỉnh anh ạ,neutral,neutral
tui cg tik tok,neutral,neutral
313 chơi pê đê,neutral,neutral
tại lại không có trấn thành và hari won nhỉ,neutral,neutral
troi oi,neutral,neutral
lời nhạc nhẹ nhàng sâu lắng anh ơi,neutral,neutral
sợ covid nhà,criticism,neutral
đẳng cấp vãi low cortisol,neutral,neutral
bat 125 nghe max phe,neutral,neutral
love you justa te giọng hát so cute đen chậm chậm lòng ngườisự kết hợp tuyệt vời,praise,neutral
06032021 nghe không v,neutral,neutral
tuyệt cảm động,praise,neutral
136 đám nói khó chiều thích gió trời hơn gió hòa,praise,neutral
mẹ ơi xuân không,neutral,neutral
anh đen vau,neutral,neutral
thật sự,neutral,neutral
low cortisol,neutral,neutral
stre go hear masterpiec,neutral,neutral
agn tachyon like,praise,neutral
đỉnh,praise,neutral
mv nhân văn,neutral,neutral
hôm nghe bài xong hôm nay đề nlxh trường gia đình nơi chúng thể trở sau vấp ngã thất bại,neutral,neutral
mixi love,praise,neutral
giọng hát phong cách tia nước ngoài tia ạchỉ nc ngoài mới cảm tia thôiviệt nam toàn nhạc thị trường không,neutral,neutral
cún erik cưng,neutral,neutral
ý nghĩa,neutral,neutral
1bài hát 1mv đẹp yêu mến 1đphuc mộc mạc chân thành không cần phải cầu kì phức tạp hơn,praise,neutral
đua em ba nha 5 nga 3 la nha luôn ý me luôn oi,neutral,neutral
phong tỏa ngồi nghe bài không nhỉ bình dương 2672021,neutral,neutral
sơn tùng anh luôn giữ kín tim a đen trả lời đường nhà tim,neutral,neutral
em đếm ngày để nhà mong dịch bệnh kiểm soát tốt để nước thể ăn tết bình an lòng tin tổ quốc mình,praise,neutral
dân fa,neutral,neutral
tết đúng 3 năm xa nhà rồi chỉ mong ngóng ngày thôi thế tự nhiên corona phải hoãn thêm năm nữa chỉ ace xa quê không kịp ăn tết mới gia đình mới hiểu cảm giác nhỉ cố tỏ mạnh mẽ yếu đuối mẹ,neutral,neutral
nhờ,neutral,neutral
like song im malaysia,praise,neutral
lần nghe bài cứ rương rương dòng lệ mình,neutral,neutral
26 tết rồi,neutral,neutral
tới trường,neutral,neutral
tia low cortisol efect ade low cortisol song titl,neutral,neutral
chưa tết nữa mình nghe mãi để động lực cố gắng nhà ba mẹ tết đầy đủ,neutral,neutral
reali ad low cortisol name,neutral,neutral
không có a tiến đạt chị hari nhỉ,neutral,neutral
9k người đăng ký are,neutral,neutral
zingmp3 ak,neutral,neutral
năm chưa nhà,neutral,neutral
thấy mình 1 like,neutral,neutral
ý chị trang lou anh tùng sơn kìa thần tượng 2 ổng bả lém,neutral,neutral
a đen ơi nghe cảm động luôn,neutral,neutral
thể loại nhạc hot,neutral,neutral
nhìn bức thư cuối muốn xe nhà luôn mẹ,neutral,neutral
muốn nhà không,neutral,neutral
tiếc cặp quang đăng thái trinh,neutral,neutral
sắp vượt mặt rồi mong hơn yêu trận iu phúc chịu khó cày hơn têu đứng top 2 tuần nek mn ơi,praise,neutral
xem lần e khóc,neutral,neutral
hết năm nữa rồi gia đình thôi mn ơi,neutral,neutral
đức phúc fa 24 năm,neutral,neutral
video gửi 1 thông điệp đừng bao giờ kì thị ng đồng giới giống chúng thôi người cần tình yêu hạnh phúc,praise,neutral
mv ý nghĩa,neutral,neutral
507 ku cậu vẻ cảm thấy không hạnh phúc,neutral,neutral
thực sự tuyệt vời,praise,neutral
tự nhiên muốn yêu,praise,neutral
quê thật nơi tuyệt vời nhà chúng đen,praise,neutral
đam mĩ mlem mlem,neutral,neutral
454 không bà hòa lầy cực không,neutral,neutral
không phải võ sĩ phải giỏi đấu đá 3,neutral,neutral
50tr view chúc mừng,neutral,neutral
nghe nhạc tai phết,neutral,neutral
thích cặp trường giang nhã phương ghe,praise,neutral
vẩn không quên quảng cáo winer x,neutral,neutral
không mp3 nhỉ,neutral,neutral
tết năm nay nhà rồi người nói m chỉ cần thôi chứ tiền bạc quan trọng không tiền tết chả biết ăn ngủ ngày tết năm nay mẹ,neutral,neutral
bài kiểu ráp xong hát âm vang giống bài hãy nghe lời mẹ châu kiệt luân ghê thích kiểu nhạc rap nghe ý nghĩa khúc nhạc nữa,neutral,neutral
uay ngủi thấy mùi đam,neutral,neutral
m5 nghe,neutral,neutral
bài hát video ý nghĩa,neutral,neutral
hơn 3,neutral,neutral
bài hát mv truyền cảm hứng người không tin,neutral,neutral
bài nội dung bài hát hình ảnh người hát đều chất lượng cực đức phúc 3,neutral,neutral
chời ơi lgbt zui rồi 3,neutral,neutral
dìa dia 1 bài nhạc không lộn xộn để ăn mừng ngày 1 triệu like luôn chú đen ơi chú rap thôi phải hứa nha,neutral,neutral
2024 không ạ mình tập đánh bài 1010 mê chữ ê kéo dài nha,neutral,neutral
không hiểu tui chơi quê bật bài cảm thấy,neutral,neutral
anh không biết anh yêu em như thế anh chỉ biết em anh thể hi sinh sinh mệnh mình,neutral,neutral
xúc động,neutral,neutral
bài hát đánh thẳng tâm lí người xa nhà,neutral,neutral
kicm muôn năm,neutral,neutral
bài hát em nghe nghiện rồi em nghe hoài không chắn,praise,neutral
bài,neutral,neutral
nghe mãi không chán lời,neutral,neutral
cặp đôi riêng lẽ loi mình,neutral,neutral
tròn năm thật kỉ niệm trôi,neutral,neutral
ăn trưa phút cơm tại 316,neutral,neutral
xem đoạn cuối khóc luôn mọi người,neutral,neutral
đức phúc đóng trog 30 chw phải tết xem không vai nhỏ nhưg đậm muối sương sương,neutral,neutral
em nghe chỉ muốn người yêu câu xanh hơn núi dài hơn sông cứ nghĩ ny,praise,neutral
17202 ngày đáng nhớ,neutral,neutral
fan bài đau,neutral,neutral
tớ mới cấp ba í tớ học xa nhà tớ nghe tớ tớ nhà thôi ạ,neutral,neutral
ultra cảm ơn anh ạ,neutral,neutral
ý nghĩa ạ khúc cuối ý nghĩa nhất luôn tuyệt vời,praise,neutral
thời gian trôi nhanh,praise,neutral
melbourne việt nam thôi,neutral,neutral
chang name wel lmao,neutral,neutral
chuẩn xách đồ ăn tết thôi,neutral,neutral
đổi thành low cortisol ln mak,neutral,neutral
muốn nhà ăn cơm mẹ,neutral,neutral
hóng bài đưa mp3 đừng ngại để like nè,neutral,neutral
true low cortisol song,neutral,neutral
a e rap chạy view a đen đichạy chạy sơn tùng jackcám ơn,neutral,neutral
nghiện bài rồi,praise,neutral
cok bn giống mk hk coi tới âu nổi da gà tới,neutral,neutral
nghe quài không chán luôn í,neutral,neutral
nước ngoài mình covid không nhà chú đen ơi nhớ nhà,neutral,neutral
cant understand anyth fel god,neutral,neutral
1422020 chính thức năm thứ 6 ngày cô gặp nhaucũng 6 năm mối tình đơn phương chính bản thân tạo dựng tuy bây giờ cô trai hạnh phúc chỉ mong lần cậu vô tình quay lớp hợp xưa vô tình ngồi bàn tớ cậu năm xin hãy dành khoảnh khắc để nhớ tớ người thương cậu không dám ngõ lời 3,praise,neutral
vừa nghe thấy thích rồihạnh phúc dù fa 23 năm,praise,neutral
dự kiến bài 4 tháng nữa đạt 10 m,neutral,neutral
fel cortisol lower watch video,neutral,neutral
tình yêu không phân biệt ngoại hình không phân biệt địa vị không phân biệt tuổi tác không phân biệt khoảng cách không phân biệt giới tính tình yêu đẹp nhất hoàng hảo nhất tình yêu chân thành nhất giành ng người,praise,neutral
hơn yêu em nghĩ nhìn thấy người mình yêu hạnh phúcluôn luôn mỉm cười,praise,neutral
em bồ bỏ rồi ki em buồn em mở nhạc chị,criticism,neutral
low cortisol thank song,neutral,neutral
mv mọi người ơi thấy không like nha,neutral,neutral
cày cày cày,neutral,neutral
mới 2 năm rồi,neutral,neutral
tự hào người việt nam chất giọng ấm áp lòng người như anh,neutral,neutral
cún bảo bối erik cơ yêu ghê cơ,neutral,neutral
hóng part2 ạ cô chú mình ơi,neutral,neutral
đủ mọi tình yêuđủ mọi lứa tuổi,neutral,neutral
true low cortisol,neutral,neutral
why e nhìu thu hơn yêu,praise,neutral
nghe chảy nước mắt,neutral,neutral
cuối năm nghe không năm 2024 chông gai khó khăn đối mình chúc mọi người năm 2025 tất trừ vất vả khó khăn nha,neutral,neutral
im fele hapi watch mv,neutral,neutral
đường nhà xa,neutral,neutral
karaoke v,neutral,neutral
đúng tâm trạng anh ơi,neutral,neutral
chúc anh năm mới thêm tuổi mới vạn sự như ý sức khỏe dồi dào tiền như nước an khang thịnh vượng gia đình hạnh phúc chúc mừng năm mới,neutral,neutral
ý nghĩa mọi ng,neutral,neutral
mai tết rồi mọi người ạ hết năm mong năm 202 việt nam chúng phát triển mạnh mẽ hơn nữa,neutral,neutral
giọng hát tan chảy tym,neutral,neutral
tình yêu ưtình yêu,praise,neutral
tik tok lượn wa nek3iu chị siu to khổng lồ luôn nek3,neutral,neutral
rap lời hát đều hết luôn á,neutral,neutral
đam mẽo kìa 3,neutral,neutral
agn tachyon own song,neutral,neutral
ẻ,neutral,neutral
top 1 rồi kìa,neutral,neutral
top 1 trending rồi,neutral,neutral
không hiểu xem mv khóc không biết,neutral,neutral
from vĩnh phúc xa lánh corona virut,neutral,neutral
bài hát tuyệt vời,praise,neutral
a ơi,neutral,neutral
bài hát lời ý nghĩa đp hát tình cảm,neutral,neutral
năm ngoái mình không nhà ăn tết mình nghe bài hát khóc dù buồn mấy gọi ba mẹ mình phải tỏ vui vẻ năm nay tình hình dịch phức tạp liệu mình nhà ăn tết không,praise,neutral
gia đình xìn ri nx tuyệt vời luôn,praise,neutral
hơn yêu thương lần xem mv mình khóc dù không thể nhau luôn mong người hạnh phúc,praise,neutral
134202 nghe không ạ,neutral,neutral
coi xúc động muốn khóc ghê,criticism,neutral
sky nghe nhạc đen,neutral,neutral
erik said kính nhỏ anh đeo 10tr mặt anh đấy,neutral,neutral
mv tuyệt bài hát,praise,neutral
bếp lửa,neutral,neutral
xem không,neutral,neutral
tuyệt vời mv a phúc ơi,praise,neutral
tg love 3,praise,neutral
thích bài,praise,neutral
năm mới binh an,neutral,neutral
bài chỉ thể khắc hưng đỉnh,praise,neutral
cortisol lower song peak,neutral,neutral
hoang gia bao,neutral,neutral
bài nghe tối luôn nghe nghe thấy thấy đúng like,neutral,neutral
bài hát dễ thương giai điệu bắt tai bài bài lưu số em người biết,praise,neutral
cô vít đéo nhà,neutral,neutral
triệu likes kìa,neutral,neutral
mọi người quê chưa ạ,neutral,neutral
nhớ,neutral,neutral
nhà tuyệt vời,praise,neutral
yêu chữ đơn giản như thế thôi cứ ngỡ tất bây giờ không phải yêu đơn thuần nữa cao hơn núi dài hơn sông rộng hơn đất xanh hơn trời tình cảm không thể diễn tả thời gian bao lâu không quan trọng miễn gặp yêu nhau tình yêu thể thầm lặng đủ lớn chỉ đôi khó nói thành lời chắc chắn người cảm nhận thôi,praise,neutral
1 triệu like mọi người,neutral,neutral
21062019 mình không hứa yêu hết cuộc đời mình dám đảm bảo mình yêu hết mình hết lòngtương lai không biết khó khăn hơn hiện tại không mình cố gắng hết sức vượt tính,praise,neutral
phiền mấy nhỏ đừng cmt kiểu top 1 top 2 xem để giúp người người giữ top ơn đừng cmt mv tới giờ ngày vừa nghe vừa đọc cmt người hoàn cảnh xa gia đình hôm nay đọc toàn thấy cmt vô vị thôi ơn,neutral,neutral
nghe nghe thấy 2 năm rồi,neutral,neutral
moá vch,neutral,neutral
dễ thương 3,praise,neutral
chú đen đoạn trúng đề văn câu 2 điểm cháu,neutral,neutral
top 1 mấy ngày rồi,neutral,neutral
wtf nhạc 2019 bây giờ hót,neutral,neutral
vừa c a why tùng vừa c why đen vâu,neutral,neutral
nhà luôn nhà bài hát ý nghĩa đúng thời điểm cảm ơn bro đen vâu,neutral,neutral
lấy chồng xa nghe bài đau lòng không,neutral,neutral
nhớ idol trời,neutral,neutral
bài hát trời luôn ý nghĩa,neutral,neutral
đường nhà lạc tym dẫu nắng mưa gần nhớ nhà nhớ bố mẹ ước nhà gần,neutral,neutral
quê em thạnh thất,neutral,neutral
3,neutral,neutral
0504 đêm em hiện giấc mơ anh anh chẳng biết thế nữa,neutral,neutral
chaochj,neutral,neutral
luôn mong ước dịch ổn mọi nhà đón tết bình an,neutral,neutral
không mp3 chán thế,neutral,neutral
thế lực kicm vượt đức phúc ae cày ae,neutral,neutral
xúc động xem mv ý nghĩa,neutral,neutral
chời ơi tình cảm lắng đọng tim,neutral,neutral
hẳn low cortisol song,neutral,neutral
khóc thật ông ạ,neutral,neutral
coi mv xúc động dã man không,neutral,neutral
ngày góp 2 view,neutral,neutral
hơn yêu không cần lời tỏ tình không cần câu đồng ý chưa nghe lời chối 2 đứa chỉ đứng hai bên đường nhìn nhau cười tít mắt chỉ thấy tim mình đập nhanh hơn yêu không cần câu nói tình cảm không cần cử chỉ yêu đương dù nắm tay chúng chỉ giây phút nhìn mắt nhau bối rối hơn yêu chúng cảm xúc nhau cuộc sống không phép chúng dành nhau nụ cười đủ hơn yêu cảm xúc thực sự nồng cháy quyết định giữ khoảng cách biết trước kết quả xin lỗi c,praise,neutral
cặp kết hợp bài ạ,neutral,neutral
trường giang nha phương kìa,neutral,neutral
low cortisol ah song,neutral,neutral
tình cờ nghe cảm xúc ngỡ như lần đầu tiên xúc động thật sự hình ảnh gia đình hiện như giấc mơ,neutral,neutral
swear one credit artist anymor al short use song song credit give hard find actual song,praise,neutral
gần 9k dislike chắc tụi thích la cà ngoài đường gần tết hơn nhà để đoàn viên nhỉ,praise,neutral
ngày 1812021 hôm nay ngày đẹp ngày mai ngày mới không phải lo mọi ng chung tay dập dịch xin corona mất dịch không thấy nữa đặc biệt ước sài gòn cáu tết thật vui đất nước i from to hue i live it,praise,neutral
năm nay nghe a đen nhé 3,neutral,neutral
nhìn cặp đôi cát tường hồng hạnh sức sống ghê nhất nữ,criticism,neutral
2892024 chỉ 123 ngày nữa tết rồi ae ơi,neutral,neutral
chỉ 2 tuần nữa nghỉ tết rồi,neutral,neutral
3 mới nghe 1 đoạn ghiền rồi như tui không,praise,neutral
chúc cặp đôi yêu nhau luôn tới nhau 3,praise,neutral
thích bài ghê không nuốt nổi giọng rap,neutral,neutral
đám cưới dmqa nhay sang,neutral,neutral
chúc năm202 đầu hạnh phúc,neutral,neutral
hiểu clip ý nghĩa thế không,neutral,neutral
tưởng tượng bài nhạc nổi 1 lần nx 1 meme low cortisol bên nc ngoài,neutral,neutral
chang low coristol song,neutral,neutral
sắp 10 triệu view rồi mình ơi,neutral,neutral
lần nghe bài thấy yêu đời hạnh phúc ghê,neutral,neutral
mv ý nhất tui nghe,neutral,neutral
mọi người gia định cha mẹ vế quê nhà mình không nhà gia đình không hạnh phúc biết tết nết ng xôm tụ sum vầy mình tết đơn giản chỉ ngày chủ nhật bình thường,neutral,neutral
bài nhạc kém,criticism,neutral
10đ,neutral,neutral
zing tuyệt vời,praise,neutral
anh ơi,neutral,neutral
ngây thơ,neutral,neutral
bài hát rõ cảnh rõ đẹp người hát lầy,praise,neutral
không biết đen lắp chụp pô không nhỉ chứ mình đéo care mấy,neutral,neutral
nghe xong muốn nhà,neutral,neutral
tự dưng xem chảy nước mắt đẹp,praise,neutral
helo ae việt nam,neutral,neutral
lần đầu tiên em nghe 1 bài hát nói tình yêu như như em biết thế hơn yêu rồi anh phúc chứng minh bằng mv anh sức lực anh cảm ơn anh hi vọng tốt đẹp anh không quên bảo vệ sức khoẻ anh nhé,praise,neutral
không ngờ ngày viral,neutral,neutral
năm đầu tiên xa nhà sg học năm chú phát hành mv xa quê phải tự thân sg hoa lệ thật luôn cảm giác lạc lõng nơi đất khách ngày học chạy cub nhỏ luôn lẩm nhẩm lời bài hát rồi bật khóc nức nở tủi nhớ nhà trường lao xã hội mới thấy trở thành người lớn đối đứa trẻ như thật sự khó thế mới thấm câu nói đứa trẻ háo hức muốn lớn hôm giờ biết thèm quay tháng ngày vô tư non dại bài hát như vỗ người xa quê cảm ơn chú bài hát ý nghĩa chúc mọi người nơi để trở nhà nơi ba mẹ,praise,neutral
tuyêt vời luôn,neutral,neutral
low cortisol uma,neutral,neutral
bài hát đức phúc ơi chúc e thành công hơn nữa,neutral,neutral
hây cô ơi tên hằng nha cô,neutral,neutral
1 tab thịnh hành rồi,neutral,neutral
2024 anh chị ơi nghe hong chứ gần tết rồi nghe tiếp nè 2025,neutral,neutral
absolut mythic pul song,neutral,neutral
t absolut cinema,neutral,neutral
mv ý nghĩa em a vừa kết hôn hơn tháng cám ơn âm nhạc e,neutral,neutral
coi xong bỗng dưng muốn người yêu,praise,neutral
bạch nguyệt quang mình không bh ngừng thích bài hát,neutral,neutral
nghe bài nhớ nhà,neutral,neutral
đường nhà tim dẫu nắng mưa gần xa thất bát vang danh nhà luôn chờ đường nhà tim dẫu muôn trùng vật đổi dời nhà luôn nhà về nhà ya lao đời và kiếm cơm lao đời tìm cơ hội những thành thị thường lấp lánh còn đêm thành thị thường trơ trọi như mọi đứa trẻ khác lớn muốn xa hoài xa hoài nhà yên đợi đứa ngoài bước ngoài mới biết không bằng nhà nhà biết để mất trước sẵn sàng mở quà mở quà không phải võ sĩ phải giỏi đấu đá kiệt sức chỉ gắng giữ mình không xấu xa đôi bỗng thấy đồng cảm mai an tiêm bước chân sóng gió chỉ nhà mãi an yên ngoài phức tạp như rễ má dây mơ dây mơ nhà để phép mình ngây thơ mang bao náo nức xe trọn niềm thao thức xuân níu đêm ngày dòng người phố mang sắc mai hương đào tìm nơi ấm êm đường nhà tim dẫu nắng mưa gần xa thất bát vang danh nhà luôn chờ đường nhà tim dẫu muôn trùng dẫu muôn trùng vật đổi dời vật đổi dời nhà luôn nhà ngôi nhà góc vườn chó gà đám nói khó chiều thích gió trời hơn gió hoà ah ăn cơm mẹ nấu mặc áo mẹ may đưa ba chợ mua cây đào cây mai bày năm trời rã rời như máy oh nhà thấy áp lực nhẹ như bấc thổi bay thổi cái là bay ấm êm hơn bếp lửa ngọt bùi hơn lúa non nhà luôn mong chờ đứa dẫu mưa nắng không bao giờ nề hà hạnh phúc chỉ đơn giản nhà oh hạnh phúc nhà cô đơn nhà thành công nhà thất bại nhà mệt nhà mông lung nhà chênh vênh nhà không nhà không nhà nhà nhà đường nhà tim dẫu nắng mưa gần xa thất bát vang danh nhà luôn chờ đường nhà tim dẫu muôn trùng vật đổi dời nhà luôn nhà nhà thể lớn thể nhỏ thể không khang trang cha mẹ muốn sống đàng hoàng lớn người mong tương lai sáng lạng cặm cụi đời không bao giờ thấy than vãn đường nhà tim dẫu nắng mưa gần xa thất bát vang danh nhà luôn chờ đường nhà tim dẫu muôn trùng vật đổi dời nhà luôn nhà,praise,neutral
cảm ơn anh đức phúc,neutral,neutral
vid âm nhạc anh tuyệt vời ạ,praise,neutral
nhạc anh đen nhẹ nhàng dễ nghe dễ thuộc like like,neutral,neutral
thế 1 năm nữa nhanh thật mới ngày 1212202,praise,neutral
f nghe bài thấy đau lòng ước bên cạnh hát bài nghe nỗi ngày,neutral,neutral
mh ước 1 kết viên mãn người mình yêu,praise,neutral
nước mắt rơi đức phúc hơn yêu,praise,neutral
mùng 1 âm,neutral,neutral
đúng cuộc đời chỉ cần giản đơn như đủ rồi cảm động mất á anh ơi anh hát đám cưới anh duy mạnh chị quyành anh thích rồi,praise,neutral
nghe chil thật sự,neutral,neutral
xúc động,neutral,neutral
nhờ bài rap mình mới dám nhà mình dính bẫy đa cấp quyết định không nghe bài rap đổi ý,neutral,neutral
nghiện đen,praise,neutral
lướt cm thấy nói j97 hiền lành kẻ khác lợi dụng khổ thân đức phúc hiền lành không lợi dụng mk nghĩ đức phúc thành công không lợi dụng chị mỹ tâm ekip chuyên nghiệp giỏi trợ lý giỏi quản lý giỏi thật đáng ngưỡng mộ mk fan đp stmtp j97,praise,neutral
lowest cortisol,neutral,neutral
giờ thích nghe,praise,neutral
nội dung mv giống bài hát honey im god anh,neutral,neutral
em nghe cuốn câu chữ lời hát luôn ý mắt cứ rưng rưng cảm thấy cuộc sống vôn chẳng hề tội tệ mức đấy hạnh phúc nho nhỏ tồn tại cảm ơn anh người phía sau mv dạt dào cảm xúc như 3,criticism,neutral
bước sang năm 2025 rồi chúc mn năm mới vui vẻ bình an ạa,praise,neutral
tuyệt vời,praise,neutral
insertgifagnestachyondancinglop,neutral,neutral
xem mv thấy buồn,criticism,neutral
1 năm nữa sắp trôi rồi năm nay thật sự khó khăn mong năm sau mình cố gắng hơn nữa ft mn nghe giờ thấy bồi hồi không ạ,neutral,neutral
chính thức trở thành fan,neutral,neutral
1m like rồi kìa,neutral,neutral
bài chil phết,neutral,neutral
nè,neutral,neutral
bài siêu d nghe mê nhất đoạn đường nhà tim,praise,neutral
mv anh phải đầu tư cặp đôi lăm nhờ,neutral,neutral
nghe xong nhớ nhà,neutral,neutral
cần 1 lý tuổi lồn lấy top 1 trending đức phúc đúng ôn,neutral,neutral
anh yêu em thế thôu,praise,neutral
video ý nghĩa a ơi huhu,neutral,neutral
và ý nghĩa thực tế nữa,neutral,neutral
056 low cortisol,neutral,neutral
thích lấy top 1 trending rồi,praise,neutral
chị tia compose catchy như ngày beat mastal produce khỏi bàn kakaka,neutral,neutral
đen bài đỉnh bài đấy,praise,neutral
đầu nghe tik tok tưởng bả ame,neutral,neutral
cortisol lower,neutral,neutral
mik thấy bài phát kênh hitv hanoicab1,neutral,neutral
thiếu a sìn chị hariwon 3 không mv phúc siêu đẹp rồi,criticism,neutral
không xuất hiện mv sơn tùng jack chắc nhà top 1 hết tết âm,neutral,neutral
lẽ hơn yêu,praise,neutral
meme asid song actuali god ngl lyric music tone first time listen vietnames song,neutral,neutral
nhớ nhà,neutral,neutral
thấy reaction mẹ mít khóc tr xem thử ngờ khóc luôn mv cảm động,neutral,neutral
nghe dưng dưng nước mắt vật lộn kiếm tiền năm muốn nhà,neutral,neutral
tình yêu anh luôn thầm lặng không nghĩa không rộng lớn chỉ đôi anh khó nói lời mong em hãy cảm nhận thôi hát đoạn nước mắt tuôn giọng ngẹn,praise,neutral
giai điệu nhẹ nhàng phiêu nghe thoải mái mệt mỏi áp lực chỉ muốn nghe nghe chục lần thôi,neutral,neutral
tập để mai hát ny nghe không đấy,neutral,neutral
2025 nhà,neutral,neutral
416 thiếu nhen đức phúc ế hehe đùa vui thôi nhé đừng ném đá nhe mn,neutral,neutral
không bk b thế chứ t khóc xem bài đp cảm ơn a mang 1 bài hát thật thật ý nghĩa,neutral,neutral
chúc mừng đức phúc 1 tab thịnh hành,neutral,neutral
hiện người nhật nghe mình để lời dịch nhé chúc nghe nhạc vui,praise,neutral
nghe quài không chán chời ơi mv đỉnh đỉnh luôn mãi yêu,praise,neutral
418 đức phúc độc thân,neutral,neutral
bài hát đầu tiên đen vâu đạt 1tr like xin chúc mừng đen vâu đồng âm,neutral,neutral
bài hát chị ơi chị,neutral,neutral
come meme stay actual divin song,neutral,neutral
gato gia đình clip ghe,neutral,neutral
hard time find song,neutral,neutral
bà lý vê lót,neutral,neutral
bài hát chỉ không nổi tiếng bằng ca sĩ hạng a viewcảm thấy bất công,neutral,neutral
mv tuyet voi luôn luôn ung ho duc phuc,neutral,neutral
dự mv thứ 3 cán mốc 10 triệu view đen,neutral,neutral
hôm nay ngày 2102023 mình vừa xem yêu lành s3 vietceteria mình ngồi khóc mình thích người mình không muốn thích mình thật may không thích mình như mình muốn tự bản thân mình thấy đau lòng mình trách ông trời tại mình vừa an phận độc thân mình gặp nhỉ thật biết trêu đùa mình bài hát mình nghe mong hát nghe người nhớ tới ngày thực tế mình mơ mộng giờ chút tia sáng le lói lẽ nghe người thương mình tương lai thôi thật sự nghe mình cảm thấy xoa dịu dù người xuất hiện không coi như mình đón nhận tình yêu đẹp thông bài hát người mình thích bây giờ mình trân trọng thời gian gặp nhìn thấy mong hát bài hát người duy nhất cuối đời chị thật sự mong em tìm tình yêu hạnh phúc bên người lần đầu tiên chị trạng thái thích tình cảm chị dành e đều thật lòng lẽ chị không niềm tin em thể chị xin lỗi phiền em cố tình chuyện khiến em phải né tránh chị mọi sự nhớ thương chị nói thật hết chị chưa bao giờ ý đùa giỡn em chị chỉ không muốn em phải thích chị thôi,praise,neutral
quang minh đức sang cp đôi thiệt ạ nhìn đẹp đôi mv anh phúc ơi,praise,neutral
xem xong tui muốn ny,neutral,neutral
anyon know phone rington hear god,neutral,neutral
cảm ơn dành 1 phần nhỏ mv lgbtwith love,neutral,neutral
đen vâu thác loạn giác ngộ,neutral,neutral
thông điệp trái tim luôn chạm tới trái tim 3,neutral,neutral
306 ngôi nhà phim anh trai yêu quái nè,praise,neutral
aw coi mv khóc khóc anh ơi,neutral,neutral
đuc phuc 3,neutral,neutral
lần xem anh đen vâu nhớ bác mình,neutral,neutral
cực phẩm,neutral,neutral
xem xem,neutral,neutral
justate nhìn đáng yêu ghê,neutral,neutral
sắp đạt cột mốc 10m luôn rồi chúc mừng chú đen fan nhé 3 from denvau with love 3,neutral,neutral
yêu thật sự,praise,neutral
hóa bài lâu thế rồi á xincamon tachyon,neutral,neutral
hiện tại bài hát dẫn đầu tại việt nam sky đóm phải công nhận sơn tùng jack thua người đàn ông đen vâu jt,criticism,neutral
đọc bức thư cuối vid không nhỉ mình đọc are cảm thấy đáng yêu thế nhở,neutral,neutral
xa nhà lâu rồi lần nghe thấy nhớ nhà,neutral,neutral
56074 chỉ nói v thôi ae tự hiểu,neutral,neutral
em coi khóc luôn,neutral,neutral
ngày tết nghe mấy bài hát như ấm áp hẳn,neutral,neutral
cứ nghe khóc,neutral,neutral
đọc câu cuối thư mẹ anh đen chợt rơi nước mắt ước em chạy vèo ôm mẹ mẹ nuôi,neutral,neutral
cảm ơn đen vâu bài mình xúc động năm nay nữa 7 tết xa nhà rồi,neutral,neutral
giọng anh phúc ấm,neutral,neutral
dù thấy bình luận không mình mong luôn khoẻ mạnh mùa dịch bệnh 3,neutral,neutral
3122024 điểm danh ae nghe,neutral,neutral
202 rồi nghe cảm giác rưng rưng nhìn thấy hạnh phúc cảm ơn phúc nhìu nhìu bài hát tuyệt vời ạ,praise,neutral
015 31122021 rồi chúc mn đọc coment may mắn hơn năm 202 nhé hapy new year 3 nhạc đen mãi chất,neutral,neutral
giọng hát nghe muốn tan chảy d,neutral,neutral
tự hứa bản thân 3 năm nữa không yêu xem xong mv thấy rung rinh,neutral,neutral
search low cortisol im,neutral,neutral
4 tết xa nhà nghe bài nhớ nhà da diết,neutral,neutral
xá,neutral,neutral
tình yêu đơn giản như vây thôi,praise,neutral
mv vừa cute vừa cảm động,neutral,neutral
xin inf tai nghe,neutral,neutral
2025 are nghe cảm xúc như lần đầu,neutral,neutral
em thề em nhìn thấy anh mặc áo tím đấy giống cây atm luôn,neutral,neutral
phúc ơithích chú tính thật thà khờ khờ,neutral,neutral
12 anh justate cảm thấy bế tắc,neutral,neutral
ngồi ôto ghe nhạc đen vâu max loa tuyệt vời như không,praise,neutral
binz nói chỉ cần đoạn không bài hát justate mọi thứ đều trở hoàn hảo luôn đúng thấy chú đen colab justate hợp luôn,neutral,neutral
không bằng nhà,neutral,neutral
mong năm nay 2 anh hợp tác nhau nhạc,neutral,neutral
uầy h nghe không,neutral,neutral
come tik tok,neutral,neutral
cuối tháng 1 rồi sắp tết sắp hết năm rồichỉ mong dịch bệnh nhanh để mọi người quây quần sum họp gia đình mình bố mẹ gói bánh chưng cúng mâm cơm đêm giao thừa xem pháo hoa thời khắc chuyển giao xem táo quân đêm 30hơn ngày đều biết ơn mình khoẻ mạnh nhà để mệt mỏi cuộc sống xô bồ nhà xin hãy vun vén yêu thương trọn vẹn nhé,praise,neutral
không vàođi nhà,neutral,neutral
mọi người đặt vé xe tết 2024 chưa,neutral,neutral
10tr view thôi nèo,neutral,neutral
quảng yêu mai,praise,neutral
em mong em anh thật lâu thật lâu lâu nhất thể anh nhé em không chắc chúng mãi mãi hiện tại e chắc chắn em yêu anh e cố gắng nhất thể chúng hiện tại sau,neutral,neutral
tết gần nghe giai điệu vang lòng thấy rộn ràng náo nức luôn bao ngày bươn trải nơi phố thị mong nhà rồi,neutral,neutral
nè,neutral,neutral
ý nghĩa anh đen,neutral,neutral
t luôn thắc mắc tại lượt like không bằng lượt sub nhỉ,neutral,neutral
thật ý nghĩa,neutral,neutral
tuyệt vời đỏm luôn nha ah,praise,neutral
finali learn vietnames word,neutral,neutral
sắp tết rồi nghe nhạc anh đen vâu anh như nữa háo hức,neutral,neutral
muốn nhàmuốn sài gòn,neutral,neutral
tạm biệt năm đầy chông gai 31122021,neutral,neutral
low cortisol ah peak song,neutral,neutral
triệu like rồi nhà like triệu like để triệu like,neutral,neutral
mưa gió,neutral,neutral
em biết bài hát ha 134,neutral,neutral
anh bài ấm lòng hết trơn em chúc anh luôn giữ giọng hát ấm áp thêm bài hơn nữa,neutral,neutral
thật,neutral,neutral
ủng hộ thằng em kẹo kéo giang ca mv tuyệt vời,praise,neutral
đức phúc cưới vk hát bài cực luôn trịu like,neutral,neutral
nhạc chị ơi,neutral,neutral
yêu cặp đôi nghe,praise,neutral
helu gần tết rồi ae ơi,neutral,neutral
a đen ơi,neutral,neutral
hãy,neutral,neutral
bản nhạc tết,neutral,neutral
mình bước 2 rồi mới quay bước 1 thích nhạc tia lâu rồi mv click liền giai điệu bài dễ gây nghiện luôn chờ sp tiếp,praise,neutral
low cortisol hors,neutral,neutral
thật ý nghĩa,neutral,neutral
low cortisol,neutral,neutral
from bình dương with love,neutral,neutral
sắp hết năm rồi chúc anh đen vâu khoẻ mạnh bài như nựa nha nghe nôn tết ghê á,criticism,neutral
động lực tiến,neutral,neutral
one love home alon hapen move,praise,neutral
15t kì nghỉ khỉ cấp 3 cậu chủ động nhắn mình cảm giác tiền nhắn tin tâm sự bla bla gái thích thực sự cậu xinh cậu tỏ tình mình bối rối khoái nắm 16t cậu quan tâm lo lắng mình cãi vã giận dỗi đều cậu khóc nhưg cậu yêu mình cảm ơn cậu nghỉ hè lớp 12 mình cậu trc đấy vui vẻ biết bao nghỉ hè n buồn chán bấy nhiêu cậu chỉ học học học mình ăn ngủ ngày chỉ nc nhau dăm ba câu cậu ng tỏ tình ng ct mình nói mình không quan tâm cậu lần đầu biết cảm giác ct buồn như nỗi buồn cao hơn núi dài hơn sông rộng hơn đất xanh hơn trời đau nắm 18122017872019 567 ngày tình yêu tuổi 17 yêu lớp cửng cửng hình ng avt mình nè mình quên mẹ cách đổi avt rồi,praise,neutral
